kind	enum	name	first_tag	last_tag	first_tag_without	absent_at_tags_between	same_name_ignoring_case_now	value_now_in_enums	in_deprecated_yaml	removed_by_commit	pr	merge_subject	commit_subjects
classes		Activity	v7.0.0	v10.9.1	v11.0.0					b2fe19945	2195	Merge pull request #2195 from microbiomedata/resolve-merge-conflict-in-nmdc.py	remove Activity from prov.yaml
classes		AnalyticalSample	v7.1.0	v10.9.1	v11.0.0					b2fe19945	2195	Merge pull request #2195 from microbiomedata/resolve-merge-conflict-in-nmdc.py	remove AnalyticalSample class from schema
classes		AnonymousInstrument	v9.2.0	v9.3.1	v9.3.2					630f879e1	1468	Merge pull request #1468 from microbiomedata/1380-create-extractionprocess-class	with extraction solution modeling
classes		BiosampleProcessing	v7.0.0	v10.9.1	v11.0.0					b2fe19945	2195	Merge pull request #2195 from microbiomedata/resolve-merge-conflict-in-nmdc.py	problem tests remain | delete BiosampleProcessing
classes		BooleanValue	v7.0.0	v10.9.1	v11.0.0					b2fe19945	2195	Merge pull request #2195 from microbiomedata/resolve-merge-conflict-in-nmdc.py	comment out unused AttributeValues | seperate module for AttributeValues
classes		ChemicalEntity	v7.0.0	v11.12.1	v11.13.0				yes	3dfa1d265	2667	Merge pull request #2667 from microbiomedata/2325-move-deprecated-chemicalentity-class-into-the-deprecationyaml-after-the-1140-release	Deprecating ChemicalEntity
classes		DataGeneratingInstrument	v9.2.0	v9.3.1	v9.3.2					630f879e1	1468	Merge pull request #1468 from microbiomedata/1380-create-extractionprocess-class	with extraction solution modeling
classes		DissolvingActivity	v7.0.0	v9.3.1	v9.3.2					630f879e1	1468	Merge pull request #1468 from microbiomedata/1380-create-extractionprocess-class	with extraction solution modeling
classes		EnvironmentalMaterialTerm	v7.0.0	v11.17.0-rc.2	v11.17.0-rc.3				yes	7f4b1b358	2827	Merge pull request #2827 from microbiomedata/2826_move_abandoned_deprecated_slots	Moves deprecated elements per deprecation guide Closes #2826 and Closes #2725
classes		InstrumentMixin	v9.2.0	v9.3.1	v9.3.2					630f879e1	1468	Merge pull request #1468 from microbiomedata/1380-create-extractionprocess-class	with extraction solution modeling
classes		InstrumentValue	v7.6.2	v9.1.0	v9.2.0					82115c753	1332	Merge pull request #1332 from microbiomedata/1331-delete-all-instrumentdevice-classes-and-start-over-distinguishing-between-namedanonymous	start by removing LabDevice, Instrument and InstrumentValue
classes		IntegerValue	v7.0.0	v10.9.1	v11.0.0					b2fe19945	2195	Merge pull request #2195 from microbiomedata/resolve-merge-conflict-in-nmdc.py	comment out unused AttributeValues | seperate module for AttributeValues
classes		LabDevice	v7.0.0	v9.1.0	v9.2.0					82115c753	1332	Merge pull request #1332 from microbiomedata/1331-delete-all-instrumentdevice-classes-and-start-over-distinguishing-between-namedanonymous	start by removing LabDevice, Instrument and InstrumentValue
classes		MAG bin	1.0.0	v6.0.4	v7.0.0		classes:MagBin			f8e267ac1	457	Merge pull request #457 from microbiomedata/issue-456-lint-names	linted class names
classes		MAGs analysis activity	1.0.0	v6.0.4	v7.0.0					f8e267ac1	457	Merge pull request #457 from microbiomedata/issue-456-lint-names	linted class names
classes		MagsAnalysisActivity	v7.0.0	v10.9.1	v11.0.0					b2fe19945	2195	Merge pull request #2195 from microbiomedata/resolve-merge-conflict-in-nmdc.py	Update FailureWhereEnum to reflect new class names | revert core.yaml and basic_classes.yaml | create migrator and schema changes to remove used slot | portal enums | make modules independent, as determiend by owl generation | change MagsAnalysisActivity to MagsAnalysis
classes		MaterialContainer	v7.0.0	v9.3.1	v9.3.2					630f879e1	1468	Merge pull request #1468 from microbiomedata/1380-create-extractionprocess-class	with extraction solution modeling
classes		MaterialSample	v7.0.0	v9.3.1	v9.3.2					630f879e1	1468	Merge pull request #1468 from microbiomedata/1380-create-extractionprocess-class	with extraction solution modeling
classes		MaterialSamplingActivity	v7.0.0	v9.3.1	v9.3.2					630f879e1	1468	Merge pull request #1468 from microbiomedata/1380-create-extractionprocess-class	with extraction solution modeling
classes		MetaboliteQuantification	v7.0.0	v10.9.1	v11.0.0					b2fe19945	2195	Merge pull request #2195 from microbiomedata/resolve-merge-conflict-in-nmdc.py	make fixes
classes		MetabolomicsAnalysisActivity	v7.0.0	v10.9.1	v11.0.0					b2fe19945	2195	Merge pull request #2195 from microbiomedata/resolve-merge-conflict-in-nmdc.py	change MetabolomicsAnalysisActivity to MetabolomicsAnalysis
classes		MetagenomeAnnotationActivity	v7.0.0	v10.9.1	v11.0.0					b2fe19945	2195	Merge pull request #2195 from microbiomedata/resolve-merge-conflict-in-nmdc.py	Update FailureWhereEnum to reflect new class names | revert core.yaml and basic_classes.yaml | create migrator and schema changes to remove used slot | portal enums | make modules independent, as determiend by owl generation | change MetagenomeAnnotationActivity to MetagenomeAnnotation
classes		MetagenomeSequencing	v11.0.0	v11.9.2-rc2	v11.10.0-rc.1				yes	d6dbc5f87	2579	Merge pull request #2579 from microbiomedata/1261-complete-phase-2-of-deprecation-for-nmdcmetagenomesequencing	deprecating MetagenomeSequencing class
classes		MetagenomeSequencingActivity	v7.4.5	v10.9.1	v11.0.0					b2fe19945	2195	Merge pull request #2195 from microbiomedata/resolve-merge-conflict-in-nmdc.py	change MetagenomeSequencingActivity to MetagenomeSequencing
classes		MetaproteomicsAnalysisActivity	v7.0.0	v10.9.1	v11.0.0					b2fe19945	2195	Merge pull request #2195 from microbiomedata/resolve-merge-conflict-in-nmdc.py	change MetaproteomicsAnalysisActivity to MetaproteomicsAnalysis
classes		MetatranscriptomeActivity	v7.0.0	v10.5.6	v10.6.0					874c06efd	2117	Merge pull request #2117 from microbiomedata/2116-update-description-of-metatranscriptomeactivity-to-make-it-specific-to-the-expression-activity	Adding workflow exeuction related slots and permissbile enums for metatranscriptomes
classes		MetatranscriptomeAnnotationActivity	v7.0.0	v10.9.1	v11.0.0					b2fe19945	2195	Merge pull request #2195 from microbiomedata/resolve-merge-conflict-in-nmdc.py	change MetatranscriptomeAnnotationActivity to MetatranscriptomeAnnotation
classes		NomAnalysisActivity	v7.0.0	v10.9.1	v11.0.0					b2fe19945	2195	Merge pull request #2195 from microbiomedata/resolve-merge-conflict-in-nmdc.py	change NomAnalysisActivity to NomAnalysis
classes		OmicsProcessing	v7.0.0	v10.9.1	v11.0.0					b2fe19945	2195	Merge pull request #2195 from microbiomedata/resolve-merge-conflict-in-nmdc.py	Update FailureWhereEnum to reflect new class names | revert core.yaml and basic_classes.yaml | create migrator and schema changes to remove used slot | portal enums | make modules independent, as determiend by owl generation | #1515 omicsproc -> datagen
classes		Pathway	v7.0.0	v11.17.0-rc.2	v11.17.0-rc.3				yes	7f4b1b358	2827	Merge pull request #2827 from microbiomedata/2826_move_abandoned_deprecated_slots	Moves deprecated elements per deprecation guide Closes #2826 and Closes #2725
classes		PeptideQuantification	v7.0.0	v11.2.0	v11.2.1				yes	7c5efe575	2272	Merge pull request #2272 from microbiomedata/2257_deprecation_post_11_1	Move deprecated elements from previous release to deprecated yaml
classes		PersonValue	v7.0.0	v11.23.0	v11.24.0				yes	fb68d9e54	3385	Merge pull request #3385 from microbiomedata/3375-agent-organizationvalue	Rename PersonValue in schema
classes		ProteinQuantification	v7.0.0	v11.2.0	v11.2.1				yes	7c5efe575	2272	Merge pull request #2272 from microbiomedata/2257_deprecation_post_11_1	Move ProteinQuantificaiton to deprecated yaml | Move deprecated elements from previous release to deprecated yaml
classes		ProtocolExecution	v11.0.0	v11.5.0	v11.5.1				yes	65765641f	2359	Merge pull request #2359 from microbiomedata/2337-move-protocolexecution-to-deprecatedyaml-after-the-next-release-1140	move protocolexecution info to deprecated see pr2338
classes		QualityControlReport	v7.6.0	v9.3.2	v10.0.0					03e267e15	1428	Merge pull request #1428 from microbiomedata/1427-try-to-fix-qc-report-pr-1334-in-new-branch	Update nmdc.yaml | everything workigne except rules and enums | works because everthing is commented out
classes		Reaction	v7.0.0	v10.9.1	v11.0.0					b2fe19945	2195	Merge pull request #2195 from microbiomedata/resolve-merge-conflict-in-nmdc.py	renamed Reaction to BiochemicalReaction
classes		ReactionActivity	v7.0.0	v9.3.1	v9.3.2					630f879e1	1468	Merge pull request #1468 from microbiomedata/1380-create-extractionprocess-class	with extraction solution modeling
classes		ReactionParticipant	v7.0.0	v10.9.1	v11.0.0					b2fe19945	2195	Merge pull request #2195 from microbiomedata/resolve-merge-conflict-in-nmdc.py	delete all Reaction only elements
classes		ReadBasedTaxonomyAnalysisActivity	v7.0.0	v10.9.1	v11.0.0					b2fe19945	2195	Merge pull request #2195 from microbiomedata/resolve-merge-conflict-in-nmdc.py	Update FailureWhereEnum to reflect new class names | revert core.yaml and basic_classes.yaml | create migrator and schema changes to remove used slot | portal enums | make modules independent, as determiend by owl generation | change ReadBasedTaxonomyAnalysisActivity to ReadBasedTaxonomyAnalysis
classes		ReadQcAnalysisActivity	v7.0.0	v10.9.1	v11.0.0					b2fe19945	2195	Merge pull request #2195 from microbiomedata/resolve-merge-conflict-in-nmdc.py	Update FailureWhereEnum to reflect new class names | revert core.yaml and basic_classes.yaml | create migrator and schema changes to remove used slot | portal enums | make modules independent, as determiend by owl generation | change ReadQcAnalysisActivity to ReadQcAnalysis
classes		Solution	v9.3.0	v10.9.1	v11.0.0					b2fe19945	2195	Merge pull request #2195 from microbiomedata/resolve-merge-conflict-in-nmdc.py	removed mixture, solution, etc. | minimal functional chemical_converion_process.yaml
classes		SolutionComponent	v9.3.0	v10.9.1	v11.0.0					b2fe19945	2195	Merge pull request #2195 from microbiomedata/resolve-merge-conflict-in-nmdc.py	builds due to bypassed test and examples | minimal functional chemical_converion_process.yaml
classes		UrlValue	v7.0.0	v10.9.1	v11.0.0					b2fe19945	2195	Merge pull request #2195 from microbiomedata/resolve-merge-conflict-in-nmdc.py	comment out unused AttributeValues | seperate module for AttributeValues
classes		WorkflowExecutionActivity	v7.0.0	v10.9.1	v11.0.0					b2fe19945	2195	Merge pull request #2195 from microbiomedata/resolve-merge-conflict-in-nmdc.py	change WorkflowExecutionActivity to WorkflowExecution
classes		activity	1.0.0	v6.0.4	v7.0.0					f8e267ac1	457	Merge pull request #457 from microbiomedata/issue-456-lint-names	linted class names
classes		agent	1.0.0	v6.0.4	v7.0.0		classes:Agent			f8e267ac1	457	Merge pull request #457 from microbiomedata/issue-456-lint-names	linted class names
classes		attribute value	1.0.0	v6.0.4	v7.0.0		classes:AttributeValue			f8e267ac1	457	Merge pull request #457 from microbiomedata/issue-456-lint-names	linted class names
classes		biosample	1.0.0	v6.0.4	v7.0.0		classes:Biosample			f8e267ac1	457	Merge pull request #457 from microbiomedata/issue-456-lint-names	linted class names
classes		biosample processing	1.0.0	v6.0.4	v7.0.0					f8e267ac1	457	Merge pull request #457 from microbiomedata/issue-456-lint-names	linted class names
classes		boolean value	1.0.0	v6.0.4	v7.0.0					f8e267ac1	457	Merge pull request #457 from microbiomedata/issue-456-lint-names	linted class names
classes		chemical entity	1.0.0	v6.0.4	v7.0.0					f8e267ac1	457	Merge pull request #457 from microbiomedata/issue-456-lint-names	linted class names
classes		controlled term value	1.0.0	v6.0.4	v7.0.0		classes:ControlledTermValue			f8e267ac1	457	Merge pull request #457 from microbiomedata/issue-456-lint-names	linted class names
classes		credit association	1.0.0	v6.0.4	v7.0.0		classes:CreditAssociation			f8e267ac1	457	Merge pull request #457 from microbiomedata/issue-456-lint-names	linted class names
classes		data object	1.0.0	v6.0.4	v7.0.0		classes:DataObject			f8e267ac1	457	Merge pull request #457 from microbiomedata/issue-456-lint-names	linted class names
classes		database	1.0.0	v6.0.4	v7.0.0		classes:Database			f8e267ac1	457	Merge pull request #457 from microbiomedata/issue-456-lint-names	linted class names
classes		environmental material term	1.0.0	v6.0.4	v7.0.0					f8e267ac1	457	Merge pull request #457 from microbiomedata/issue-456-lint-names	linted class names
classes		functional annotation	1.0.0	v6.0.4	v7.0.0		classes:FunctionalAnnotation			f8e267ac1	457	Merge pull request #457 from microbiomedata/issue-456-lint-names	linted class names
classes		functional annotation term	1.0.0	v6.0.4	v7.0.0		classes:FunctionalAnnotationTerm			f8e267ac1	457	Merge pull request #457 from microbiomedata/issue-456-lint-names	linted class names
classes		gene product	1.0.0	v6.0.4	v7.0.0		classes:GeneProduct			f8e267ac1	457	Merge pull request #457 from microbiomedata/issue-456-lint-names	linted class names
classes		genome feature	1.0.0	v6.0.4	v7.0.0		classes:GenomeFeature			f8e267ac1	457	Merge pull request #457 from microbiomedata/issue-456-lint-names	linted class names
classes		geolocation value	1.0.0	v6.0.4	v7.0.0		classes:GeolocationValue			f8e267ac1	457	Merge pull request #457 from microbiomedata/issue-456-lint-names	linted class names
classes		image value	1.0.0	v6.0.4	v7.0.0		classes:ImageValue			f8e267ac1	457	Merge pull request #457 from microbiomedata/issue-456-lint-names	linted class names
classes		instrument	1.0.0	v6.0.4	v7.0.0		classes:Instrument			f8e267ac1	457	Merge pull request #457 from microbiomedata/issue-456-lint-names	linted class names
classes		integer value	1.0.0	v6.0.4	v7.0.0					f8e267ac1	457	Merge pull request #457 from microbiomedata/issue-456-lint-names	linted class names
classes		metabolite quantification	1.0.0	v6.0.4	v7.0.0					f8e267ac1	457	Merge pull request #457 from microbiomedata/issue-456-lint-names	linted class names
classes		metabolomics analysis activity	1.0.0	v6.0.4	v7.0.0					f8e267ac1	457	Merge pull request #457 from microbiomedata/issue-456-lint-names	linted class names
classes		metagenome annotation activity	1.0.0	v6.0.4	v7.0.0					f8e267ac1	457	Merge pull request #457 from microbiomedata/issue-456-lint-names	linted class names
classes		metagenome assembly	1.0.0	v6.0.4	v7.0.0		classes:MetagenomeAssembly			f8e267ac1	457	Merge pull request #457 from microbiomedata/issue-456-lint-names	linted class names
classes		metaproteomics analysis activity	1.0.0	v6.0.4	v7.0.0					f8e267ac1	457	Merge pull request #457 from microbiomedata/issue-456-lint-names	linted class names
classes		metatranscriptome activity	1.0.0	v6.0.4	v7.0.0					f8e267ac1	457	Merge pull request #457 from microbiomedata/issue-456-lint-names	linted class names
classes		metatranscriptome annotation activity	1.0.0	v6.0.4	v7.0.0					f8e267ac1	457	Merge pull request #457 from microbiomedata/issue-456-lint-names	linted class names
classes		metatranscriptome assembly	1.0.0	v6.0.4	v7.0.0		classes:MetatranscriptomeAssembly			f8e267ac1	457	Merge pull request #457 from microbiomedata/issue-456-lint-names	linted class names
classes		named thing	1.0.0	v6.0.4	v7.0.0		classes:NamedThing			f8e267ac1	457	Merge pull request #457 from microbiomedata/issue-456-lint-names	linted class names
classes		nom analysis activity	1.0.0	v6.0.4	v7.0.0					f8e267ac1	457	Merge pull request #457 from microbiomedata/issue-456-lint-names	linted class names
classes		omics processing	1.0.0	v6.0.4	v7.0.0					f8e267ac1	457	Merge pull request #457 from microbiomedata/issue-456-lint-names	linted class names
classes		ontology class	1.0.0	v6.0.4	v7.0.0		classes:OntologyClass			f8e267ac1	457	Merge pull request #457 from microbiomedata/issue-456-lint-names	linted class names
classes		orthology group	1.0.0	v6.0.4	v7.0.0		classes:OrthologyGroup			f8e267ac1	457	Merge pull request #457 from microbiomedata/issue-456-lint-names	linted class names
classes		pathway	1.0.0	v6.0.4	v7.0.0					f8e267ac1	457	Merge pull request #457 from microbiomedata/issue-456-lint-names	linted class names
classes		peptide quantification	1.0.0	v6.0.4	v7.0.0					f8e267ac1	457	Merge pull request #457 from microbiomedata/issue-456-lint-names	linted class names
classes		person	1.0.0	v6.0.4	v7.0.0		classes:Person			f8e267ac1	457	Merge pull request #457 from microbiomedata/issue-456-lint-names	linted class names
classes		person value	1.0.0	v6.0.4	v7.0.0					f8e267ac1	457	Merge pull request #457 from microbiomedata/issue-456-lint-names	linted class names
classes		protein quantification	1.0.0	v6.0.4	v7.0.0					f8e267ac1	457	Merge pull request #457 from microbiomedata/issue-456-lint-names	linted class names
classes		quantity value	1.0.0	v6.0.4	v7.0.0		classes:QuantityValue			f8e267ac1	457	Merge pull request #457 from microbiomedata/issue-456-lint-names	linted class names
classes		reaction	1.0.0	v6.0.4	v7.0.0					f8e267ac1	457	Merge pull request #457 from microbiomedata/issue-456-lint-names	linted class names
classes		reaction participant	1.0.0	v6.0.4	v7.0.0					f8e267ac1	457	Merge pull request #457 from microbiomedata/issue-456-lint-names	linted class names
classes		read QC analysis activity	1.0.0	v6.0.4	v7.0.0					f8e267ac1	457	Merge pull request #457 from microbiomedata/issue-456-lint-names	linted class names
classes		read based analysis activity	1.0.0	v6.0.3	v6.0.4					51f821e8d	405	Merge pull request #405 from microbiomedata/hubin-keio-patch-1	renamed read based analysis activity
classes		read based taxonomy analysis activity	v6.0.4	v6.0.4	v7.0.0					f8e267ac1	457	Merge pull request #457 from microbiomedata/issue-456-lint-names	linted class names
classes		study	1.0.0	v6.0.4	v7.0.0		classes:Study			f8e267ac1	457	Merge pull request #457 from microbiomedata/issue-456-lint-names	linted class names
classes		text value	1.0.0	v6.0.4	v7.0.0		classes:TextValue			f8e267ac1	457	Merge pull request #457 from microbiomedata/issue-456-lint-names	linted class names
classes		timestamp value	1.0.0	v6.0.4	v7.0.0		classes:TimestampValue			f8e267ac1	457	Merge pull request #457 from microbiomedata/issue-456-lint-names	linted class names
classes		url value	1.0.0	v6.0.4	v7.0.0					f8e267ac1	457	Merge pull request #457 from microbiomedata/issue-456-lint-names	linted class names
classes		workflow execution activity	1.0.0	v6.0.4	v7.0.0					f8e267ac1	457	Merge pull request #457 from microbiomedata/issue-456-lint-names	linted class names
enums		AnalyteCategoryEnum	v11.0.0	v11.2.1	v11.3.0rc1				yes	4b01a3719	2249	Merge pull request #2249 from microbiomedata/2154-berkeley-breakdown-analytecategoryenum-into-types-allowable-for-nucleotidesequencing-and-massspectrometry	Update basic_slots.yaml
enums		CompoundEnum	v9.3.0	v10.9.1	v11.0.0					b2fe19945	2195	Merge pull request #2195 from microbiomedata/resolve-merge-conflict-in-nmdc.py	builds due to bypassed test and examples | minimal functional chemical_converion_process.yaml
enums		ContainerTypeEnum	v7.0.0	v9.1.0	v9.2.0					7568fa849	1326	Merge pull request #1326 from microbiomedata/1325-add-filtration-and-phase-separation-classes	fixing invalid data, and some slot name/range consistency | fixing invalid data, and some slot name/range consistency
enums		DNASampleFormatEnum	v10.1.0	v11.10.0	v11.11.0				yes	0fb8d0b9d	2607	Merge pull request #2607 from microbiomedata/1937-remove-jgi-only-slots	final missing slots
enums		DeviceEnum	v9.2.0	v10.9.1	v11.0.0					b2fe19945	2195	Merge pull request #2195 from microbiomedata/resolve-merge-conflict-in-nmdc.py	minimal functional chemical_converion_process.yaml
enums		DeviceTypeEnum	v7.0.0	v9.3.1	v9.3.2					630f879e1	1468	Merge pull request #1468 from microbiomedata/1380-create-extractionprocess-class	with extraction solution modeling
enums		DirectInfusionEnum	v11.0.0	v11.0.3	v11.1.0				yes	70392d899	2248	Merge pull request #2248 from microbiomedata/Remove-direct_infusion_category-and-directinfusionenum-#2234	removed direct_infusion_category and DirectInfusionEnum from  v10-vsv11-retrospective.md and basic_slots.yaml
enums		JgiContTypeEnum	v7.6.0	v11.10.0	v11.11.0				yes	0fb8d0b9d	2607	Merge pull request #2607 from microbiomedata/1937-remove-jgi-only-slots	final missing slots
enums		RNASampleFormatEnum	v10.1.0	v11.10.0	v11.11.0				yes	0fb8d0b9d	2607	Merge pull request #2607 from microbiomedata/1937-remove-jgi-only-slots	final missing slots
enums		SamplingMethodEnum	v7.0.0	v9.3.1	v9.3.2					630f879e1	1468	Merge pull request #1468 from microbiomedata/1380-create-extractionprocess-class	with extraction solution modeling
enums		SolventEnum	v7.0.0	v9.3.1	v9.3.2					630f879e1	1468	Merge pull request #1468 from microbiomedata/1380-create-extractionprocess-class	no direct concentration on Extraction | Minor changes to get things in working order, still issue w mixs | add ExtractionProcess class and valid data examples for review
enums		TargetGeneEnum	v11.2.0	v11.21.0	v11.22.0				yes	9bfa5334b	3246	Merge pull request #3246 from microbiomedata/target-gene-or-locus-operons	Rename TargetGeneEnum to TargetGeneOrLocusEnum; add rRNA operon values
enums		analysis_type_enum	2022.06.15.rc1	v10.0.0	v10.1.0		enums:AnalysisTypeEnum			668f56c4c	1001	Merge pull request #1001 from microbiomedata/issue-931-enums	Rename analysis_type_enum to AnalysisTypeEnum
enums		arch_struc_enum	v4.0.0	v11.14.0	v11.15.0	v7.4.5 v7.4.6 v7.4.7 v7.4.8 v7.4.10 v.7.4.11	enums:ArchStrucEnum			7b22a6a00	2773	Merge pull request #2773 from microbiomedata/1368-mixs-gsc-migration	aligned wiht current GSC main
enums		biol_stat_enum	v4.0.0	v11.14.0	v11.15.0	v7.4.5 v7.4.6 v7.4.7 v7.4.8 v7.4.10 v.7.4.11	enums:BiolStatEnum			7b22a6a00	2773	Merge pull request #2773 from microbiomedata/1368-mixs-gsc-migration	aligned wiht current GSC main
enums		biosample_category_enum	v7.1.0	v7.6.5	v7.6.6		enums:BiosampleCategoryEnum			f9286d797	993	Merge pull request #993 from microbiomedata/issue-931-enums	Rename biosample_category_enum to follow naming standards
enums		biotic_relationship_enum	v4.0.0	v11.14.0	v11.15.0		enums:BioticRelationshipEnum			7b22a6a00	2773	Merge pull request #2773 from microbiomedata/1368-mixs-gsc-migration	aligned wiht current GSC main
enums		build_docs_enum	v4.0.0	v11.14.0	v11.15.0	v7.4.5 v7.4.6 v7.4.7 v7.4.8 v7.4.10 v.7.4.11	enums:BuildDocsEnum			7b22a6a00	2773	Merge pull request #2773 from microbiomedata/1368-mixs-gsc-migration	aligned wiht current GSC main
enums		build_occup_type_enum	v4.0.0	v11.14.0	v11.15.0	v7.4.5 v7.4.6 v7.4.7 v7.4.8 v7.4.10 v.7.4.11	enums:BuildOccupTypeEnum			7b22a6a00	2773	Merge pull request #2773 from microbiomedata/1368-mixs-gsc-migration	aligned wiht current GSC main
enums		building_setting_enum	v4.0.0	v11.14.0	v11.15.0	v7.4.5 v7.4.6 v7.4.7 v7.4.8 v7.4.10 v.7.4.11	enums:BuildingSettingEnum			7b22a6a00	2773	Merge pull request #2773 from microbiomedata/1368-mixs-gsc-migration	aligned wiht current GSC main
enums		ceil_cond_enum	v4.0.0	v11.14.0	v11.15.0	v7.4.5 v7.4.6 v7.4.7 v7.4.8 v7.4.10 v.7.4.11			yes	7b22a6a00	2773	Merge pull request #2773 from microbiomedata/1368-mixs-gsc-migration	aligned wiht current GSC main
enums		ceil_finish_mat_enum	v4.0.0	v11.14.0	v11.15.0	v7.4.5 v7.4.6 v7.4.7 v7.4.8 v7.4.10 v.7.4.11	enums:CeilFinishMatEnum			7b22a6a00	2773	Merge pull request #2773 from microbiomedata/1368-mixs-gsc-migration	aligned wiht current GSC main
enums		ceil_texture_enum	v4.0.0	v11.14.0	v11.15.0	v7.4.5 v7.4.6 v7.4.7 v7.4.8 v7.4.10 v.7.4.11			yes	7b22a6a00	2773	Merge pull request #2773 from microbiomedata/1368-mixs-gsc-migration	aligned wiht current GSC main
enums		ceil_type_enum	v4.0.0	v11.14.0	v11.15.0	v7.4.5 v7.4.6 v7.4.7 v7.4.8 v7.4.10 v.7.4.11	enums:CeilTypeEnum			7b22a6a00	2773	Merge pull request #2773 from microbiomedata/1368-mixs-gsc-migration	aligned wiht current GSC main
enums		credit enum	1.0.0	v10.0.0	v10.1.0		enums:CreditEnum			668f56c4c	1001	Merge pull request #1001 from microbiomedata/issue-931-enums	Rename  credit enum to CreditEnum
enums		cur_land_use_enum	v4.0.0	v11.14.0	v11.15.0		enums:CurLandUseEnum			7b22a6a00	2773	Merge pull request #2773 from microbiomedata/1368-mixs-gsc-migration	Standardize enum naming to PascalCase and refactor documentation | aligned wiht current GSC main
enums		depos_env_enum	v4.0.0	v11.14.0	v11.15.0	v7.4.5 v7.4.6 v7.4.7 v7.4.8 v7.4.10 v.7.4.11	enums:DeposEnvEnum			7b22a6a00	2773	Merge pull request #2773 from microbiomedata/1368-mixs-gsc-migration	aligned wiht current GSC main
enums		dna_cont_type_enum	2022.06.15.rc1	v7.5.0	v7.6.0					b50e66aad	842	Merge pull request #842 from microbiomedata/issue-840-YesNoEnum	more enum consolidation
enums		dna_dnase_enum	2022.06.15.rc1	v7.5.0	v7.6.0					a36d9d5c3	841	Merge pull request #841 from microbiomedata/issue-840-YesNoEnum	#840 YesNoEnum for dnase slots
enums		dna_sample_format_enum	2022.06.15.rc1	v10.0.0	v10.1.0					668f56c4c	1001	Merge pull request #1001 from microbiomedata/issue-931-enums	Rename dna_sample_format_enum to DNASampleFormatEnum
enums		dnase_rna_enum	2022.06.15.rc1	v7.5.0	v7.6.0					a36d9d5c3	841	Merge pull request #841 from microbiomedata/issue-840-YesNoEnum	#840 YesNoEnum for dnase slots
enums		door_comp_type_enum	v4.0.0	v11.14.0	v11.15.0	v7.4.5 v7.4.6 v7.4.7 v7.4.8 v7.4.10 v.7.4.11	enums:DoorCompTypeEnum			7b22a6a00	2773	Merge pull request #2773 from microbiomedata/1368-mixs-gsc-migration	aligned wiht current GSC main
enums		door_cond_enum	v4.0.0	v11.14.0	v11.15.0	v7.4.5 v7.4.6 v7.4.7 v7.4.8 v7.4.10 v.7.4.11			yes	7b22a6a00	2773	Merge pull request #2773 from microbiomedata/1368-mixs-gsc-migration	aligned wiht current GSC main
enums		door_direct_enum	v4.0.0	v11.14.0	v11.15.0	v7.4.5 v7.4.6 v7.4.7 v7.4.8 v7.4.10 v.7.4.11	enums:DoorDirectEnum			7b22a6a00	2773	Merge pull request #2773 from microbiomedata/1368-mixs-gsc-migration	aligned wiht current GSC main
enums		door_loc_enum	v4.0.0	v11.14.0	v11.15.0	v7.4.5 v7.4.6 v7.4.7 v7.4.8 v7.4.10 v.7.4.11			yes	7b22a6a00	2773	Merge pull request #2773 from microbiomedata/1368-mixs-gsc-migration	aligned wiht current GSC main
enums		door_mat_enum	v4.0.0	v11.14.0	v11.15.0	v7.4.5 v7.4.6 v7.4.7 v7.4.8 v7.4.10 v.7.4.11	enums:DoorMatEnum			7b22a6a00	2773	Merge pull request #2773 from microbiomedata/1368-mixs-gsc-migration	aligned wiht current GSC main
enums		door_move_enum	v4.0.0	v11.14.0	v11.15.0	v7.4.5 v7.4.6 v7.4.7 v7.4.8 v7.4.10 v.7.4.11	enums:DoorMoveEnum			7b22a6a00	2773	Merge pull request #2773 from microbiomedata/1368-mixs-gsc-migration	aligned wiht current GSC main
enums		door_type_enum	v4.0.0	v11.14.0	v11.15.0	v7.4.5 v7.4.6 v7.4.7 v7.4.8 v7.4.10 v.7.4.11	enums:DoorTypeEnum			7b22a6a00	2773	Merge pull request #2773 from microbiomedata/1368-mixs-gsc-migration	aligned wiht current GSC main
enums		door_type_metal_enum	v4.0.0	v11.14.0	v11.15.0	v7.4.5 v7.4.6 v7.4.7 v7.4.8 v7.4.10 v.7.4.11	enums:DoorTypeMetalEnum			7b22a6a00	2773	Merge pull request #2773 from microbiomedata/1368-mixs-gsc-migration	aligned wiht current GSC main
enums		door_type_wood_enum	v4.0.0	v11.14.0	v11.15.0	v7.4.5 v7.4.6 v7.4.7 v7.4.8 v7.4.10 v.7.4.11			yes	7b22a6a00	2773	Merge pull request #2773 from microbiomedata/1368-mixs-gsc-migration	aligned wiht current GSC main
enums		drainage_class_enum	v4.0.0	v11.14.0	v11.15.0		enums:DrainageClassEnum			7b22a6a00	2773	Merge pull request #2773 from microbiomedata/1368-mixs-gsc-migration	aligned wiht current GSC main
enums		drawings_enum	v4.0.0	v11.14.0	v11.15.0	v7.4.5 v7.4.6 v7.4.7 v7.4.8 v7.4.10 v.7.4.11	enums:DrawingsEnum			7b22a6a00	2773	Merge pull request #2773 from microbiomedata/1368-mixs-gsc-migration	aligned wiht current GSC main
enums		ext_wall_orient_enum	v4.0.0	v11.14.0	v11.15.0	v7.4.5 v7.4.6 v7.4.7 v7.4.8 v7.4.10 v.7.4.11			yes	7b22a6a00	2773	Merge pull request #2773 from microbiomedata/1368-mixs-gsc-migration	aligned wiht current GSC main
enums		ext_window_orient_enum	v4.0.0	v11.14.0	v11.15.0	v7.4.5 v7.4.6 v7.4.7 v7.4.8 v7.4.10 v.7.4.11			yes	7b22a6a00	2773	Merge pull request #2773 from microbiomedata/1368-mixs-gsc-migration	aligned wiht current GSC main
enums		fao_class_enum	v4.0.0	v11.14.0	v11.15.0		enums:FaoClassEnum			7b22a6a00	2773	Merge pull request #2773 from microbiomedata/1368-mixs-gsc-migration	aligned wiht current GSC main
enums		file type enum	1.0.0	v10.0.0	v10.1.0		enums:FileTypeEnum			668f56c4c	1001	Merge pull request #1001 from microbiomedata/issue-931-enums	Rename file type enum to FileTypeEnum
enums		filter_type_enum	v4.0.0	v11.14.0	v11.15.0	v7.4.5 v7.4.6 v7.4.7 v7.4.8 v7.4.10 v.7.4.11	enums:FilterTypeEnum			7b22a6a00	2773	Merge pull request #2773 from microbiomedata/1368-mixs-gsc-migration	aligned wiht current GSC main
enums		floor_cond_enum	v4.0.0	v11.14.0	v11.15.0	v7.4.5 v7.4.6 v7.4.7 v7.4.8 v7.4.10 v.7.4.11			yes	7b22a6a00	2773	Merge pull request #2773 from microbiomedata/1368-mixs-gsc-migration	aligned wiht current GSC main
enums		floor_finish_mat_enum	v4.0.0	v11.14.0	v11.15.0	v7.4.5 v7.4.6 v7.4.7 v7.4.8 v7.4.10 v.7.4.11			yes	7b22a6a00	2773	Merge pull request #2773 from microbiomedata/1368-mixs-gsc-migration	aligned wiht current GSC main
enums		floor_struc_enum	v4.0.0	v11.14.0	v11.15.0	v7.4.5 v7.4.6 v7.4.7 v7.4.8 v7.4.10 v.7.4.11	enums:FloorStrucEnum			7b22a6a00	2773	Merge pull request #2773 from microbiomedata/1368-mixs-gsc-migration	aligned wiht current GSC main
enums		floor_water_mold_enum	v4.0.0	v11.14.0	v11.15.0	v7.4.5 v7.4.6 v7.4.7 v7.4.8 v7.4.10 v.7.4.11	enums:FloorWaterMoldEnum			7b22a6a00	2773	Merge pull request #2773 from microbiomedata/1368-mixs-gsc-migration	aligned wiht current GSC main
enums		freq_clean_enum	v4.0.0	v11.14.0	v11.15.0	v7.4.5 v7.4.6 v7.4.7 v7.4.8 v7.4.10 v.7.4.11	enums:FreqCleanEnum			7b22a6a00	2773	Merge pull request #2773 from microbiomedata/1368-mixs-gsc-migration	aligned wiht current GSC main
enums		furniture_enum	v4.0.0	v11.14.0	v11.15.0	v7.4.5 v7.4.6 v7.4.7 v7.4.8 v7.4.10 v.7.4.11	enums:FurnitureEnum			7b22a6a00	2773	Merge pull request #2773 from microbiomedata/1368-mixs-gsc-migration	aligned wiht current GSC main
enums		gender_restroom_enum	v4.0.0	v11.14.0	v11.15.0	v7.4.5 v7.4.6 v7.4.7 v7.4.8 v7.4.10 v.7.4.11	enums:GenderRestroomEnum			7b22a6a00	2773	Merge pull request #2773 from microbiomedata/1368-mixs-gsc-migration	aligned wiht current GSC main
enums		growth_habit_enum	v4.0.0	v11.14.0	v11.15.0	v7.4.5 v7.4.6 v7.4.7 v7.4.8 v7.4.10 v.7.4.11	enums:GrowthHabitEnum			7b22a6a00	2773	Merge pull request #2773 from microbiomedata/1368-mixs-gsc-migration	aligned wiht current GSC main
enums		handidness_enum	v4.0.0	v11.14.0	v11.15.0	v7.4.5 v7.4.6 v7.4.7 v7.4.8 v7.4.10 v.7.4.11	enums:HandidnessEnum			7b22a6a00	2773	Merge pull request #2773 from microbiomedata/1368-mixs-gsc-migration	aligned wiht current GSC main
enums		hc_produced_enum	v4.0.0	v11.14.0	v11.15.0	v7.4.5 v7.4.6 v7.4.7 v7.4.8 v7.4.10 v.7.4.11	enums:HcProducedEnum			7b22a6a00	2773	Merge pull request #2773 from microbiomedata/1368-mixs-gsc-migration	aligned wiht current GSC main
enums		hcr_enum	v4.0.0	v11.14.0	v11.15.0	v7.4.5 v7.4.6 v7.4.7 v7.4.8 v7.4.10 v.7.4.11	enums:HcrEnum			7b22a6a00	2773	Merge pull request #2773 from microbiomedata/1368-mixs-gsc-migration	aligned wiht current GSC main
enums		hcr_geol_age_enum	v4.0.0	v11.14.0	v11.15.0	v7.4.5 v7.4.6 v7.4.7 v7.4.8 v7.4.10 v.7.4.11			yes	7b22a6a00	2773	Merge pull request #2773 from microbiomedata/1368-mixs-gsc-migration	aligned wiht current GSC main
enums		heat_cool_type_enum	v4.0.0	v11.14.0	v11.15.0	v7.4.5 v7.4.6 v7.4.7 v7.4.8 v7.4.10 v.7.4.11	enums:HeatCoolTypeEnum			7b22a6a00	2773	Merge pull request #2773 from microbiomedata/1368-mixs-gsc-migration	aligned wiht current GSC main
enums		heat_deliv_loc_enum	v4.0.0	v11.14.0	v11.15.0	v7.4.5 v7.4.6 v7.4.7 v7.4.8 v7.4.10 v.7.4.11			yes	7b22a6a00	2773	Merge pull request #2773 from microbiomedata/1368-mixs-gsc-migration	aligned wiht current GSC main
enums		horizon_enum	v4.0.0	v7.4.4	v7.4.5					d306c36e3	707	Merge pull request #707 from microbiomedata/biosample-usage	matching subsetted mixs slots and example data
enums		host_sex_enum	v4.0.0	v11.14.0	v11.15.0	v7.4.5 v7.4.6 v7.4.7 v7.4.8 v7.4.10 v.7.4.11	enums:HostSexEnum			7b22a6a00	2773	Merge pull request #2773 from microbiomedata/1368-mixs-gsc-migration	Standardize enum naming to PascalCase and refactor documentation | aligned wiht current GSC main
enums		indoor_space_enum	v4.0.0	v11.14.0	v11.15.0	v7.4.5 v7.4.6 v7.4.7 v7.4.8 v7.4.10 v.7.4.11	enums:IndoorSpaceEnum			7b22a6a00	2773	Merge pull request #2773 from microbiomedata/1368-mixs-gsc-migration	aligned wiht current GSC main
enums		indoor_surf_enum	v4.0.0	v11.14.0	v11.15.0	v7.4.5 v7.4.6 v7.4.7 v7.4.8 v7.4.10 v.7.4.11	enums:IndoorSurfEnum			7b22a6a00	2773	Merge pull request #2773 from microbiomedata/1368-mixs-gsc-migration	aligned wiht current GSC main
enums		int_wall_cond_enum	v4.0.0	v11.14.0	v11.15.0	v7.4.5 v7.4.6 v7.4.7 v7.4.8 v7.4.10 v.7.4.11			yes	7b22a6a00	2773	Merge pull request #2773 from microbiomedata/1368-mixs-gsc-migration	aligned wiht current GSC main
enums		light_type_enum	v4.0.0	v11.14.0	v11.15.0	v7.4.5 v7.4.6 v7.4.7 v7.4.8 v7.4.10 v.7.4.11	enums:LightTypeEnum			7b22a6a00	2773	Merge pull request #2773 from microbiomedata/1368-mixs-gsc-migration	aligned wiht current GSC main
enums		lithology_enum	v4.0.0	v11.14.0	v11.15.0	v7.4.5 v7.4.6 v7.4.7 v7.4.8 v7.4.10 v.7.4.11	enums:LithologyEnum			7b22a6a00	2773	Merge pull request #2773 from microbiomedata/1368-mixs-gsc-migration	aligned wiht current GSC main
enums		mech_struc_enum	v4.0.0	v11.14.0	v11.15.0	v7.4.5 v7.4.6 v7.4.7 v7.4.8 v7.4.10 v.7.4.11	enums:MechStrucEnum			7b22a6a00	2773	Merge pull request #2773 from microbiomedata/1368-mixs-gsc-migration	aligned wiht current GSC main
enums		occup_document_enum	v4.0.0	v11.14.0	v11.15.0	v7.4.5 v7.4.6 v7.4.7 v7.4.8 v7.4.10 v.7.4.11	enums:OccupDocumentEnum			7b22a6a00	2773	Merge pull request #2773 from microbiomedata/1368-mixs-gsc-migration	aligned wiht current GSC main
enums		organism_count_enum	v4.0.0	v11.14.0	v11.15.0				yes	7b22a6a00	2773	Merge pull request #2773 from microbiomedata/1368-mixs-gsc-migration	aligned wiht current GSC main
enums		oxy_stat_samp_enum	v4.0.0	v11.14.0	v11.15.0		enums:OxyStatSampEnum			7b22a6a00	2773	Merge pull request #2773 from microbiomedata/1368-mixs-gsc-migration	aligned wiht current GSC main
enums		plant_growth_med_enum	v4.0.0	v11.14.0	v11.15.0	v7.4.5 v7.4.6 v7.4.7 v7.4.8 v7.4.10 v.7.4.11			yes	7b22a6a00	2773	Merge pull request #2773 from microbiomedata/1368-mixs-gsc-migration	aligned wiht current GSC main
enums		plant_sex_enum	v4.0.0	v11.14.0	v11.15.0	v7.4.5 v7.4.6 v7.4.7 v7.4.8 v7.4.10 v.7.4.11	enums:PlantSexEnum			7b22a6a00	2773	Merge pull request #2773 from microbiomedata/1368-mixs-gsc-migration	aligned wiht current GSC main
enums		processing_institution_enum	v5.0.4	v10.9.1	v11.0.0		enums:ProcessingInstitutionEnum			b2fe19945	2195	Merge pull request #2195 from microbiomedata/resolve-merge-conflict-in-nmdc.py	Update case to ProcessingInstitutionEnum and add see_also to related enums
enums		profile_position_enum	v4.0.0	v11.14.0	v11.15.0		enums:ProfilePositionEnum			7b22a6a00	2773	Merge pull request #2773 from microbiomedata/1368-mixs-gsc-migration	aligned wiht current GSC main
enums		quad_pos_enum	v4.0.0	v11.14.0	v11.15.0	v7.4.5 v7.4.6 v7.4.7 v7.4.8 v7.4.10 v.7.4.11	enums:QuadPosEnum			7b22a6a00	2773	Merge pull request #2773 from microbiomedata/1368-mixs-gsc-migration	aligned wiht current GSC main
enums		rel_samp_loc_enum	v4.0.0	v11.14.0	v11.15.0	v7.4.5 v7.4.6 v7.4.7 v7.4.8 v7.4.10 v.7.4.11	enums:RelSampLocEnum			7b22a6a00	2773	Merge pull request #2773 from microbiomedata/1368-mixs-gsc-migration	aligned wiht current GSC main
enums		rel_to_oxygen_enum	v4.0.0	v7.5.0	v7.6.0					323e4ab24	860	Merge pull request #860 from microbiomedata/update-geolocation-value	tests pass; needs merge form main
enums		rna_cont_type_enum	2022.06.15.rc1	v7.5.0	v7.6.0					b50e66aad	842	Merge pull request #842 from microbiomedata/issue-840-YesNoEnum	more enum consolidation
enums		rna_sample_format_enum	2022.06.15.rc1	v10.0.0	v10.1.0					668f56c4c	1001	Merge pull request #1001 from microbiomedata/issue-931-enums	Rename rna_sample_format_enum to RNASampleFormatEnum
enums		room_condt_enum	v4.0.0	v11.14.0	v11.15.0	v7.4.5 v7.4.6 v7.4.7 v7.4.8 v7.4.10 v.7.4.11	enums:RoomCondtEnum			7b22a6a00	2773	Merge pull request #2773 from microbiomedata/1368-mixs-gsc-migration	aligned wiht current GSC main
enums		room_connected_enum	v4.0.0	v11.14.0	v11.15.0	v7.4.5 v7.4.6 v7.4.7 v7.4.8 v7.4.10 v.7.4.11	enums:RoomConnectedEnum			7b22a6a00	2773	Merge pull request #2773 from microbiomedata/1368-mixs-gsc-migration	aligned wiht current GSC main
enums		room_loc_enum	v4.0.0	v11.14.0	v11.15.0	v7.4.5 v7.4.6 v7.4.7 v7.4.8 v7.4.10 v.7.4.11	enums:RoomLocEnum			7b22a6a00	2773	Merge pull request #2773 from microbiomedata/1368-mixs-gsc-migration	aligned wiht current GSC main
enums		room_samp_pos_enum	v4.0.0	v11.14.0	v11.15.0	v7.4.5 v7.4.6 v7.4.7 v7.4.8 v7.4.10 v.7.4.11	enums:RoomSampPosEnum			7b22a6a00	2773	Merge pull request #2773 from microbiomedata/1368-mixs-gsc-migration	aligned wiht current GSC main
enums		room_type_enum	v4.0.0	v11.14.0	v11.15.0	v7.4.5 v7.4.6 v7.4.7 v7.4.8 v7.4.10 v.7.4.11			yes	7b22a6a00	2773	Merge pull request #2773 from microbiomedata/1368-mixs-gsc-migration	aligned wiht current GSC main
enums		samp_capt_status_enum	v4.0.0	v11.14.0	v11.15.0	v7.4.5 v7.4.6 v7.4.7 v7.4.8 v7.4.10 v.7.4.11	enums:SampCaptStatusEnum			7b22a6a00	2773	Merge pull request #2773 from microbiomedata/1368-mixs-gsc-migration	aligned wiht current GSC main
enums		samp_collect_point_enum	v4.0.0	v11.14.0	v11.15.0	v7.4.5 v7.4.6 v7.4.7 v7.4.8 v7.4.10 v.7.4.11	enums:SampCollectPointEnum			7b22a6a00	2773	Merge pull request #2773 from microbiomedata/1368-mixs-gsc-migration	aligned wiht current GSC main
enums		samp_dis_stage_enum	v4.0.0	v11.14.0	v11.15.0	v7.4.5 v7.4.6 v7.4.7 v7.4.8 v7.4.10 v.7.4.11	enums:SampDisStageEnum			7b22a6a00	2773	Merge pull request #2773 from microbiomedata/1368-mixs-gsc-migration	aligned wiht current GSC main
enums		samp_floor_enum	v4.0.0	v11.14.0	v11.15.0	v7.4.5 v7.4.6 v7.4.7 v7.4.8 v7.4.10 v.7.4.11			yes	7b22a6a00	2773	Merge pull request #2773 from microbiomedata/1368-mixs-gsc-migration	aligned wiht current GSC main
enums		samp_md_enum	v4.0.0	v11.14.0	v11.15.0	v7.4.5 v7.4.6 v7.4.7 v7.4.8 v7.4.10 v.7.4.11			yes	7b22a6a00	2773	Merge pull request #2773 from microbiomedata/1368-mixs-gsc-migration	aligned wiht current GSC main
enums		samp_subtype_enum	v4.0.0	v11.14.0	v11.15.0	v7.4.5 v7.4.6 v7.4.7 v7.4.8 v7.4.10 v.7.4.11	enums:SampSubtypeEnum			7b22a6a00	2773	Merge pull request #2773 from microbiomedata/1368-mixs-gsc-migration	aligned wiht current GSC main
enums		samp_weather_enum	v4.0.0	v11.14.0	v11.15.0	v7.4.5 v7.4.6 v7.4.7 v7.4.8 v7.4.10 v.7.4.11	enums:SampWeatherEnum			7b22a6a00	2773	Merge pull request #2773 from microbiomedata/1368-mixs-gsc-migration	aligned wiht current GSC main
enums		sample_type_enum	2022.06.15.rc1	v10.0.0	v10.1.0		enums:SampleTypeEnum			668f56c4c	1001	Merge pull request #1001 from microbiomedata/issue-931-enums	Rename sample_type_enum to SampleTypeEnum
enums		season_use_enum	v4.0.0	v11.14.0	v11.15.0	v7.4.5 v7.4.6 v7.4.7 v7.4.8 v7.4.10 v.7.4.11	enums:SeasonUseEnum			7b22a6a00	2773	Merge pull request #2773 from microbiomedata/1368-mixs-gsc-migration	aligned wiht current GSC main
enums		sediment_type_enum	v4.0.0	v11.14.0	v11.15.0	v7.4.5 v7.4.6 v7.4.7 v7.4.8 v7.4.10 v.7.4.11	enums:SedimentTypeEnum			7b22a6a00	2773	Merge pull request #2773 from microbiomedata/1368-mixs-gsc-migration	aligned wiht current GSC main
enums		shading_device_cond_enum	v4.0.0	v11.14.0	v11.15.0	v7.4.5 v7.4.6 v7.4.7 v7.4.8 v7.4.10 v.7.4.11			yes	7b22a6a00	2773	Merge pull request #2773 from microbiomedata/1368-mixs-gsc-migration	aligned wiht current GSC main
enums		shading_device_type_enum	v4.0.0	v11.14.0	v11.15.0	v7.4.5 v7.4.6 v7.4.7 v7.4.8 v7.4.10 v.7.4.11	enums:ShadingDeviceTypeEnum			7b22a6a00	2773	Merge pull request #2773 from microbiomedata/1368-mixs-gsc-migration	aligned wiht current GSC main
enums		soil_horizon_enum	v4.0.0	v11.14.0	v11.15.0	v7.4.5 v7.4.6 v7.4.7 v7.4.8 v7.4.10 v.7.4.11	enums:SoilHorizonEnum			7b22a6a00	2773	Merge pull request #2773 from microbiomedata/1368-mixs-gsc-migration	aligned wiht current GSC main
enums		specific_enum	v4.0.0	v11.14.0	v11.15.0	v7.4.5 v7.4.6 v7.4.7 v7.4.8 v7.4.10 v.7.4.11	enums:SpecificEnum			7b22a6a00	2773	Merge pull request #2773 from microbiomedata/1368-mixs-gsc-migration	aligned wiht current GSC main
enums		sr_dep_env_enum	v4.0.0	v11.14.0	v11.15.0	v7.4.5 v7.4.6 v7.4.7 v7.4.8 v7.4.10 v.7.4.11	enums:SrDepEnvEnum			7b22a6a00	2773	Merge pull request #2773 from microbiomedata/1368-mixs-gsc-migration	aligned wiht current GSC main
enums		sr_geol_age_enum	v4.0.0	v11.14.0	v11.15.0	v7.4.5 v7.4.6 v7.4.7 v7.4.8 v7.4.10 v.7.4.11			yes	7b22a6a00	2773	Merge pull request #2773 from microbiomedata/1368-mixs-gsc-migration	aligned wiht current GSC main
enums		sr_kerog_type_enum	v4.0.0	v11.14.0	v11.15.0	v7.4.5 v7.4.6 v7.4.7 v7.4.8 v7.4.10 v.7.4.11	enums:SrKerogTypeEnum			7b22a6a00	2773	Merge pull request #2773 from microbiomedata/1368-mixs-gsc-migration	aligned wiht current GSC main
enums		sr_lithology_enum	v4.0.0	v11.14.0	v11.15.0	v7.4.5 v7.4.6 v7.4.7 v7.4.8 v7.4.10 v.7.4.11	enums:SrLithologyEnum			7b22a6a00	2773	Merge pull request #2773 from microbiomedata/1368-mixs-gsc-migration	aligned wiht current GSC main
enums		substructure_type_enum	v4.0.0	v11.14.0	v11.15.0	v7.4.5 v7.4.6 v7.4.7 v7.4.8 v7.4.10 v.7.4.11	enums:SubstructureTypeEnum			7b22a6a00	2773	Merge pull request #2773 from microbiomedata/1368-mixs-gsc-migration	aligned wiht current GSC main
enums		surf_air_cont_enum	v4.0.0	v11.14.0	v11.15.0	v7.4.5 v7.4.6 v7.4.7 v7.4.8 v7.4.10 v.7.4.11	enums:SurfAirContEnum			7b22a6a00	2773	Merge pull request #2773 from microbiomedata/1368-mixs-gsc-migration	aligned wiht current GSC main
enums		surf_material_enum	v4.0.0	v11.14.0	v11.15.0	v7.4.5 v7.4.6 v7.4.7 v7.4.8 v7.4.10 v.7.4.11	enums:SurfMaterialEnum			7b22a6a00	2773	Merge pull request #2773 from microbiomedata/1368-mixs-gsc-migration	aligned wiht current GSC main
enums		tidal_stage_enum	v4.0.0	v11.14.0	v11.15.0		enums:TidalStageEnum			7b22a6a00	2773	Merge pull request #2773 from microbiomedata/1368-mixs-gsc-migration	aligned wiht current GSC main
enums		tillage_enum	v4.0.0	v11.14.0	v11.15.0		enums:TillageEnum			7b22a6a00	2773	Merge pull request #2773 from microbiomedata/1368-mixs-gsc-migration	aligned wiht current GSC main
enums		train_line_enum	v4.0.0	v11.14.0	v11.15.0	v7.4.5 v7.4.6 v7.4.7 v7.4.8 v7.4.10 v.7.4.11	enums:TrainLineEnum			7b22a6a00	2773	Merge pull request #2773 from microbiomedata/1368-mixs-gsc-migration	aligned wiht current GSC main
enums		train_stat_loc_enum	v4.0.0	v11.14.0	v11.15.0	v7.4.5 v7.4.6 v7.4.7 v7.4.8 v7.4.10 v.7.4.11	enums:TrainStatLocEnum			7b22a6a00	2773	Merge pull request #2773 from microbiomedata/1368-mixs-gsc-migration	aligned wiht current GSC main
enums		train_stop_loc_enum	v4.0.0	v11.14.0	v11.15.0	v7.4.5 v7.4.6 v7.4.7 v7.4.8 v7.4.10 v.7.4.11	enums:TrainStopLocEnum			7b22a6a00	2773	Merge pull request #2773 from microbiomedata/1368-mixs-gsc-migration	aligned wiht current GSC main
enums		vis_media_enum	v4.0.0	v11.14.0	v11.15.0	v7.4.5 v7.4.6 v7.4.7 v7.4.8 v7.4.10 v.7.4.11			yes	7b22a6a00	2773	Merge pull request #2773 from microbiomedata/1368-mixs-gsc-migration	aligned wiht current GSC main
enums		wall_const_type_enum	v4.0.0	v11.14.0	v11.15.0	v7.4.5 v7.4.6 v7.4.7 v7.4.8 v7.4.10 v.7.4.11	enums:WallConstTypeEnum			7b22a6a00	2773	Merge pull request #2773 from microbiomedata/1368-mixs-gsc-migration	aligned wiht current GSC main
enums		wall_finish_mat_enum	v4.0.0	v11.14.0	v11.15.0	v7.4.5 v7.4.6 v7.4.7 v7.4.8 v7.4.10 v.7.4.11	enums:WallFinishMatEnum			7b22a6a00	2773	Merge pull request #2773 from microbiomedata/1368-mixs-gsc-migration	aligned wiht current GSC main
enums		wall_loc_enum	v4.0.0	v11.14.0	v11.15.0	v7.4.5 v7.4.6 v7.4.7 v7.4.8 v7.4.10 v.7.4.11			yes	7b22a6a00	2773	Merge pull request #2773 from microbiomedata/1368-mixs-gsc-migration	aligned wiht current GSC main
enums		wall_surf_treatment_enum	v4.0.0	v11.14.0	v11.15.0	v7.4.5 v7.4.6 v7.4.7 v7.4.8 v7.4.10 v.7.4.11	enums:WallSurfTreatmentEnum			7b22a6a00	2773	Merge pull request #2773 from microbiomedata/1368-mixs-gsc-migration	aligned wiht current GSC main
enums		wall_texture_enum	v4.0.0	v11.14.0	v11.15.0	v7.4.5 v7.4.6 v7.4.7 v7.4.8 v7.4.10 v.7.4.11			yes	7b22a6a00	2773	Merge pull request #2773 from microbiomedata/1368-mixs-gsc-migration	aligned wiht current GSC main
enums		water_feat_type_enum	v4.0.0	v11.14.0	v11.15.0	v7.4.5 v7.4.6 v7.4.7 v7.4.8 v7.4.10 v.7.4.11	enums:WaterFeatTypeEnum			7b22a6a00	2773	Merge pull request #2773 from microbiomedata/1368-mixs-gsc-migration	aligned wiht current GSC main
enums		weekday_enum	v4.0.0	v11.14.0	v11.15.0	v7.4.5 v7.4.6 v7.4.7 v7.4.8 v7.4.10 v.7.4.11	enums:WeekdayEnum			7b22a6a00	2773	Merge pull request #2773 from microbiomedata/1368-mixs-gsc-migration	aligned wiht current GSC main
enums		window_cond_enum	v4.0.0	v11.14.0	v11.15.0	v7.4.5 v7.4.6 v7.4.7 v7.4.8 v7.4.10 v.7.4.11			yes	7b22a6a00	2773	Merge pull request #2773 from microbiomedata/1368-mixs-gsc-migration	aligned wiht current GSC main
enums		window_cover_enum	v4.0.0	v11.14.0	v11.15.0	v7.4.5 v7.4.6 v7.4.7 v7.4.8 v7.4.10 v.7.4.11	enums:WindowCoverEnum			7b22a6a00	2773	Merge pull request #2773 from microbiomedata/1368-mixs-gsc-migration	aligned wiht current GSC main
enums		window_horiz_pos_enum	v4.0.0	v11.14.0	v11.15.0	v7.4.5 v7.4.6 v7.4.7 v7.4.8 v7.4.10 v.7.4.11	enums:WindowHorizPosEnum			7b22a6a00	2773	Merge pull request #2773 from microbiomedata/1368-mixs-gsc-migration	aligned wiht current GSC main
enums		window_loc_enum	v4.0.0	v11.14.0	v11.15.0	v7.4.5 v7.4.6 v7.4.7 v7.4.8 v7.4.10 v.7.4.11			yes	7b22a6a00	2773	Merge pull request #2773 from microbiomedata/1368-mixs-gsc-migration	aligned wiht current GSC main
enums		window_mat_enum	v4.0.0	v11.14.0	v11.15.0	v7.4.5 v7.4.6 v7.4.7 v7.4.8 v7.4.10 v.7.4.11	enums:WindowMatEnum			7b22a6a00	2773	Merge pull request #2773 from microbiomedata/1368-mixs-gsc-migration	aligned wiht current GSC main
enums		window_type_enum	v4.0.0	v11.14.0	v11.15.0	v7.4.5 v7.4.6 v7.4.7 v7.4.8 v7.4.10 v.7.4.11	enums:WindowTypeEnum			7b22a6a00	2773	Merge pull request #2773 from microbiomedata/1368-mixs-gsc-migration	aligned wiht current GSC main
enums		window_vert_pos_enum	v4.0.0	v11.14.0	v11.15.0	v7.4.5 v7.4.6 v7.4.7 v7.4.8 v7.4.10 v.7.4.11	enums:WindowVertPosEnum			7b22a6a00	2773	Merge pull request #2773 from microbiomedata/1368-mixs-gsc-migration	aligned wiht current GSC main
permissible_values	AnalyteCategoryEnum	amplicon_sequencing_assay	v11.2.0	v11.2.1	v11.3.0rc1			NucleotideSequencingEnum		4b01a3719	2249	Merge pull request #2249 from microbiomedata/2154-berkeley-breakdown-analytecategoryenum-into-types-allowable-for-nucleotidesequencing-and-massspectrometry	
permissible_values	AnalyteCategoryEnum	lipidome	v11.0.0	v11.2.1	v11.3.0rc1			MassSpectrometryEnum		4b01a3719	2249	Merge pull request #2249 from microbiomedata/2154-berkeley-breakdown-analytecategoryenum-into-types-allowable-for-nucleotidesequencing-and-massspectrometry	
permissible_values	AnalyteCategoryEnum	metabolome	v11.0.0	v11.2.1	v11.3.0rc1			MassSpectrometryEnum		4b01a3719	2249	Merge pull request #2249 from microbiomedata/2154-berkeley-breakdown-analytecategoryenum-into-types-allowable-for-nucleotidesequencing-and-massspectrometry	
permissible_values	AnalyteCategoryEnum	metagenome	v11.0.0	v11.2.1	v11.3.0rc1			NucleotideSequencingEnum		4b01a3719	2249	Merge pull request #2249 from microbiomedata/2154-berkeley-breakdown-analytecategoryenum-into-types-allowable-for-nucleotidesequencing-and-massspectrometry	
permissible_values	AnalyteCategoryEnum	metaproteome	v11.0.0	v11.2.1	v11.3.0rc1			MassSpectrometryEnum		4b01a3719	2249	Merge pull request #2249 from microbiomedata/2154-berkeley-breakdown-analytecategoryenum-into-types-allowable-for-nucleotidesequencing-and-massspectrometry	
permissible_values	AnalyteCategoryEnum	metatranscriptome	v11.0.0	v11.2.1	v11.3.0rc1			NucleotideSequencingEnum		4b01a3719	2249	Merge pull request #2249 from microbiomedata/2154-berkeley-breakdown-analytecategoryenum-into-types-allowable-for-nucleotidesequencing-and-massspectrometry	
permissible_values	AnalyteCategoryEnum	nom	v11.0.0	v11.2.1	v11.3.0rc1			MassSpectrometryEnum		4b01a3719	2249	Merge pull request #2249 from microbiomedata/2154-berkeley-breakdown-analytecategoryenum-into-types-allowable-for-nucleotidesequencing-and-massspectrometry	
permissible_values	CompoundEnum	ammonium bicarbonate	v9.3.0	v10.9.1	v11.0.0					b2fe19945	2195	Merge pull request #2195 from microbiomedata/resolve-merge-conflict-in-nmdc.py	
permissible_values	CompoundEnum	chloridic acid	v9.3.0	v10.9.1	v11.0.0					b2fe19945	2195	Merge pull request #2195 from microbiomedata/resolve-merge-conflict-in-nmdc.py	
permissible_values	CompoundEnum	deionized water	v9.3.0	v10.9.1	v11.0.0					b2fe19945	2195	Merge pull request #2195 from microbiomedata/resolve-merge-conflict-in-nmdc.py	
permissible_values	CompoundEnum	methanol	v9.3.0	v10.9.1	v11.0.0			ChemicalEntityEnum		b2fe19945	2195	Merge pull request #2195 from microbiomedata/resolve-merge-conflict-in-nmdc.py	
permissible_values	CompoundEnum	trypsin	v9.3.0	v10.9.1	v11.0.0			ChemicalEntityEnum		b2fe19945	2195	Merge pull request #2195 from microbiomedata/resolve-merge-conflict-in-nmdc.py	
permissible_values	CompoundEnum	water	v9.3.0	v10.9.1	v11.0.0			ChemicalEntityEnum SampleTypeEnum		b2fe19945	2195	Merge pull request #2195 from microbiomedata/resolve-merge-conflict-in-nmdc.py	
permissible_values	ContainerCategoryEnum	V-bottom conical tube	v9.2.0	v10.9.1	v11.0.0					b2fe19945	2195	Merge pull request #2195 from microbiomedata/resolve-merge-conflict-in-nmdc.py	
permissible_values	ContainerCategoryEnum	falcon tube	v9.3.0	v10.9.1	v11.0.0					b2fe19945	2195	Merge pull request #2195 from microbiomedata/resolve-merge-conflict-in-nmdc.py	
permissible_values	ContainerTypeEnum	V-bottom conical tube	v8.1.1	v9.1.0	v9.2.0					7568fa849	1326	Merge pull request #1326 from microbiomedata/1325-add-filtration-and-phase-separation-classes	
permissible_values	ContainerTypeEnum	screw_top_conical	v7.0.0	v8.1.1	v8.1.2					9e4c58099	1199	Merge pull request #1199 from microbiomedata/1198-merge-subsampling-and-extraction-classes-with-data-that-illustrates-the-relationship-into-nmdc-schema	
permissible_values	DNASampleFormatEnum	10 mM Tris-HCl	v10.1.0	v11.9.2-rc2	v11.10.0-rc.1					00ea3fb52	2523	Merge pull request #2523 from microbiomedata/issue-2516	
permissible_values	DNASampleFormatEnum	10 mmol/L Tris-HCl	v11.10.0-rc.1	v11.10.0	v11.11.0					0fb8d0b9d	2607	Merge pull request #2607 from microbiomedata/1937-remove-jgi-only-slots	
permissible_values	DNASampleFormatEnum	DNAStable	v10.1.0	v11.10.0	v11.11.0					0fb8d0b9d	2607	Merge pull request #2607 from microbiomedata/1937-remove-jgi-only-slots	
permissible_values	DNASampleFormatEnum	Ethanol	v10.1.0	v11.10.0	v11.11.0					0fb8d0b9d	2607	Merge pull request #2607 from microbiomedata/1937-remove-jgi-only-slots	
permissible_values	DNASampleFormatEnum	Gentegra-DNA	v10.1.0	v11.10.0	v11.11.0					0fb8d0b9d	2607	Merge pull request #2607 from microbiomedata/1937-remove-jgi-only-slots	
permissible_values	DNASampleFormatEnum	Gentegra-RNA	v10.1.0	v11.10.0	v11.11.0					0fb8d0b9d	2607	Merge pull request #2607 from microbiomedata/1937-remove-jgi-only-slots	
permissible_values	DNASampleFormatEnum	Low EDTA TE	v10.1.0	v11.10.0	v11.11.0					0fb8d0b9d	2607	Merge pull request #2607 from microbiomedata/1937-remove-jgi-only-slots	
permissible_values	DNASampleFormatEnum	MDA reaction buffer	v10.1.0	v11.10.0	v11.11.0					0fb8d0b9d	2607	Merge pull request #2607 from microbiomedata/1937-remove-jgi-only-slots	
permissible_values	DNASampleFormatEnum	PBS	v10.1.0	v11.10.0	v11.11.0					0fb8d0b9d	2607	Merge pull request #2607 from microbiomedata/1937-remove-jgi-only-slots	
permissible_values	DNASampleFormatEnum	Pellet	v10.1.0	v11.10.0	v11.11.0					0fb8d0b9d	2607	Merge pull request #2607 from microbiomedata/1937-remove-jgi-only-slots	
permissible_values	DNASampleFormatEnum	RNAStable	v10.1.0	v11.10.0	v11.11.0					0fb8d0b9d	2607	Merge pull request #2607 from microbiomedata/1937-remove-jgi-only-slots	
permissible_values	DNASampleFormatEnum	TE	v10.1.0	v11.10.0	v11.11.0					0fb8d0b9d	2607	Merge pull request #2607 from microbiomedata/1937-remove-jgi-only-slots	
permissible_values	DNASampleFormatEnum	Water	v10.1.0	v11.10.0	v11.11.0					0fb8d0b9d	2607	Merge pull request #2607 from microbiomedata/1937-remove-jgi-only-slots	
permissible_values	DeviceEnum	Agitation plunger	v9.2.0	v10.9.1	v11.0.0					b2fe19945	2195	Merge pull request #2195 from microbiomedata/resolve-merge-conflict-in-nmdc.py	
permissible_values	DeviceEnum	CEREX System 96 processor	v9.2.0	v10.9.1	v11.0.0					b2fe19945	2195	Merge pull request #2195 from microbiomedata/resolve-merge-conflict-in-nmdc.py	
permissible_values	DeviceEnum	Drying oven	v9.2.0	v10.9.1	v11.0.0					b2fe19945	2195	Merge pull request #2195 from microbiomedata/resolve-merge-conflict-in-nmdc.py	
permissible_values	DeviceEnum	Orbital Shaker	v9.2.0	v10.9.1	v11.0.0					b2fe19945	2195	Merge pull request #2195 from microbiomedata/resolve-merge-conflict-in-nmdc.py	
permissible_values	DeviceEnum	Thermomixer	v9.2.0	v10.9.1	v11.0.0					b2fe19945	2195	Merge pull request #2195 from microbiomedata/resolve-merge-conflict-in-nmdc.py	
permissible_values	DeviceEnum	Vortex	v9.2.0	v10.9.1	v11.0.0					b2fe19945	2195	Merge pull request #2195 from microbiomedata/resolve-merge-conflict-in-nmdc.py	
permissible_values	DeviceTypeEnum	orbital_shaker	v7.0.0	v9.3.1	v9.3.2					630f879e1	1468	Merge pull request #1468 from microbiomedata/1380-create-extractionprocess-class	
permissible_values	DeviceTypeEnum	thermomixer	v7.0.0	v9.3.1	v9.3.2					630f879e1	1468	Merge pull request #1468 from microbiomedata/1380-create-extractionprocess-class	
permissible_values	DirectInfusionEnum	autosampler	v11.0.0	v11.0.3	v11.1.0					70392d899	2248	Merge pull request #2248 from microbiomedata/Remove-direct_infusion_category-and-directinfusionenum-#2234	
permissible_values	DirectInfusionEnum	direct_infusion	v11.0.0	v11.0.3	v11.1.0					70392d899	2248	Merge pull request #2248 from microbiomedata/Remove-direct_infusion_category-and-directinfusionenum-#2234	
permissible_values	ExecutionResourceEnum	EMSL	v11.0.0	v11.10.0-rc.4	v11.10.0			ProcessingInstitutionEnum		cadf3007a	2585	Merge pull request #2585 from microbiomedata/2577-separate-concerns-between-processing_institution-and-execution_resource	
permissible_values	ExecutionResourceEnum	JGI	v11.0.0	v11.10.0-rc.4	v11.10.0			ProcessingInstitutionEnum		cadf3007a	2585	Merge pull request #2585 from microbiomedata/2577-separate-concerns-between-processing_institution-and-execution_resource	
permissible_values	ExecutionResourceEnum	LANL-B-div	v11.0.0	v11.10.0-rc.4	v11.10.0					cadf3007a	2585	Merge pull request #2585 from microbiomedata/2577-separate-concerns-between-processing_institution-and-execution_resource	
permissible_values	ExtractionTargetEnum	phenol/chloroform extraction	v9.3.0	v10.2.0	v10.3.0					6fa8c06f1	1965	Merge pull request #1965 from microbiomedata/1957-class-extraction-issues	
permissible_values	FailureWhereEnum	MagsAnalysisActivity	v10.0.0	v10.9.1	v11.0.0					b2fe19945	2195	Merge pull request #2195 from microbiomedata/resolve-merge-conflict-in-nmdc.py	
permissible_values	FailureWhereEnum	MetagenomeAnnotationActivity	v10.0.0	v10.9.1	v11.0.0					b2fe19945	2195	Merge pull request #2195 from microbiomedata/resolve-merge-conflict-in-nmdc.py	
permissible_values	FailureWhereEnum	MetatranscriptomeActivity	v10.0.0	v10.5.6	v10.6.0					874c06efd	2117	Merge pull request #2117 from microbiomedata/2116-update-description-of-metatranscriptomeactivity-to-make-it-specific-to-the-expression-activity	
permissible_values	FailureWhereEnum	OmicsProcessing	v10.0.0	v10.9.1	v11.0.0					b2fe19945	2195	Merge pull request #2195 from microbiomedata/resolve-merge-conflict-in-nmdc.py	
permissible_values	FailureWhereEnum	ReadBasedTaxonomyAnalysisActivity	v10.0.0	v10.9.1	v11.0.0					b2fe19945	2195	Merge pull request #2195 from microbiomedata/resolve-merge-conflict-in-nmdc.py	
permissible_values	FailureWhereEnum	ReadQcAnalysisActivity	v10.0.0	v10.9.1	v11.0.0					b2fe19945	2195	Merge pull request #2195 from microbiomedata/resolve-merge-conflict-in-nmdc.py	
permissible_values	FileTypeEnum	Centrifuge Classification Report	v10.1.0	v11.10.0	v11.11.0					2acd4f1b8	2617	Merge pull request #2617 from microbiomedata/finalize_deprecation_filetypeenum_permissible_values	
permissible_values	FileTypeEnum	FT ICR-MS Analysis Results	v10.1.0	v11.6.1	v11.7.0					c446d8563	2442	Merge pull request #2442 from microbiomedata/2440_PV_LCMSNOM	
permissible_values	FileTypeEnum	Metagenome Bins	v10.1.0	v11.10.0	v11.11.0					2acd4f1b8	2617	Merge pull request #2617 from microbiomedata/finalize_deprecation_filetypeenum_permissible_values	
permissible_values	InstrumentModelEnum	Orbitrap	v9.2.0	v10.9.1	v11.0.0			MassAnalyzerEnum		b2fe19945	2195	Merge pull request #2195 from microbiomedata/resolve-merge-conflict-in-nmdc.py	
permissible_values	InstrumentModelEnum	PIPETMAN F144059M	v9.2.0	v10.9.1	v11.0.0					b2fe19945	2195	Merge pull request #2195 from microbiomedata/resolve-merge-conflict-in-nmdc.py	
permissible_values	InstrumentModelEnum	VortexGenie2	v9.2.0	v10.9.1	v11.0.0					b2fe19945	2195	Merge pull request #2195 from microbiomedata/resolve-merge-conflict-in-nmdc.py	
permissible_values	InstrumentVendorEnum	Gilson	v9.2.0	v10.9.1	v11.0.0					b2fe19945	2195	Merge pull request #2195 from microbiomedata/resolve-merge-conflict-in-nmdc.py	
permissible_values	InstrumentVendorEnum	PerkinElmer	v9.2.0	v10.9.1	v11.0.0					b2fe19945	2195	Merge pull request #2195 from microbiomedata/resolve-merge-conflict-in-nmdc.py	
permissible_values	InstrumentVendorEnum	ScientificIndustries	v9.2.0	v10.9.1	v11.0.0					b2fe19945	2195	Merge pull request #2195 from microbiomedata/resolve-merge-conflict-in-nmdc.py	
permissible_values	InstrumentVendorEnum	ThermoFisher	v9.2.0	v10.9.1	v11.0.0					b2fe19945	2195	Merge pull request #2195 from microbiomedata/resolve-merge-conflict-in-nmdc.py	
permissible_values	InstrumentVendorEnum	VWR	v9.2.0	v10.9.1	v11.0.0					b2fe19945	2195	Merge pull request #2195 from microbiomedata/resolve-merge-conflict-in-nmdc.py	
permissible_values	JgiContTypeEnum	plate	v7.6.0	v11.10.0	v11.11.0					0fb8d0b9d	2607	Merge pull request #2607 from microbiomedata/1937-remove-jgi-only-slots	
permissible_values	JgiContTypeEnum	tube	v7.6.0	v11.10.0	v11.11.0					0fb8d0b9d	2607	Merge pull request #2607 from microbiomedata/1937-remove-jgi-only-slots	
permissible_values	PloidyEnum	other	v11.19.2-rc.1	v11.20.1	v11.20.2			DeposEnvEnum FailureWhatEnum FreqCleanEnum GeolAgeEnum HcProducedEnum HcrEnum LibLayoutEnum LibrarySelectionEnum LithologyEnum OxyStatSampEnum SampCaptStatusEnum SampCollectPointEnum SampDisStageEnum SampSubtypeEnum SrDepEnvEnum SrKerogTypeEnum SrLithologyEnum		46561632d	3184	Rework PloidyEnum on PATO classes; clean up the ploidy and classified_as descriptions (issue 3182) (#3184)	
permissible_values	RNASampleFormatEnum	10 mM Tris-HCl	v10.1.0	v11.9.2-rc2	v11.10.0-rc.1					00ea3fb52	2523	Merge pull request #2523 from microbiomedata/issue-2516	
permissible_values	RNASampleFormatEnum	10 mmol/L Tris-HCl	v11.10.0-rc.1	v11.10.0	v11.11.0					0fb8d0b9d	2607	Merge pull request #2607 from microbiomedata/1937-remove-jgi-only-slots	
permissible_values	RNASampleFormatEnum	DNAStable	v10.1.0	v11.10.0	v11.11.0					0fb8d0b9d	2607	Merge pull request #2607 from microbiomedata/1937-remove-jgi-only-slots	
permissible_values	RNASampleFormatEnum	Ethanol	v10.1.0	v11.10.0	v11.11.0					0fb8d0b9d	2607	Merge pull request #2607 from microbiomedata/1937-remove-jgi-only-slots	
permissible_values	RNASampleFormatEnum	Gentegra-DNA	v10.1.0	v11.10.0	v11.11.0					0fb8d0b9d	2607	Merge pull request #2607 from microbiomedata/1937-remove-jgi-only-slots	
permissible_values	RNASampleFormatEnum	Gentegra-RNA	v10.1.0	v11.10.0	v11.11.0					0fb8d0b9d	2607	Merge pull request #2607 from microbiomedata/1937-remove-jgi-only-slots	
permissible_values	RNASampleFormatEnum	Low EDTA TE	v10.1.0	v11.10.0	v11.11.0					0fb8d0b9d	2607	Merge pull request #2607 from microbiomedata/1937-remove-jgi-only-slots	
permissible_values	RNASampleFormatEnum	MDA reaction buffer	v10.1.0	v11.10.0	v11.11.0					0fb8d0b9d	2607	Merge pull request #2607 from microbiomedata/1937-remove-jgi-only-slots	
permissible_values	RNASampleFormatEnum	PBS	v10.1.0	v11.10.0	v11.11.0					0fb8d0b9d	2607	Merge pull request #2607 from microbiomedata/1937-remove-jgi-only-slots	
permissible_values	RNASampleFormatEnum	Pellet	v10.1.0	v11.10.0	v11.11.0					0fb8d0b9d	2607	Merge pull request #2607 from microbiomedata/1937-remove-jgi-only-slots	
permissible_values	RNASampleFormatEnum	RNAStable	v10.1.0	v11.10.0	v11.11.0					0fb8d0b9d	2607	Merge pull request #2607 from microbiomedata/1937-remove-jgi-only-slots	
permissible_values	RNASampleFormatEnum	TE	v10.1.0	v11.10.0	v11.11.0					0fb8d0b9d	2607	Merge pull request #2607 from microbiomedata/1937-remove-jgi-only-slots	
permissible_values	RNASampleFormatEnum	Water	v10.1.0	v11.10.0	v11.11.0					0fb8d0b9d	2607	Merge pull request #2607 from microbiomedata/1937-remove-jgi-only-slots	
permissible_values	SamplePortionEnum	non_polar_layer	v11.0.0	v11.7.0	v11.8.0					15e120176	2450	Merge pull request #2450 from microbiomedata/2447-add-sampled_portion-to-processedsample-and-expand-pvs	
permissible_values	SampleTypeEnum	soil- water extract	v10.1.0	v10.1.0	v10.1.1					f1a9b34b3	1824	Merge pull request #1824 from microbiomedata/fix-sample-type-pv-space	
permissible_values	SampleTypeEnum	water_extract_soil	v10.1.0	v10.1.0	v10.1.1								
permissible_values	SamplingMethodEnum	weighing	v7.0.0	v9.3.1	v9.3.2					630f879e1	1468	Merge pull request #1468 from microbiomedata/1380-create-extractionprocess-class	
permissible_values	SeparationMethodEnum	PTFE 96-well filter plate	v9.2.0	v10.9.1	v11.0.0					b2fe19945	2195	Merge pull request #2195 from microbiomedata/resolve-merge-conflict-in-nmdc.py	
permissible_values	SolventEnum	chloroform	v7.0.0	v9.3.1	v9.3.2			ChemicalEntityEnum		630f879e1	1468	Merge pull request #1468 from microbiomedata/1380-create-extractionprocess-class	
permissible_values	SolventEnum	deionized_water	v7.0.0	v9.3.1	v9.3.2					630f879e1	1468	Merge pull request #1468 from microbiomedata/1380-create-extractionprocess-class	
permissible_values	SolventEnum	methanol	v7.0.0	v9.3.1	v9.3.2			ChemicalEntityEnum		630f879e1	1468	Merge pull request #1468 from microbiomedata/1380-create-extractionprocess-class	
permissible_values	SubmissionStatusEnum	InProgressUpdate	v11.8.0	v11.13.0	v11.14.0-rc.1					2e079660e	2720	Merge pull request #2720 from microbiomedata/1464-update-enum-values-in-schema-after-all-functionality-for-status-applied	
permissible_values	SubmissionStatusEnum	PendingUserFacility	v11.8.0	v11.13.0	v11.14.0-rc.1					2e079660e	2720	Merge pull request #2720 from microbiomedata/1464-update-enum-values-in-schema-after-all-functionality-for-status-applied	
permissible_values	SubmissionStatusEnum	ResubmittedPendingReview	v11.8.0	v11.13.0	v11.14.0-rc.1					2e079660e	2720	Merge pull request #2720 from microbiomedata/1464-update-enum-values-in-schema-after-all-functionality-for-status-applied	
permissible_values	TargetGeneEnum	16S_rRNA	v11.2.0	v11.21.0	v11.22.0			TargetGeneOrLocusEnum		9bfa5334b	3246	Merge pull request #3246 from microbiomedata/target-gene-or-locus-operons	
permissible_values	TargetGeneEnum	18S_rRNA	v11.2.0	v11.21.0	v11.22.0			TargetGeneOrLocusEnum		9bfa5334b	3246	Merge pull request #3246 from microbiomedata/target-gene-or-locus-operons	
permissible_values	TargetGeneEnum	23S_rRNA	v11.2.0	v11.21.0	v11.22.0			TargetGeneOrLocusEnum		9bfa5334b	3246	Merge pull request #3246 from microbiomedata/target-gene-or-locus-operons	
permissible_values	TargetGeneEnum	28S_rRNA	v11.2.0	v11.21.0	v11.22.0			TargetGeneOrLocusEnum		9bfa5334b	3246	Merge pull request #3246 from microbiomedata/target-gene-or-locus-operons	
permissible_values	UnitEnum	API	v11.10.0-rc.1	v11.11.1	v11.12.0-rc.1					63a5ae326	2599	Merge pull request #2599 from microbiomedata/2598-add-storage_units-annotations-to-quantityvalue-slots-that-only-have-one-clear-cut-mixs---ucum-mapping	
permissible_values	UnitEnum	J/Cel	v11.10.0-rc.1	v11.11.1	v11.12.0-rc.1					63a5ae326	2599	Merge pull request #2599 from microbiomedata/2598-add-storage_units-annotations-to-quantityvalue-slots-that-only-have-one-clear-cut-mixs---ucum-mapping	
permissible_values	UnitEnum	NTU	v11.10.0-rc.1	v11.11.1	v11.12.0-rc.1					63a5ae326	2599	Merge pull request #2599 from microbiomedata/2598-add-storage_units-annotations-to-quantityvalue-slots-that-only-have-one-clear-cut-mixs---ucum-mapping	
permissible_values	UnitEnum	PSU	v11.10.0-rc.1	v11.11.1	v11.12.0-rc.1					63a5ae326	2599	Merge pull request #2599 from microbiomedata/2598-add-storage_units-annotations-to-quantityvalue-slots-that-only-have-one-clear-cut-mixs---ucum-mapping	
permissible_values	UnitEnum	pH	v11.10.0-rc.1	v11.11.1	v11.12.0-rc.1					63a5ae326	2599	Merge pull request #2599 from microbiomedata/2598-add-storage_units-annotations-to-quantityvalue-slots-that-only-have-one-clear-cut-mixs---ucum-mapping	
permissible_values	UnitEnum	people	v11.10.0-rc.1	v11.11.1	v11.12.0-rc.1					63a5ae326	2599	Merge pull request #2599 from microbiomedata/2598-add-storage_units-annotations-to-quantityvalue-slots-that-only-have-one-clear-cut-mixs---ucum-mapping	
permissible_values	UnitEnum	pets	v11.10.0-rc.1	v11.11.1	v11.12.0-rc.1					63a5ae326	2599	Merge pull request #2599 from microbiomedata/2598-add-storage_units-annotations-to-quantityvalue-slots-that-only-have-one-clear-cut-mixs---ucum-mapping	
permissible_values	UnitEnum	plants	v11.10.0-rc.1	v11.11.1	v11.12.0-rc.1					63a5ae326	2599	Merge pull request #2599 from microbiomedata/2598-add-storage_units-annotations-to-quantityvalue-slots-that-only-have-one-clear-cut-mixs---ucum-mapping	
permissible_values	UnitEnum	ppt	v11.10.0-rc.1	v11.11.1	v11.12.0-rc.1					63a5ae326	2599	Merge pull request #2599 from microbiomedata/2598-add-storage_units-annotations-to-quantityvalue-slots-that-only-have-one-clear-cut-mixs---ucum-mapping	
permissible_values	UnitEnum	ratio	v11.10.0-rc.1	v11.11.1	v11.12.0-rc.1					63a5ae326	2599	Merge pull request #2599 from microbiomedata/2598-add-storage_units-annotations-to-quantityvalue-slots-that-only-have-one-clear-cut-mixs---ucum-mapping	
permissible_values	UnitEnum	uE/m2/s	v11.10.0-rc.1	v11.11.1	v11.12.0-rc.1					63a5ae326	2599	Merge pull request #2599 from microbiomedata/2598-add-storage_units-annotations-to-quantityvalue-slots-that-only-have-one-clear-cut-mixs---ucum-mapping	
permissible_values	UnitEnum	y	v11.10.0-rc.1	v11.11.1	v11.12.0-rc.1					63a5ae326	2599	Merge pull request #2599 from microbiomedata/2598-add-storage_units-annotations-to-quantityvalue-slots-that-only-have-one-clear-cut-mixs---ucum-mapping	
permissible_values	analysis_type_enum	metabolomics	2022.06.15.rc1	v10.0.0	v10.1.0			AnalysisTypeEnum		668f56c4c	1001	Merge pull request #1001 from microbiomedata/issue-931-enums	
permissible_values	analysis_type_enum	metagenomics	2022.06.15.rc1	v10.0.0	v10.1.0			AnalysisTypeEnum		668f56c4c	1001	Merge pull request #1001 from microbiomedata/issue-931-enums	
permissible_values	analysis_type_enum	metaproteomics	2022.06.15.rc1	v10.0.0	v10.1.0			AnalysisTypeEnum		668f56c4c	1001	Merge pull request #1001 from microbiomedata/issue-931-enums	
permissible_values	analysis_type_enum	metatranscriptomics	2022.06.15.rc1	v10.0.0	v10.1.0			AnalysisTypeEnum		668f56c4c	1001	Merge pull request #1001 from microbiomedata/issue-931-enums	
permissible_values	analysis_type_enum	natural organic matter	2022.06.15.rc1	v10.0.0	v10.1.0			AnalysisTypeEnum ExtractionTargetEnum		668f56c4c	1001	Merge pull request #1001 from microbiomedata/issue-931-enums	
permissible_values	arch_struc_enum	building	v4.0.0	v11.14.0	v11.15.0	v7.4.5 v7.4.6 v7.4.7 v7.4.8 v7.4.10 v.7.4.11		ArchStrucEnum		7b22a6a00	2773	Merge pull request #2773 from microbiomedata/1368-mixs-gsc-migration	
permissible_values	arch_struc_enum	home	v4.0.0	v11.14.0	v11.15.0	v7.4.5 v7.4.6 v7.4.7 v7.4.8 v7.4.10 v.7.4.11		ArchStrucEnum		7b22a6a00	2773	Merge pull request #2773 from microbiomedata/1368-mixs-gsc-migration	
permissible_values	arch_struc_enum	shed	v4.0.0	v11.14.0	v11.15.0	v7.4.5 v7.4.6 v7.4.7 v7.4.8 v7.4.10 v.7.4.11		ArchStrucEnum		7b22a6a00	2773	Merge pull request #2773 from microbiomedata/1368-mixs-gsc-migration	
permissible_values	biol_stat_enum	breeder's line	v4.0.0	v11.14.0	v11.15.0	v7.4.5 v7.4.6 v7.4.7 v7.4.8 v7.4.10 v.7.4.11		BiolStatEnum		7b22a6a00	2773	Merge pull request #2773 from microbiomedata/1368-mixs-gsc-migration	
permissible_values	biol_stat_enum	clonal selection	v4.0.0	v11.14.0	v11.15.0	v7.4.5 v7.4.6 v7.4.7 v7.4.8 v7.4.10 v.7.4.11		BiolStatEnum		7b22a6a00	2773	Merge pull request #2773 from microbiomedata/1368-mixs-gsc-migration	
permissible_values	biol_stat_enum	hybrid	v4.0.0	v11.14.0	v11.15.0	v7.4.5 v7.4.6 v7.4.7 v7.4.8 v7.4.10 v.7.4.11		BiolStatEnum		7b22a6a00	2773	Merge pull request #2773 from microbiomedata/1368-mixs-gsc-migration	
permissible_values	biol_stat_enum	inbred line	v4.0.0	v11.14.0	v11.15.0	v7.4.5 v7.4.6 v7.4.7 v7.4.8 v7.4.10 v.7.4.11		BiolStatEnum		7b22a6a00	2773	Merge pull request #2773 from microbiomedata/1368-mixs-gsc-migration	
permissible_values	biol_stat_enum	mutant	v4.0.0	v11.14.0	v11.15.0	v7.4.5 v7.4.6 v7.4.7 v7.4.8 v7.4.10 v.7.4.11		BiolStatEnum		7b22a6a00	2773	Merge pull request #2773 from microbiomedata/1368-mixs-gsc-migration	
permissible_values	biol_stat_enum	natural	v4.0.0	v11.14.0	v11.15.0	v7.4.5 v7.4.6 v7.4.7 v7.4.8 v7.4.10 v.7.4.11		BiolStatEnum		7b22a6a00	2773	Merge pull request #2773 from microbiomedata/1368-mixs-gsc-migration	
permissible_values	biol_stat_enum	semi-natural	v4.0.0	v11.14.0	v11.15.0	v7.4.5 v7.4.6 v7.4.7 v7.4.8 v7.4.10 v.7.4.11		BiolStatEnum		7b22a6a00	2773	Merge pull request #2773 from microbiomedata/1368-mixs-gsc-migration	
permissible_values	biol_stat_enum	wild	v4.0.0	v11.14.0	v11.15.0	v7.4.5 v7.4.6 v7.4.7 v7.4.8 v7.4.10 v.7.4.11		BiolStatEnum		7b22a6a00	2773	Merge pull request #2773 from microbiomedata/1368-mixs-gsc-migration	
permissible_values	biosample_category_enum	FICUS	v7.1.0	v7.6.5	v7.6.6			BiosampleCategoryEnum		f9286d797	993	Merge pull request #993 from microbiomedata/issue-931-enums	
permissible_values	biosample_category_enum	LTER	v7.1.0	v7.6.5	v7.6.6			BiosampleCategoryEnum		f9286d797	993	Merge pull request #993 from microbiomedata/issue-931-enums	
permissible_values	biosample_category_enum	NEON	v7.1.0	v7.6.5	v7.6.6			BiosampleCategoryEnum		f9286d797	993	Merge pull request #993 from microbiomedata/issue-931-enums	
permissible_values	biosample_category_enum	SFA	v7.1.0	v7.6.5	v7.6.6			BiosampleCategoryEnum		f9286d797	993	Merge pull request #993 from microbiomedata/issue-931-enums	
permissible_values	biosample_category_enum	SIP	v7.1.0	v7.6.5	v7.6.6			BiosampleCategoryEnum		f9286d797	993	Merge pull request #993 from microbiomedata/issue-931-enums	
permissible_values	biotic_relationship_enum	commensal	v4.0.0	v11.14.0	v11.15.0					7b22a6a00	2773	Merge pull request #2773 from microbiomedata/1368-mixs-gsc-migration	
permissible_values	biotic_relationship_enum	free living	v4.0.0	v11.14.0	v11.15.0			BioticRelationshipEnum		7b22a6a00	2773	Merge pull request #2773 from microbiomedata/1368-mixs-gsc-migration	
permissible_values	biotic_relationship_enum	parasite	v4.0.0	v11.14.0	v11.15.0					7b22a6a00	2773	Merge pull request #2773 from microbiomedata/1368-mixs-gsc-migration	
permissible_values	biotic_relationship_enum	symbiont	v4.0.0	v11.14.0	v11.15.0					7b22a6a00	2773	Merge pull request #2773 from microbiomedata/1368-mixs-gsc-migration	
permissible_values	build_docs_enum	building information model	v4.0.0	v11.14.0	v11.15.0	v7.4.5 v7.4.6 v7.4.7 v7.4.8 v7.4.10 v.7.4.11		BuildDocsEnum		7b22a6a00	2773	Merge pull request #2773 from microbiomedata/1368-mixs-gsc-migration	
permissible_values	build_docs_enum	commissioning report	v4.0.0	v11.14.0	v11.15.0	v7.4.5 v7.4.6 v7.4.7 v7.4.8 v7.4.10 v.7.4.11		BuildDocsEnum		7b22a6a00	2773	Merge pull request #2773 from microbiomedata/1368-mixs-gsc-migration	
permissible_values	build_docs_enum	complaint logs	v4.0.0	v11.14.0	v11.15.0	v7.4.5 v7.4.6 v7.4.7 v7.4.8 v7.4.10 v.7.4.11		BuildDocsEnum		7b22a6a00	2773	Merge pull request #2773 from microbiomedata/1368-mixs-gsc-migration	
permissible_values	build_docs_enum	contract administration	v4.0.0	v11.14.0	v11.15.0	v7.4.5 v7.4.6 v7.4.7 v7.4.8 v7.4.10 v.7.4.11		BuildDocsEnum		7b22a6a00	2773	Merge pull request #2773 from microbiomedata/1368-mixs-gsc-migration	
permissible_values	build_docs_enum	cost estimate	v4.0.0	v11.14.0	v11.15.0	v7.4.5 v7.4.6 v7.4.7 v7.4.8 v7.4.10 v.7.4.11		BuildDocsEnum		7b22a6a00	2773	Merge pull request #2773 from microbiomedata/1368-mixs-gsc-migration	
permissible_values	build_docs_enum	janitorial schedules or logs	v4.0.0	v11.14.0	v11.15.0	v7.4.5 v7.4.6 v7.4.7 v7.4.8 v7.4.10 v.7.4.11		BuildDocsEnum		7b22a6a00	2773	Merge pull request #2773 from microbiomedata/1368-mixs-gsc-migration	
permissible_values	build_docs_enum	maintenance plans	v4.0.0	v11.14.0	v11.15.0	v7.4.5 v7.4.6 v7.4.7 v7.4.8 v7.4.10 v.7.4.11		BuildDocsEnum		7b22a6a00	2773	Merge pull request #2773 from microbiomedata/1368-mixs-gsc-migration	
permissible_values	build_docs_enum	schedule	v4.0.0	v11.14.0	v11.15.0	v7.4.5 v7.4.6 v7.4.7 v7.4.8 v7.4.10 v.7.4.11		BuildDocsEnum		7b22a6a00	2773	Merge pull request #2773 from microbiomedata/1368-mixs-gsc-migration	
permissible_values	build_docs_enum	sections	v4.0.0	v11.14.0	v11.15.0	v7.4.5 v7.4.6 v7.4.7 v7.4.8 v7.4.10 v.7.4.11		BuildDocsEnum		7b22a6a00	2773	Merge pull request #2773 from microbiomedata/1368-mixs-gsc-migration	
permissible_values	build_docs_enum	shop drawings	v4.0.0	v11.14.0	v11.15.0	v7.4.5 v7.4.6 v7.4.7 v7.4.8 v7.4.10 v.7.4.11		BuildDocsEnum		7b22a6a00	2773	Merge pull request #2773 from microbiomedata/1368-mixs-gsc-migration	
permissible_values	build_docs_enum	submittals	v4.0.0	v11.14.0	v11.15.0	v7.4.5 v7.4.6 v7.4.7 v7.4.8 v7.4.10 v.7.4.11		BuildDocsEnum		7b22a6a00	2773	Merge pull request #2773 from microbiomedata/1368-mixs-gsc-migration	
permissible_values	build_docs_enum	ventilation system	v4.0.0	v11.14.0	v11.15.0	v7.4.5 v7.4.6 v7.4.7 v7.4.8 v7.4.10 v.7.4.11		BuildDocsEnum		7b22a6a00	2773	Merge pull request #2773 from microbiomedata/1368-mixs-gsc-migration	
permissible_values	build_docs_enum	windows	v4.0.0	v11.14.0	v11.15.0	v7.4.5 v7.4.6 v7.4.7 v7.4.8 v7.4.10 v.7.4.11		BuildDocsEnum		7b22a6a00	2773	Merge pull request #2773 from microbiomedata/1368-mixs-gsc-migration	
permissible_values	build_occup_type_enum	airport	v4.0.0	v11.14.0	v11.15.0	v7.4.5 v7.4.6 v7.4.7 v7.4.8 v7.4.10 v.7.4.11		BuildOccupTypeEnum		7b22a6a00	2773	Merge pull request #2773 from microbiomedata/1368-mixs-gsc-migration	
permissible_values	build_occup_type_enum	commercial	v4.0.0	v11.14.0	v11.15.0	v7.4.5 v7.4.6 v7.4.7 v7.4.8 v7.4.10 v.7.4.11		BuildOccupTypeEnum		7b22a6a00	2773	Merge pull request #2773 from microbiomedata/1368-mixs-gsc-migration	
permissible_values	build_occup_type_enum	health care	v4.0.0	v11.14.0	v11.15.0	v7.4.5 v7.4.6 v7.4.7 v7.4.8 v7.4.10 v.7.4.11		BuildOccupTypeEnum		7b22a6a00	2773	Merge pull request #2773 from microbiomedata/1368-mixs-gsc-migration	
permissible_values	build_occup_type_enum	high rise	v4.0.0	v11.14.0	v11.15.0	v7.4.5 v7.4.6 v7.4.7 v7.4.8 v7.4.10 v.7.4.11		BuildOccupTypeEnum		7b22a6a00	2773	Merge pull request #2773 from microbiomedata/1368-mixs-gsc-migration	
permissible_values	build_occup_type_enum	low rise	v4.0.0	v11.14.0	v11.15.0	v7.4.5 v7.4.6 v7.4.7 v7.4.8 v7.4.10 v.7.4.11		BuildOccupTypeEnum		7b22a6a00	2773	Merge pull request #2773 from microbiomedata/1368-mixs-gsc-migration	
permissible_values	build_occup_type_enum	market	v4.0.0	v11.14.0	v11.15.0	v7.4.5 v7.4.6 v7.4.7 v7.4.8 v7.4.10 v.7.4.11		BuildOccupTypeEnum		7b22a6a00	2773	Merge pull request #2773 from microbiomedata/1368-mixs-gsc-migration	
permissible_values	build_occup_type_enum	office	v4.0.0	v11.14.0	v11.15.0	v7.4.5 v7.4.6 v7.4.7 v7.4.8 v7.4.10 v.7.4.11		BuildOccupTypeEnum IndoorSpaceEnum RoomConnectedEnum		7b22a6a00	2773	Merge pull request #2773 from microbiomedata/1368-mixs-gsc-migration	
permissible_values	build_occup_type_enum	residence	v4.0.0	v11.14.0	v11.15.0	v7.4.5 v7.4.6 v7.4.7 v7.4.8 v7.4.10 v.7.4.11		BuildOccupTypeEnum		7b22a6a00	2773	Merge pull request #2773 from microbiomedata/1368-mixs-gsc-migration	
permissible_values	build_occup_type_enum	residential	v4.0.0	v11.14.0	v11.15.0	v7.4.5 v7.4.6 v7.4.7 v7.4.8 v7.4.10 v.7.4.11		BuildOccupTypeEnum		7b22a6a00	2773	Merge pull request #2773 from microbiomedata/1368-mixs-gsc-migration	
permissible_values	build_occup_type_enum	restaurant	v4.0.0	v11.14.0	v11.15.0	v7.4.5 v7.4.6 v7.4.7 v7.4.8 v7.4.10 v.7.4.11		BuildOccupTypeEnum		7b22a6a00	2773	Merge pull request #2773 from microbiomedata/1368-mixs-gsc-migration	
permissible_values	build_occup_type_enum	school	v4.0.0	v11.14.0	v11.15.0	v7.4.5 v7.4.6 v7.4.7 v7.4.8 v7.4.10 v.7.4.11		BuildOccupTypeEnum		7b22a6a00	2773	Merge pull request #2773 from microbiomedata/1368-mixs-gsc-migration	
permissible_values	build_occup_type_enum	sports complex	v4.0.0	v11.14.0	v11.15.0	v7.4.5 v7.4.6 v7.4.7 v7.4.8 v7.4.10 v.7.4.11		BuildOccupTypeEnum		7b22a6a00	2773	Merge pull request #2773 from microbiomedata/1368-mixs-gsc-migration	
permissible_values	build_occup_type_enum	wood framed	v4.0.0	v11.14.0	v11.15.0	v7.4.5 v7.4.6 v7.4.7 v7.4.8 v7.4.10 v.7.4.11		BuildOccupTypeEnum		7b22a6a00	2773	Merge pull request #2773 from microbiomedata/1368-mixs-gsc-migration	
permissible_values	building_setting_enum	exurban	v4.0.0	v11.14.0	v11.15.0	v7.4.5 v7.4.6 v7.4.7 v7.4.8 v7.4.10 v.7.4.11		BuildingSettingEnum		7b22a6a00	2773	Merge pull request #2773 from microbiomedata/1368-mixs-gsc-migration	
permissible_values	building_setting_enum	rural	v4.0.0	v11.14.0	v11.15.0	v7.4.5 v7.4.6 v7.4.7 v7.4.8 v7.4.10 v.7.4.11		BuildingSettingEnum BuiltStrucSetEnum		7b22a6a00	2773	Merge pull request #2773 from microbiomedata/1368-mixs-gsc-migration	
permissible_values	building_setting_enum	suburban	v4.0.0	v11.14.0	v11.15.0	v7.4.5 v7.4.6 v7.4.7 v7.4.8 v7.4.10 v.7.4.11		BuildingSettingEnum		7b22a6a00	2773	Merge pull request #2773 from microbiomedata/1368-mixs-gsc-migration	
permissible_values	building_setting_enum	urban	v4.0.0	v11.14.0	v11.15.0	v7.4.5 v7.4.6 v7.4.7 v7.4.8 v7.4.10 v.7.4.11		BuildingSettingEnum BuiltStrucSetEnum		7b22a6a00	2773	Merge pull request #2773 from microbiomedata/1368-mixs-gsc-migration	
permissible_values	ceil_cond_enum	damaged	v4.0.0	v11.14.0	v11.15.0	v7.4.5 v7.4.6 v7.4.7 v7.4.8 v7.4.10 v.7.4.11		DamagedEnum DamagedRupturedEnum RoomCondtEnum		7b22a6a00	2773	Merge pull request #2773 from microbiomedata/1368-mixs-gsc-migration	
permissible_values	ceil_cond_enum	needs repair	v4.0.0	v11.14.0	v11.15.0	v7.4.5 v7.4.6 v7.4.7 v7.4.8 v7.4.10 v.7.4.11		DamagedEnum DamagedRupturedEnum RoomCondtEnum		7b22a6a00	2773	Merge pull request #2773 from microbiomedata/1368-mixs-gsc-migration	
permissible_values	ceil_cond_enum	new	v4.0.0	v11.14.0	v11.15.0	v7.4.5 v7.4.6 v7.4.7 v7.4.8 v7.4.10 v.7.4.11		DamagedEnum DamagedRupturedEnum RoomCondtEnum		7b22a6a00	2773	Merge pull request #2773 from microbiomedata/1368-mixs-gsc-migration	
permissible_values	ceil_cond_enum	rupture	v4.0.0	v11.14.0	v11.15.0	v7.4.5 v7.4.6 v7.4.7 v7.4.8 v7.4.10 v.7.4.11		DamagedEnum DamagedRupturedEnum RoomCondtEnum		7b22a6a00	2773	Merge pull request #2773 from microbiomedata/1368-mixs-gsc-migration	
permissible_values	ceil_cond_enum	visible wear	v4.0.0	v11.14.0	v11.15.0	v7.4.5 v7.4.6 v7.4.7 v7.4.8 v7.4.10 v.7.4.11		DamagedEnum DamagedRupturedEnum RoomCondtEnum		7b22a6a00	2773	Merge pull request #2773 from microbiomedata/1368-mixs-gsc-migration	
permissible_values	ceil_finish_mat_enum	PVC	v4.0.0	v11.14.0	v11.15.0	v7.4.5 v7.4.6 v7.4.7 v7.4.8 v7.4.10 v.7.4.11		CeilFinishMatEnum		7b22a6a00	2773	Merge pull request #2773 from microbiomedata/1368-mixs-gsc-migration	
permissible_values	ceil_finish_mat_enum	drywall	v4.0.0	v11.14.0	v11.15.0	v7.4.5 v7.4.6 v7.4.7 v7.4.8 v7.4.10 v.7.4.11		CeilFinishMatEnum		7b22a6a00	2773	Merge pull request #2773 from microbiomedata/1368-mixs-gsc-migration	
permissible_values	ceil_finish_mat_enum	fiberglass	v4.0.0	v11.14.0	v11.15.0	v7.4.5 v7.4.6 v7.4.7 v7.4.8 v7.4.10 v.7.4.11		CeilFinishMatEnum DoorMatEnum WindowMatEnum		7b22a6a00	2773	Merge pull request #2773 from microbiomedata/1368-mixs-gsc-migration	
permissible_values	ceil_finish_mat_enum	metal	v4.0.0	v11.14.0	v11.15.0	v7.4.5 v7.4.6 v7.4.7 v7.4.8 v7.4.10 v.7.4.11		CeilFinishMatEnum DoorMatEnum DoorTypeEnum SurfMaterialEnum WallFinishMatEnum WindowMatEnum		7b22a6a00	2773	Merge pull request #2773 from microbiomedata/1368-mixs-gsc-migration	
permissible_values	ceil_finish_mat_enum	mineral fibre	v4.0.0	v11.14.0	v11.15.0	v7.4.5 v7.4.6 v7.4.7 v7.4.8 v7.4.10 v.7.4.11		CeilFinishMatEnum		7b22a6a00	2773	Merge pull request #2773 from microbiomedata/1368-mixs-gsc-migration	
permissible_values	ceil_finish_mat_enum	mineral wool/calcium silicate	v4.0.0	v11.14.0	v11.15.0	v7.4.5 v7.4.6 v7.4.7 v7.4.8 v7.4.10 v.7.4.11		CeilFinishMatEnum		7b22a6a00	2773	Merge pull request #2773 from microbiomedata/1368-mixs-gsc-migration	
permissible_values	ceil_finish_mat_enum	plasterboard	v4.0.0	v11.14.0	v11.15.0	v7.4.5 v7.4.6 v7.4.7 v7.4.8 v7.4.10 v.7.4.11		CeilFinishMatEnum		7b22a6a00	2773	Merge pull request #2773 from microbiomedata/1368-mixs-gsc-migration	
permissible_values	ceil_finish_mat_enum	stucco	v4.0.0	v11.14.0	v11.15.0	v7.4.5 v7.4.6 v7.4.7 v7.4.8 v7.4.10 v.7.4.11		CeilFinishMatEnum SurfMaterialEnum WallSurfTreatmentEnum		7b22a6a00	2773	Merge pull request #2773 from microbiomedata/1368-mixs-gsc-migration	
permissible_values	ceil_finish_mat_enum	tiles	v4.0.0	v11.14.0	v11.15.0	v7.4.5 v7.4.6 v7.4.7 v7.4.8 v7.4.10 v.7.4.11		CeilFinishMatEnum		7b22a6a00	2773	Merge pull request #2773 from microbiomedata/1368-mixs-gsc-migration	
permissible_values	ceil_finish_mat_enum	wood	v4.0.0	v11.14.0	v11.15.0	v7.4.5 v7.4.6 v7.4.7 v7.4.8 v7.4.10 v.7.4.11		CeilFinishMatEnum DoorMatEnum SurfMaterialEnum WallFinishMatEnum WindowMatEnum		7b22a6a00	2773	Merge pull request #2773 from microbiomedata/1368-mixs-gsc-migration	
permissible_values	ceil_texture_enum	Santa-Fe texture	v4.0.0	v11.14.0	v11.15.0	v7.4.5 v7.4.6 v7.4.7 v7.4.8 v7.4.10 v.7.4.11		CeilingWallTextureEnum		7b22a6a00	2773	Merge pull request #2773 from microbiomedata/1368-mixs-gsc-migration	
permissible_values	ceil_texture_enum	crows feet	v4.0.0	v11.14.0	v11.15.0	v7.4.5 v7.4.6 v7.4.7 v7.4.8 v7.4.10 v.7.4.11		CeilingWallTextureEnum		7b22a6a00	2773	Merge pull request #2773 from microbiomedata/1368-mixs-gsc-migration	
permissible_values	ceil_texture_enum	crows-foot stomp	v4.0.0	v11.14.0	v11.15.0	v7.4.5 v7.4.6 v7.4.7 v7.4.8 v7.4.10 v.7.4.11		CeilingWallTextureEnum		7b22a6a00	2773	Merge pull request #2773 from microbiomedata/1368-mixs-gsc-migration	
permissible_values	ceil_texture_enum	double skip	v4.0.0	v11.14.0	v11.15.0	v7.4.5 v7.4.6 v7.4.7 v7.4.8 v7.4.10 v.7.4.11		CeilingWallTextureEnum		7b22a6a00	2773	Merge pull request #2773 from microbiomedata/1368-mixs-gsc-migration	
permissible_values	ceil_texture_enum	hawk and trowel	v4.0.0	v11.14.0	v11.15.0	v7.4.5 v7.4.6 v7.4.7 v7.4.8 v7.4.10 v.7.4.11		CeilingWallTextureEnum		7b22a6a00	2773	Merge pull request #2773 from microbiomedata/1368-mixs-gsc-migration	
permissible_values	ceil_texture_enum	knockdown	v4.0.0	v11.14.0	v11.15.0	v7.4.5 v7.4.6 v7.4.7 v7.4.8 v7.4.10 v.7.4.11		CeilingWallTextureEnum		7b22a6a00	2773	Merge pull request #2773 from microbiomedata/1368-mixs-gsc-migration	
permissible_values	ceil_texture_enum	orange peel	v4.0.0	v11.14.0	v11.15.0	v7.4.5 v7.4.6 v7.4.7 v7.4.8 v7.4.10 v.7.4.11		CeilingWallTextureEnum		7b22a6a00	2773	Merge pull request #2773 from microbiomedata/1368-mixs-gsc-migration	
permissible_values	ceil_texture_enum	popcorn	v4.0.0	v11.14.0	v11.15.0	v7.4.5 v7.4.6 v7.4.7 v7.4.8 v7.4.10 v.7.4.11		CeilingWallTextureEnum		7b22a6a00	2773	Merge pull request #2773 from microbiomedata/1368-mixs-gsc-migration	
permissible_values	ceil_texture_enum	rosebud stomp	v4.0.0	v11.14.0	v11.15.0	v7.4.5 v7.4.6 v7.4.7 v7.4.8 v7.4.10 v.7.4.11		CeilingWallTextureEnum		7b22a6a00	2773	Merge pull request #2773 from microbiomedata/1368-mixs-gsc-migration	
permissible_values	ceil_texture_enum	skip trowel	v4.0.0	v11.14.0	v11.15.0	v7.4.5 v7.4.6 v7.4.7 v7.4.8 v7.4.10 v.7.4.11		CeilingWallTextureEnum		7b22a6a00	2773	Merge pull request #2773 from microbiomedata/1368-mixs-gsc-migration	
permissible_values	ceil_texture_enum	smooth	v4.0.0	v11.14.0	v11.15.0	v7.4.5 v7.4.6 v7.4.7 v7.4.8 v7.4.10 v.7.4.11		CeilingWallTextureEnum		7b22a6a00	2773	Merge pull request #2773 from microbiomedata/1368-mixs-gsc-migration	
permissible_values	ceil_texture_enum	stomp knockdown	v4.0.0	v11.14.0	v11.15.0	v7.4.5 v7.4.6 v7.4.7 v7.4.8 v7.4.10 v.7.4.11		CeilingWallTextureEnum		7b22a6a00	2773	Merge pull request #2773 from microbiomedata/1368-mixs-gsc-migration	
permissible_values	ceil_texture_enum	swirl	v4.0.0	v11.14.0	v11.15.0	v7.4.5 v7.4.6 v7.4.7 v7.4.8 v7.4.10 v.7.4.11		CeilingWallTextureEnum		7b22a6a00	2773	Merge pull request #2773 from microbiomedata/1368-mixs-gsc-migration	
permissible_values	ceil_type_enum	barrel-shaped	v4.0.0	v11.14.0	v11.15.0	v7.4.5 v7.4.6 v7.4.7 v7.4.8 v7.4.10 v.7.4.11		CeilTypeEnum		7b22a6a00	2773	Merge pull request #2773 from microbiomedata/1368-mixs-gsc-migration	
permissible_values	ceil_type_enum	cathedral	v4.0.0	v11.14.0	v11.15.0	v7.4.5 v7.4.6 v7.4.7 v7.4.8 v7.4.10 v.7.4.11		CeilTypeEnum		7b22a6a00	2773	Merge pull request #2773 from microbiomedata/1368-mixs-gsc-migration	
permissible_values	ceil_type_enum	coffered	v4.0.0	v11.14.0	v11.15.0	v7.4.5 v7.4.6 v7.4.7 v7.4.8 v7.4.10 v.7.4.11		CeilTypeEnum		7b22a6a00	2773	Merge pull request #2773 from microbiomedata/1368-mixs-gsc-migration	
permissible_values	ceil_type_enum	concave	v4.0.0	v11.14.0	v11.15.0	v7.4.5 v7.4.6 v7.4.7 v7.4.8 v7.4.10 v.7.4.11		CeilTypeEnum		7b22a6a00	2773	Merge pull request #2773 from microbiomedata/1368-mixs-gsc-migration	
permissible_values	ceil_type_enum	cove	v4.0.0	v11.14.0	v11.15.0	v7.4.5 v7.4.6 v7.4.7 v7.4.8 v7.4.10 v.7.4.11		CeilTypeEnum		7b22a6a00	2773	Merge pull request #2773 from microbiomedata/1368-mixs-gsc-migration	
permissible_values	ceil_type_enum	dropped	v4.0.0	v11.14.0	v11.15.0	v7.4.5 v7.4.6 v7.4.7 v7.4.8 v7.4.10 v.7.4.11		CeilTypeEnum		7b22a6a00	2773	Merge pull request #2773 from microbiomedata/1368-mixs-gsc-migration	
permissible_values	ceil_type_enum	stretched	v4.0.0	v11.14.0	v11.15.0	v7.4.5 v7.4.6 v7.4.7 v7.4.8 v7.4.10 v.7.4.11		CeilTypeEnum		7b22a6a00	2773	Merge pull request #2773 from microbiomedata/1368-mixs-gsc-migration	
permissible_values	credit enum	Conceptualization	1.0.0	v10.0.0	v10.1.0			CreditEnum		668f56c4c	1001	Merge pull request #1001 from microbiomedata/issue-931-enums	
permissible_values	credit enum	Data curation	1.0.0	v10.0.0	v10.1.0			CreditEnum		668f56c4c	1001	Merge pull request #1001 from microbiomedata/issue-931-enums	
permissible_values	credit enum	Formal Analysis	1.0.0	v10.0.0	v10.1.0			CreditEnum		668f56c4c	1001	Merge pull request #1001 from microbiomedata/issue-931-enums	
permissible_values	credit enum	Funding acquisition	1.0.0	v10.0.0	v10.1.0			CreditEnum		668f56c4c	1001	Merge pull request #1001 from microbiomedata/issue-931-enums	
permissible_values	credit enum	Investigation	1.0.0	v10.0.0	v10.1.0			CreditEnum		668f56c4c	1001	Merge pull request #1001 from microbiomedata/issue-931-enums	
permissible_values	credit enum	Methodology	1.0.0	v10.0.0	v10.1.0			CreditEnum		668f56c4c	1001	Merge pull request #1001 from microbiomedata/issue-931-enums	
permissible_values	credit enum	Principal Investigator	1.0.0	v10.0.0	v10.1.0			CreditEnum		668f56c4c	1001	Merge pull request #1001 from microbiomedata/issue-931-enums	
permissible_values	credit enum	Project administration	1.0.0	v10.0.0	v10.1.0			CreditEnum		668f56c4c	1001	Merge pull request #1001 from microbiomedata/issue-931-enums	
permissible_values	credit enum	Resources	1.0.0	v10.0.0	v10.1.0			CreditEnum		668f56c4c	1001	Merge pull request #1001 from microbiomedata/issue-931-enums	
permissible_values	credit enum	Software	1.0.0	v10.0.0	v10.1.0			CreditEnum		668f56c4c	1001	Merge pull request #1001 from microbiomedata/issue-931-enums	
permissible_values	credit enum	Submitter	v6.0.4	v10.0.0	v10.1.0			CreditEnum		668f56c4c	1001	Merge pull request #1001 from microbiomedata/issue-931-enums	
permissible_values	credit enum	Supervision	1.0.0	v10.0.0	v10.1.0			CreditEnum		668f56c4c	1001	Merge pull request #1001 from microbiomedata/issue-931-enums	
permissible_values	credit enum	Validation	1.0.0	v10.0.0	v10.1.0			CreditEnum		668f56c4c	1001	Merge pull request #1001 from microbiomedata/issue-931-enums	
permissible_values	credit enum	Visualization	1.0.0	v10.0.0	v10.1.0			CreditEnum		668f56c4c	1001	Merge pull request #1001 from microbiomedata/issue-931-enums	
permissible_values	credit enum	Writing original draft	1.0.0	v10.0.0	v10.1.0			CreditEnum		668f56c4c	1001	Merge pull request #1001 from microbiomedata/issue-931-enums	
permissible_values	credit enum	Writing review and editing	1.0.0	v10.0.0	v10.1.0			CreditEnum		668f56c4c	1001	Merge pull request #1001 from microbiomedata/issue-931-enums	
permissible_values	cur_land_use_enum	badlands	v4.0.0	v11.14.0	v11.15.0			CurLandUseEnum		7b22a6a00	2773	Merge pull request #2773 from microbiomedata/1368-mixs-gsc-migration	
permissible_values	cur_land_use_enum	cities	v4.0.0	v11.14.0	v11.15.0			CurLandUseEnum		7b22a6a00	2773	Merge pull request #2773 from microbiomedata/1368-mixs-gsc-migration	
permissible_values	cur_land_use_enum	conifers	v7.6.0	v11.14.0	v11.15.0			CurLandUseEnum		7b22a6a00	2773	Merge pull request #2773 from microbiomedata/1368-mixs-gsc-migration	
permissible_values	cur_land_use_enum	conifers (e.g. pine,spruce,fir,cypress)	v4.0.0	v7.5.0	v7.6.0					323e4ab24	860	Merge pull request #860 from microbiomedata/update-geolocation-value	
permissible_values	cur_land_use_enum	crop trees	v7.6.0	v11.14.0	v11.15.0			CurLandUseEnum		7b22a6a00	2773	Merge pull request #2773 from microbiomedata/1368-mixs-gsc-migration	
permissible_values	cur_land_use_enum	crop trees (nuts,fruit,christmas trees,nursery trees)	v4.0.0	v7.5.0	v7.6.0					323e4ab24	860	Merge pull request #860 from microbiomedata/update-geolocation-value	
permissible_values	cur_land_use_enum	farmstead	v4.0.0	v11.14.0	v11.15.0			CurLandUseEnum		7b22a6a00	2773	Merge pull request #2773 from microbiomedata/1368-mixs-gsc-migration	
permissible_values	cur_land_use_enum	gravel	v4.0.0	v11.14.0	v11.15.0			CurLandUseEnum		7b22a6a00	2773	Merge pull request #2773 from microbiomedata/1368-mixs-gsc-migration	
permissible_values	cur_land_use_enum	hardwoods	v7.6.0	v11.14.0	v11.15.0			CurLandUseEnum		7b22a6a00	2773	Merge pull request #2773 from microbiomedata/1368-mixs-gsc-migration	
permissible_values	cur_land_use_enum	hardwoods (e.g. oak,hickory,elm,aspen)	v4.0.0	v7.5.0	v7.6.0					323e4ab24	860	Merge pull request #860 from microbiomedata/update-geolocation-value	
permissible_values	cur_land_use_enum	hayland	v4.0.0	v11.14.0	v11.15.0			CurLandUseEnum		7b22a6a00	2773	Merge pull request #2773 from microbiomedata/1368-mixs-gsc-migration	
permissible_values	cur_land_use_enum	horticultural plants	v7.6.0	v11.14.0	v11.15.0			CurLandUseEnum		7b22a6a00	2773	Merge pull request #2773 from microbiomedata/1368-mixs-gsc-migration	
permissible_values	cur_land_use_enum	horticultural plants (e.g. tulips)	v4.0.0	v7.5.0	v7.6.0					323e4ab24	860	Merge pull request #860 from microbiomedata/update-geolocation-value	
permissible_values	cur_land_use_enum	industrial areas	v4.0.0	v11.14.0	v11.15.0			CurLandUseEnum		7b22a6a00	2773	Merge pull request #2773 from microbiomedata/1368-mixs-gsc-migration	
permissible_values	cur_land_use_enum	intermixed hardwood and conifers	v4.0.0	v11.14.0	v11.15.0			CurLandUseEnum		7b22a6a00	2773	Merge pull request #2773 from microbiomedata/1368-mixs-gsc-migration	
permissible_values	cur_land_use_enum	marshlands	v7.6.0	v11.14.0	v11.15.0			CurLandUseEnum		7b22a6a00	2773	Merge pull request #2773 from microbiomedata/1368-mixs-gsc-migration	
permissible_values	cur_land_use_enum	marshlands (grass,sedges,rushes)	v4.0.0	v7.5.0	v7.6.0					323e4ab24	860	Merge pull request #860 from microbiomedata/update-geolocation-value	
permissible_values	cur_land_use_enum	meadows	v7.6.0	v11.14.0	v11.15.0			CurLandUseEnum		7b22a6a00	2773	Merge pull request #2773 from microbiomedata/1368-mixs-gsc-migration	
permissible_values	cur_land_use_enum	meadows (grasses,alfalfa,fescue,bromegrass,timothy)	v4.0.0	v7.5.0	v7.6.0					323e4ab24	860	Merge pull request #860 from microbiomedata/update-geolocation-value	
permissible_values	cur_land_use_enum	mines/quarries	v4.0.0	v11.14.0	v11.15.0			CurLandUseEnum		7b22a6a00	2773	Merge pull request #2773 from microbiomedata/1368-mixs-gsc-migration	
permissible_values	cur_land_use_enum	mudflats	v4.0.0	v11.14.0	v11.15.0			CurLandUseEnum		7b22a6a00	2773	Merge pull request #2773 from microbiomedata/1368-mixs-gsc-migration	
permissible_values	cur_land_use_enum	oil waste areas	v4.0.0	v11.14.0	v11.15.0			CurLandUseEnum		7b22a6a00	2773	Merge pull request #2773 from microbiomedata/1368-mixs-gsc-migration	
permissible_values	cur_land_use_enum	pastureland	v7.6.0	v11.14.0	v11.15.0			CurLandUseEnum		7b22a6a00	2773	Merge pull request #2773 from microbiomedata/1368-mixs-gsc-migration	
permissible_values	cur_land_use_enum	pastureland (grasslands used for livestock grazing)	v4.0.0	v7.5.0	v7.6.0					323e4ab24	860	Merge pull request #860 from microbiomedata/update-geolocation-value	
permissible_values	cur_land_use_enum	permanent snow or ice	v4.0.0	v11.14.0	v11.15.0			CurLandUseEnum		7b22a6a00	2773	Merge pull request #2773 from microbiomedata/1368-mixs-gsc-migration	
permissible_values	cur_land_use_enum	rainforest	v7.6.0	v11.14.0	v11.15.0			CurLandUseEnum		7b22a6a00	2773	Merge pull request #2773 from microbiomedata/1368-mixs-gsc-migration	
permissible_values	cur_land_use_enum	rainforest (evergreen forest receiving greater than 406 cm annual rainfall)	v4.0.0	v7.5.0	v7.6.0					323e4ab24	860	Merge pull request #860 from microbiomedata/update-geolocation-value	
permissible_values	cur_land_use_enum	rangeland	v4.0.0	v11.14.0	v11.15.0			CurLandUseEnum		7b22a6a00	2773	Merge pull request #2773 from microbiomedata/1368-mixs-gsc-migration	
permissible_values	cur_land_use_enum	roads/railroads	v4.0.0	v11.14.0	v11.15.0			CurLandUseEnum		7b22a6a00	2773	Merge pull request #2773 from microbiomedata/1368-mixs-gsc-migration	
permissible_values	cur_land_use_enum	rock	v4.0.0	v11.14.0	v11.15.0			CurLandUseEnum		7b22a6a00	2773	Merge pull request #2773 from microbiomedata/1368-mixs-gsc-migration	
permissible_values	cur_land_use_enum	row crops	v4.0.0	v11.14.0	v11.15.0			CurLandUseEnum		7b22a6a00	2773	Merge pull request #2773 from microbiomedata/1368-mixs-gsc-migration	
permissible_values	cur_land_use_enum	saline seeps	v4.0.0	v11.14.0	v11.15.0			CurLandUseEnum		7b22a6a00	2773	Merge pull request #2773 from microbiomedata/1368-mixs-gsc-migration	
permissible_values	cur_land_use_enum	salt flats	v4.0.0	v11.14.0	v11.15.0			CurLandUseEnum		7b22a6a00	2773	Merge pull request #2773 from microbiomedata/1368-mixs-gsc-migration	
permissible_values	cur_land_use_enum	sand	v4.0.0	v11.14.0	v11.15.0			CurLandUseEnum		7b22a6a00	2773	Merge pull request #2773 from microbiomedata/1368-mixs-gsc-migration	
permissible_values	cur_land_use_enum	shrub crops	v7.6.0	v11.14.0	v11.15.0			CurLandUseEnum		7b22a6a00	2773	Merge pull request #2773 from microbiomedata/1368-mixs-gsc-migration	
permissible_values	cur_land_use_enum	shrub crops (blueberries,nursery ornamentals,filberts)	v4.0.0	v7.5.0	v7.6.0					323e4ab24	860	Merge pull request #860 from microbiomedata/update-geolocation-value	
permissible_values	cur_land_use_enum	shrub land	v7.6.0	v11.14.0	v11.15.0			CurLandUseEnum		7b22a6a00	2773	Merge pull request #2773 from microbiomedata/1368-mixs-gsc-migration	
permissible_values	cur_land_use_enum	shrub land (e.g. mesquite,sage-brush,creosote bush,shrub oak,eucalyptus)	v4.0.0	v7.5.0	v7.6.0					323e4ab24	860	Merge pull request #860 from microbiomedata/update-geolocation-value	
permissible_values	cur_land_use_enum	small grains	v4.0.0	v11.14.0	v11.15.0			CurLandUseEnum		7b22a6a00	2773	Merge pull request #2773 from microbiomedata/1368-mixs-gsc-migration	
permissible_values	cur_land_use_enum	successional shrub land	v7.6.0	v11.14.0	v11.15.0			CurLandUseEnum		7b22a6a00	2773	Merge pull request #2773 from microbiomedata/1368-mixs-gsc-migration	
permissible_values	cur_land_use_enum	successional shrub land (tree saplings,hazels,sumacs,chokecherry,shrub dogwoods,blackberries)	v4.0.0	v7.5.0	v7.6.0					323e4ab24	860	Merge pull request #860 from microbiomedata/update-geolocation-value	
permissible_values	cur_land_use_enum	swamp	v7.6.0	v11.14.0	v11.15.0			CurLandUseEnum		7b22a6a00	2773	Merge pull request #2773 from microbiomedata/1368-mixs-gsc-migration	
permissible_values	cur_land_use_enum	swamp (permanent or semi-permanent water body dominated by woody plants)	v4.0.0	v7.5.0	v7.6.0					323e4ab24	860	Merge pull request #860 from microbiomedata/update-geolocation-value	
permissible_values	cur_land_use_enum	tropical	v7.6.0	v11.14.0	v11.15.0			CurLandUseEnum		7b22a6a00	2773	Merge pull request #2773 from microbiomedata/1368-mixs-gsc-migration	
permissible_values	cur_land_use_enum	tropical (e.g. mangrove,palms)	v4.0.0	v7.5.0	v7.6.0					323e4ab24	860	Merge pull request #860 from microbiomedata/update-geolocation-value	
permissible_values	cur_land_use_enum	tundra	v7.6.0	v11.14.0	v11.15.0			CurLandUseEnum		7b22a6a00	2773	Merge pull request #2773 from microbiomedata/1368-mixs-gsc-migration	
permissible_values	cur_land_use_enum	tundra (mosses,lichens)	v4.0.0	v7.5.0	v7.6.0					323e4ab24	860	Merge pull request #860 from microbiomedata/update-geolocation-value	
permissible_values	cur_land_use_enum	vegetable crops	v4.0.0	v11.14.0	v11.15.0			CurLandUseEnum		7b22a6a00	2773	Merge pull request #2773 from microbiomedata/1368-mixs-gsc-migration	
permissible_values	cur_land_use_enum	vine crops	v7.6.0	v11.14.0	v11.15.0			CurLandUseEnum		7b22a6a00	2773	Merge pull request #2773 from microbiomedata/1368-mixs-gsc-migration	
permissible_values	cur_land_use_enum	vine crops (grapes)	v4.0.0	v7.5.0	v7.6.0					323e4ab24	860	Merge pull request #860 from microbiomedata/update-geolocation-value	
permissible_values	depos_env_enum	Continental - Aeolian	v4.0.0	v11.14.0	v11.15.0	v7.4.5 v7.4.6 v7.4.7 v7.4.8 v7.4.10 v.7.4.11		DeposEnvEnum		7b22a6a00	2773	Merge pull request #2773 from microbiomedata/1368-mixs-gsc-migration	
permissible_values	depos_env_enum	Continental - Alluvial	v4.0.0	v11.14.0	v11.15.0	v7.4.5 v7.4.6 v7.4.7 v7.4.8 v7.4.10 v.7.4.11		DeposEnvEnum		7b22a6a00	2773	Merge pull request #2773 from microbiomedata/1368-mixs-gsc-migration	
permissible_values	depos_env_enum	Continental - Fluvial	v4.0.0	v11.14.0	v11.15.0	v7.4.5 v7.4.6 v7.4.7 v7.4.8 v7.4.10 v.7.4.11		DeposEnvEnum		7b22a6a00	2773	Merge pull request #2773 from microbiomedata/1368-mixs-gsc-migration	
permissible_values	depos_env_enum	Continental - Lacustrine	v4.0.0	v11.14.0	v11.15.0	v7.4.5 v7.4.6 v7.4.7 v7.4.8 v7.4.10 v.7.4.11		DeposEnvEnum		7b22a6a00	2773	Merge pull request #2773 from microbiomedata/1368-mixs-gsc-migration	
permissible_values	depos_env_enum	Marine - Deep	v4.0.0	v11.14.0	v11.15.0	v7.4.5 v7.4.6 v7.4.7 v7.4.8 v7.4.10 v.7.4.11		DeposEnvEnum		7b22a6a00	2773	Merge pull request #2773 from microbiomedata/1368-mixs-gsc-migration	
permissible_values	depos_env_enum	Marine - Reef	v4.0.0	v11.14.0	v11.15.0	v7.4.5 v7.4.6 v7.4.7 v7.4.8 v7.4.10 v.7.4.11		DeposEnvEnum		7b22a6a00	2773	Merge pull request #2773 from microbiomedata/1368-mixs-gsc-migration	
permissible_values	depos_env_enum	Marine - Shallow	v4.0.0	v11.14.0	v11.15.0	v7.4.5 v7.4.6 v7.4.7 v7.4.8 v7.4.10 v.7.4.11		DeposEnvEnum		7b22a6a00	2773	Merge pull request #2773 from microbiomedata/1368-mixs-gsc-migration	
permissible_values	depos_env_enum	Other - Evaporite	v4.0.0	v11.14.0	v11.15.0	v7.4.5 v7.4.6 v7.4.7 v7.4.8 v7.4.10 v.7.4.11		DeposEnvEnum		7b22a6a00	2773	Merge pull request #2773 from microbiomedata/1368-mixs-gsc-migration	
permissible_values	depos_env_enum	Other - Glacial	v4.0.0	v11.14.0	v11.15.0	v7.4.5 v7.4.6 v7.4.7 v7.4.8 v7.4.10 v.7.4.11		DeposEnvEnum		7b22a6a00	2773	Merge pull request #2773 from microbiomedata/1368-mixs-gsc-migration	
permissible_values	depos_env_enum	Other - Volcanic	v4.0.0	v11.14.0	v11.15.0	v7.4.5 v7.4.6 v7.4.7 v7.4.8 v7.4.10 v.7.4.11		DeposEnvEnum		7b22a6a00	2773	Merge pull request #2773 from microbiomedata/1368-mixs-gsc-migration	
permissible_values	depos_env_enum	Transitional - Beach	v4.0.0	v11.14.0	v11.15.0	v7.4.5 v7.4.6 v7.4.7 v7.4.8 v7.4.10 v.7.4.11		DeposEnvEnum		7b22a6a00	2773	Merge pull request #2773 from microbiomedata/1368-mixs-gsc-migration	
permissible_values	depos_env_enum	Transitional - Deltaic	v4.0.0	v11.14.0	v11.15.0	v7.4.5 v7.4.6 v7.4.7 v7.4.8 v7.4.10 v.7.4.11		DeposEnvEnum		7b22a6a00	2773	Merge pull request #2773 from microbiomedata/1368-mixs-gsc-migration	
permissible_values	depos_env_enum	Transitional - Lagoonal	v4.0.0	v11.14.0	v11.15.0	v7.4.5 v7.4.6 v7.4.7 v7.4.8 v7.4.10 v.7.4.11		DeposEnvEnum		7b22a6a00	2773	Merge pull request #2773 from microbiomedata/1368-mixs-gsc-migration	
permissible_values	depos_env_enum	Transitional - Lake	v4.0.0	v11.14.0	v11.15.0	v7.4.5 v7.4.6 v7.4.7 v7.4.8 v7.4.10 v.7.4.11		DeposEnvEnum		7b22a6a00	2773	Merge pull request #2773 from microbiomedata/1368-mixs-gsc-migration	
permissible_values	depos_env_enum	Transitional - Tidal	v4.0.0	v11.14.0	v11.15.0	v7.4.5 v7.4.6 v7.4.7 v7.4.8 v7.4.10 v.7.4.11		DeposEnvEnum		7b22a6a00	2773	Merge pull request #2773 from microbiomedata/1368-mixs-gsc-migration	
permissible_values	depos_env_enum	other	v4.0.0	v11.14.0	v11.15.0	v7.4.5 v7.4.6 v7.4.7 v7.4.8 v7.4.10 v.7.4.11		DeposEnvEnum FailureWhatEnum FreqCleanEnum GeolAgeEnum HcProducedEnum HcrEnum LibLayoutEnum LibrarySelectionEnum LithologyEnum OxyStatSampEnum SampCaptStatusEnum SampCollectPointEnum SampDisStageEnum SampSubtypeEnum SrDepEnvEnum SrKerogTypeEnum SrLithologyEnum		7b22a6a00	2773	Merge pull request #2773 from microbiomedata/1368-mixs-gsc-migration	
permissible_values	dna_cont_type_enum	plate	2022.06.15.rc1	v7.5.0	v7.6.0					b50e66aad	842	Merge pull request #842 from microbiomedata/issue-840-YesNoEnum	
permissible_values	dna_cont_type_enum	tube	2022.06.15.rc1	v7.5.0	v7.6.0					b50e66aad	842	Merge pull request #842 from microbiomedata/issue-840-YesNoEnum	
permissible_values	dna_dnase_enum	no	2022.06.15.rc1	v7.5.0	v7.6.0			YesNoEnum		a36d9d5c3	841	Merge pull request #841 from microbiomedata/issue-840-YesNoEnum	
permissible_values	dna_dnase_enum	yes	2022.06.15.rc1	v7.5.0	v7.6.0			YesNoEnum		a36d9d5c3	841	Merge pull request #841 from microbiomedata/issue-840-YesNoEnum	
permissible_values	dna_sample_format_enum	10 mM Tris-HCl	2022.06.15.rc1	v10.0.0	v10.1.0					668f56c4c	1001	Merge pull request #1001 from microbiomedata/issue-931-enums	
permissible_values	dna_sample_format_enum	DNAStable	2022.06.15.rc1	v10.0.0	v10.1.0					668f56c4c	1001	Merge pull request #1001 from microbiomedata/issue-931-enums	
permissible_values	dna_sample_format_enum	Ethanol	2022.06.15.rc1	v10.0.0	v10.1.0					668f56c4c	1001	Merge pull request #1001 from microbiomedata/issue-931-enums	
permissible_values	dna_sample_format_enum	Gentegra-DNA	v7.2.0	v10.0.0	v10.1.0					668f56c4c	1001	Merge pull request #1001 from microbiomedata/issue-931-enums	
permissible_values	dna_sample_format_enum	Gentegra-RNA	v7.2.0	v10.0.0	v10.1.0					668f56c4c	1001	Merge pull request #1001 from microbiomedata/issue-931-enums	
permissible_values	dna_sample_format_enum	Low EDTA TE	2022.06.15.rc1	v10.0.0	v10.1.0					668f56c4c	1001	Merge pull request #1001 from microbiomedata/issue-931-enums	
permissible_values	dna_sample_format_enum	MDA reaction buffer	2022.06.15.rc1	v10.0.0	v10.1.0					668f56c4c	1001	Merge pull request #1001 from microbiomedata/issue-931-enums	
permissible_values	dna_sample_format_enum	PBS	2022.06.15.rc1	v10.0.0	v10.1.0					668f56c4c	1001	Merge pull request #1001 from microbiomedata/issue-931-enums	
permissible_values	dna_sample_format_enum	Pellet	2022.06.15.rc1	v10.0.0	v10.1.0					668f56c4c	1001	Merge pull request #1001 from microbiomedata/issue-931-enums	
permissible_values	dna_sample_format_enum	RNAStable	2022.06.15.rc1	v10.0.0	v10.1.0					668f56c4c	1001	Merge pull request #1001 from microbiomedata/issue-931-enums	
permissible_values	dna_sample_format_enum	TE	2022.06.15.rc1	v10.0.0	v10.1.0					668f56c4c	1001	Merge pull request #1001 from microbiomedata/issue-931-enums	
permissible_values	dna_sample_format_enum	Water	2022.06.15.rc1	v10.0.0	v10.1.0					668f56c4c	1001	Merge pull request #1001 from microbiomedata/issue-931-enums	
permissible_values	dnase_rna_enum	no	2022.06.15.rc1	v7.5.0	v7.6.0			YesNoEnum		a36d9d5c3	841	Merge pull request #841 from microbiomedata/issue-840-YesNoEnum	
permissible_values	dnase_rna_enum	yes	2022.06.15.rc1	v7.5.0	v7.6.0			YesNoEnum		a36d9d5c3	841	Merge pull request #841 from microbiomedata/issue-840-YesNoEnum	
permissible_values	door_comp_type_enum	metal covered	v4.0.0	v11.14.0	v11.15.0	v7.4.5 v7.4.6 v7.4.7 v7.4.8 v7.4.10 v.7.4.11		DoorCompTypeEnum		7b22a6a00	2773	Merge pull request #2773 from microbiomedata/1368-mixs-gsc-migration	
permissible_values	door_comp_type_enum	revolving	v4.0.0	v11.14.0	v11.15.0	v7.4.5 v7.4.6 v7.4.7 v7.4.8 v7.4.10 v.7.4.11		DoorCompTypeEnum DoorMoveEnum		7b22a6a00	2773	Merge pull request #2773 from microbiomedata/1368-mixs-gsc-migration	
permissible_values	door_comp_type_enum	sliding	v4.0.0	v11.14.0	v11.15.0	v7.4.5 v7.4.6 v7.4.7 v7.4.8 v7.4.10 v.7.4.11		DoorCompTypeEnum DoorMoveEnum		7b22a6a00	2773	Merge pull request #2773 from microbiomedata/1368-mixs-gsc-migration	
permissible_values	door_comp_type_enum	telescopic	v4.0.0	v11.14.0	v11.15.0	v7.4.5 v7.4.6 v7.4.7 v7.4.8 v7.4.10 v.7.4.11		DoorCompTypeEnum		7b22a6a00	2773	Merge pull request #2773 from microbiomedata/1368-mixs-gsc-migration	
permissible_values	door_cond_enum	damaged	v4.0.0	v11.14.0	v11.15.0	v7.4.5 v7.4.6 v7.4.7 v7.4.8 v7.4.10 v.7.4.11		DamagedEnum DamagedRupturedEnum RoomCondtEnum		7b22a6a00	2773	Merge pull request #2773 from microbiomedata/1368-mixs-gsc-migration	
permissible_values	door_cond_enum	needs repair	v4.0.0	v11.14.0	v11.15.0	v7.4.5 v7.4.6 v7.4.7 v7.4.8 v7.4.10 v.7.4.11		DamagedEnum DamagedRupturedEnum RoomCondtEnum		7b22a6a00	2773	Merge pull request #2773 from microbiomedata/1368-mixs-gsc-migration	
permissible_values	door_cond_enum	new	v4.0.0	v11.14.0	v11.15.0	v7.4.5 v7.4.6 v7.4.7 v7.4.8 v7.4.10 v.7.4.11		DamagedEnum DamagedRupturedEnum RoomCondtEnum		7b22a6a00	2773	Merge pull request #2773 from microbiomedata/1368-mixs-gsc-migration	
permissible_values	door_cond_enum	rupture	v4.0.0	v11.14.0	v11.15.0	v7.4.5 v7.4.6 v7.4.7 v7.4.8 v7.4.10 v.7.4.11		DamagedEnum DamagedRupturedEnum RoomCondtEnum		7b22a6a00	2773	Merge pull request #2773 from microbiomedata/1368-mixs-gsc-migration	
permissible_values	door_cond_enum	visible wear	v4.0.0	v11.14.0	v11.15.0	v7.4.5 v7.4.6 v7.4.7 v7.4.8 v7.4.10 v.7.4.11		DamagedEnum DamagedRupturedEnum RoomCondtEnum		7b22a6a00	2773	Merge pull request #2773 from microbiomedata/1368-mixs-gsc-migration	
permissible_values	door_direct_enum	inward	v4.0.0	v11.14.0	v11.15.0	v7.4.5 v7.4.6 v7.4.7 v7.4.8 v7.4.10 v.7.4.11		DoorDirectEnum		7b22a6a00	2773	Merge pull request #2773 from microbiomedata/1368-mixs-gsc-migration	
permissible_values	door_direct_enum	outward	v4.0.0	v11.14.0	v11.15.0	v7.4.5 v7.4.6 v7.4.7 v7.4.8 v7.4.10 v.7.4.11		DoorDirectEnum		7b22a6a00	2773	Merge pull request #2773 from microbiomedata/1368-mixs-gsc-migration	
permissible_values	door_direct_enum	sideways	v4.0.0	v11.14.0	v11.15.0	v7.4.5 v7.4.6 v7.4.7 v7.4.8 v7.4.10 v.7.4.11		DoorDirectEnum		7b22a6a00	2773	Merge pull request #2773 from microbiomedata/1368-mixs-gsc-migration	
permissible_values	door_loc_enum	east	v4.0.0	v11.14.0	v11.15.0	v7.4.5 v7.4.6 v7.4.7 v7.4.8 v7.4.10 v.7.4.11		CompassDirections8Enum		7b22a6a00	2773	Merge pull request #2773 from microbiomedata/1368-mixs-gsc-migration	
permissible_values	door_loc_enum	north	v4.0.0	v11.14.0	v11.15.0	v7.4.5 v7.4.6 v7.4.7 v7.4.8 v7.4.10 v.7.4.11		CompassDirections8Enum		7b22a6a00	2773	Merge pull request #2773 from microbiomedata/1368-mixs-gsc-migration	
permissible_values	door_loc_enum	south	v4.0.0	v11.14.0	v11.15.0	v7.4.5 v7.4.6 v7.4.7 v7.4.8 v7.4.10 v.7.4.11		CompassDirections8Enum		7b22a6a00	2773	Merge pull request #2773 from microbiomedata/1368-mixs-gsc-migration	
permissible_values	door_loc_enum	west	v4.0.0	v11.14.0	v11.15.0	v7.4.5 v7.4.6 v7.4.7 v7.4.8 v7.4.10 v.7.4.11		CompassDirections8Enum		7b22a6a00	2773	Merge pull request #2773 from microbiomedata/1368-mixs-gsc-migration	
permissible_values	door_mat_enum	aluminum	v4.0.0	v11.14.0	v11.15.0	v7.4.5 v7.4.6 v7.4.7 v7.4.8 v7.4.10 v.7.4.11		DoorMatEnum		7b22a6a00	2773	Merge pull request #2773 from microbiomedata/1368-mixs-gsc-migration	
permissible_values	door_mat_enum	cellular PVC	v4.0.0	v11.14.0	v11.15.0	v7.4.5 v7.4.6 v7.4.7 v7.4.8 v7.4.10 v.7.4.11		DoorMatEnum		7b22a6a00	2773	Merge pull request #2773 from microbiomedata/1368-mixs-gsc-migration	
permissible_values	door_mat_enum	engineered plastic	v4.0.0	v11.14.0	v11.15.0	v7.4.5 v7.4.6 v7.4.7 v7.4.8 v7.4.10 v.7.4.11		DoorMatEnum		7b22a6a00	2773	Merge pull request #2773 from microbiomedata/1368-mixs-gsc-migration	
permissible_values	door_mat_enum	fiberboard	v4.0.0	v11.14.0	v11.15.0	v7.4.5 v7.4.6 v7.4.7 v7.4.8 v7.4.10 v.7.4.11		DoorMatEnum		7b22a6a00	2773	Merge pull request #2773 from microbiomedata/1368-mixs-gsc-migration	
permissible_values	door_mat_enum	fiberglass	v4.0.0	v11.14.0	v11.15.0	v7.4.5 v7.4.6 v7.4.7 v7.4.8 v7.4.10 v.7.4.11		CeilFinishMatEnum DoorMatEnum WindowMatEnum		7b22a6a00	2773	Merge pull request #2773 from microbiomedata/1368-mixs-gsc-migration	
permissible_values	door_mat_enum	metal	v4.0.0	v11.14.0	v11.15.0	v7.4.5 v7.4.6 v7.4.7 v7.4.8 v7.4.10 v.7.4.11		CeilFinishMatEnum DoorMatEnum DoorTypeEnum SurfMaterialEnum WallFinishMatEnum WindowMatEnum		7b22a6a00	2773	Merge pull request #2773 from microbiomedata/1368-mixs-gsc-migration	
permissible_values	door_mat_enum	thermoplastic alloy	v4.0.0	v11.14.0	v11.15.0	v7.4.5 v7.4.6 v7.4.7 v7.4.8 v7.4.10 v.7.4.11		DoorMatEnum		7b22a6a00	2773	Merge pull request #2773 from microbiomedata/1368-mixs-gsc-migration	
permissible_values	door_mat_enum	vinyl	v4.0.0	v11.14.0	v11.15.0	v7.4.5 v7.4.6 v7.4.7 v7.4.8 v7.4.10 v.7.4.11		DoorMatEnum SurfMaterialEnum WindowMatEnum		7b22a6a00	2773	Merge pull request #2773 from microbiomedata/1368-mixs-gsc-migration	
permissible_values	door_mat_enum	wood	v4.0.0	v11.14.0	v11.15.0	v7.4.5 v7.4.6 v7.4.7 v7.4.8 v7.4.10 v.7.4.11		CeilFinishMatEnum DoorMatEnum SurfMaterialEnum WallFinishMatEnum WindowMatEnum		7b22a6a00	2773	Merge pull request #2773 from microbiomedata/1368-mixs-gsc-migration	
permissible_values	door_mat_enum	wood/plastic composite	v4.0.0	v11.14.0	v11.15.0	v7.4.5 v7.4.6 v7.4.7 v7.4.8 v7.4.10 v.7.4.11		DoorMatEnum		7b22a6a00	2773	Merge pull request #2773 from microbiomedata/1368-mixs-gsc-migration	
permissible_values	door_move_enum	collapsible	v4.0.0	v11.14.0	v11.15.0	v7.4.5 v7.4.6 v7.4.7 v7.4.8 v7.4.10 v.7.4.11		DoorMoveEnum DoorTypeMetalEnum		7b22a6a00	2773	Merge pull request #2773 from microbiomedata/1368-mixs-gsc-migration	
permissible_values	door_move_enum	folding	v4.0.0	v11.14.0	v11.15.0	v7.4.5 v7.4.6 v7.4.7 v7.4.8 v7.4.10 v.7.4.11		DoorMoveEnum		7b22a6a00	2773	Merge pull request #2773 from microbiomedata/1368-mixs-gsc-migration	
permissible_values	door_move_enum	revolving	v4.0.0	v11.14.0	v11.15.0	v7.4.5 v7.4.6 v7.4.7 v7.4.8 v7.4.10 v.7.4.11		DoorCompTypeEnum DoorMoveEnum		7b22a6a00	2773	Merge pull request #2773 from microbiomedata/1368-mixs-gsc-migration	
permissible_values	door_move_enum	rolling shutter	v4.0.0	v11.14.0	v11.15.0	v7.4.5 v7.4.6 v7.4.7 v7.4.8 v7.4.10 v.7.4.11		DoorMoveEnum		7b22a6a00	2773	Merge pull request #2773 from microbiomedata/1368-mixs-gsc-migration	
permissible_values	door_move_enum	sliding	v4.0.0	v11.14.0	v11.15.0	v7.4.5 v7.4.6 v7.4.7 v7.4.8 v7.4.10 v.7.4.11		DoorCompTypeEnum DoorMoveEnum		7b22a6a00	2773	Merge pull request #2773 from microbiomedata/1368-mixs-gsc-migration	
permissible_values	door_move_enum	swinging	v4.0.0	v11.14.0	v11.15.0	v7.4.5 v7.4.6 v7.4.7 v7.4.8 v7.4.10 v.7.4.11		DoorMoveEnum		7b22a6a00	2773	Merge pull request #2773 from microbiomedata/1368-mixs-gsc-migration	
permissible_values	door_type_enum	composite	v4.0.0	v11.14.0	v11.15.0	v7.4.5 v7.4.6 v7.4.7 v7.4.8 v7.4.10 v.7.4.11		DoorTypeEnum		7b22a6a00	2773	Merge pull request #2773 from microbiomedata/1368-mixs-gsc-migration	
permissible_values	door_type_enum	metal	v4.0.0	v11.14.0	v11.15.0	v7.4.5 v7.4.6 v7.4.7 v7.4.8 v7.4.10 v.7.4.11		CeilFinishMatEnum DoorMatEnum DoorTypeEnum SurfMaterialEnum WallFinishMatEnum WindowMatEnum		7b22a6a00	2773	Merge pull request #2773 from microbiomedata/1368-mixs-gsc-migration	
permissible_values	door_type_enum	wooden	v4.0.0	v11.14.0	v11.15.0	v7.4.5 v7.4.6 v7.4.7 v7.4.8 v7.4.10 v.7.4.11		DoorTypeEnum		7b22a6a00	2773	Merge pull request #2773 from microbiomedata/1368-mixs-gsc-migration	
permissible_values	door_type_metal_enum	collapsible	v4.0.0	v11.14.0	v11.15.0	v7.4.5 v7.4.6 v7.4.7 v7.4.8 v7.4.10 v.7.4.11		DoorMoveEnum DoorTypeMetalEnum		7b22a6a00	2773	Merge pull request #2773 from microbiomedata/1368-mixs-gsc-migration	
permissible_values	door_type_metal_enum	corrugated steel	v4.0.0	v11.14.0	v11.15.0	v7.4.5 v7.4.6 v7.4.7 v7.4.8 v7.4.10 v.7.4.11		DoorTypeMetalEnum		7b22a6a00	2773	Merge pull request #2773 from microbiomedata/1368-mixs-gsc-migration	
permissible_values	door_type_metal_enum	hollow	v4.0.0	v11.14.0	v11.15.0	v7.4.5 v7.4.6 v7.4.7 v7.4.8 v7.4.10 v.7.4.11		DoorTypeMetalEnum		7b22a6a00	2773	Merge pull request #2773 from microbiomedata/1368-mixs-gsc-migration	
permissible_values	door_type_metal_enum	rolling shutters	v4.0.0	v11.14.0	v11.15.0	v7.4.5 v7.4.6 v7.4.7 v7.4.8 v7.4.10 v.7.4.11		DoorTypeMetalEnum		7b22a6a00	2773	Merge pull request #2773 from microbiomedata/1368-mixs-gsc-migration	
permissible_values	door_type_metal_enum	steel plate	v4.0.0	v11.14.0	v11.15.0	v7.4.5 v7.4.6 v7.4.7 v7.4.8 v7.4.10 v.7.4.11		DoorTypeMetalEnum		7b22a6a00	2773	Merge pull request #2773 from microbiomedata/1368-mixs-gsc-migration	
permissible_values	door_type_wood_enum	battened	v4.0.0	v11.14.0	v11.15.0	v7.4.5 v7.4.6 v7.4.7 v7.4.8 v7.4.10 v.7.4.11				7b22a6a00	2773	Merge pull request #2773 from microbiomedata/1368-mixs-gsc-migration	
permissible_values	door_type_wood_enum	bettened and ledged	v4.0.0	v11.14.0	v11.15.0	v7.4.5 v7.4.6 v7.4.7 v7.4.8 v7.4.10 v.7.4.11				7b22a6a00	2773	Merge pull request #2773 from microbiomedata/1368-mixs-gsc-migration	
permissible_values	door_type_wood_enum	flush	v4.0.0	v11.14.0	v11.15.0	v7.4.5 v7.4.6 v7.4.7 v7.4.8 v7.4.10 v.7.4.11				7b22a6a00	2773	Merge pull request #2773 from microbiomedata/1368-mixs-gsc-migration	
permissible_values	door_type_wood_enum	framed and paneled	v4.0.0	v11.14.0	v11.15.0	v7.4.5 v7.4.6 v7.4.7 v7.4.8 v7.4.10 v.7.4.11				7b22a6a00	2773	Merge pull request #2773 from microbiomedata/1368-mixs-gsc-migration	
permissible_values	door_type_wood_enum	glashed or sash	v4.0.0	v11.14.0	v11.15.0	v7.4.5 v7.4.6 v7.4.7 v7.4.8 v7.4.10 v.7.4.11				7b22a6a00	2773	Merge pull request #2773 from microbiomedata/1368-mixs-gsc-migration	
permissible_values	door_type_wood_enum	ledged and braced	v4.0.0	v11.14.0	v11.15.0	v7.4.5 v7.4.6 v7.4.7 v7.4.8 v7.4.10 v.7.4.11				7b22a6a00	2773	Merge pull request #2773 from microbiomedata/1368-mixs-gsc-migration	
permissible_values	door_type_wood_enum	ledged and framed	v4.0.0	v11.14.0	v11.15.0	v7.4.5 v7.4.6 v7.4.7 v7.4.8 v7.4.10 v.7.4.11				7b22a6a00	2773	Merge pull request #2773 from microbiomedata/1368-mixs-gsc-migration	
permissible_values	door_type_wood_enum	ledged, braced and frame	v4.0.0	v11.14.0	v11.15.0	v7.4.5 v7.4.6 v7.4.7 v7.4.8 v7.4.10 v.7.4.11				7b22a6a00	2773	Merge pull request #2773 from microbiomedata/1368-mixs-gsc-migration	
permissible_values	door_type_wood_enum	louvered	v4.0.0	v11.14.0	v11.15.0	v7.4.5 v7.4.6 v7.4.7 v7.4.8 v7.4.10 v.7.4.11				7b22a6a00	2773	Merge pull request #2773 from microbiomedata/1368-mixs-gsc-migration	
permissible_values	door_type_wood_enum	wire gauged	v4.0.0	v11.14.0	v11.15.0	v7.4.5 v7.4.6 v7.4.7 v7.4.8 v7.4.10 v.7.4.11				7b22a6a00	2773	Merge pull request #2773 from microbiomedata/1368-mixs-gsc-migration	
permissible_values	drainage_class_enum	excessively drained	v4.0.0	v11.14.0	v11.15.0			DrainageClassEnum		7b22a6a00	2773	Merge pull request #2773 from microbiomedata/1368-mixs-gsc-migration	
permissible_values	drainage_class_enum	moderately well	v4.0.0	v11.14.0	v11.15.0			DrainageClassEnum		7b22a6a00	2773	Merge pull request #2773 from microbiomedata/1368-mixs-gsc-migration	
permissible_values	drainage_class_enum	poorly	v4.0.0	v11.14.0	v11.15.0			DrainageClassEnum		7b22a6a00	2773	Merge pull request #2773 from microbiomedata/1368-mixs-gsc-migration	
permissible_values	drainage_class_enum	somewhat poorly	v4.0.0	v11.14.0	v11.15.0			DrainageClassEnum		7b22a6a00	2773	Merge pull request #2773 from microbiomedata/1368-mixs-gsc-migration	
permissible_values	drainage_class_enum	very poorly	v4.0.0	v11.14.0	v11.15.0			DrainageClassEnum		7b22a6a00	2773	Merge pull request #2773 from microbiomedata/1368-mixs-gsc-migration	
permissible_values	drainage_class_enum	well	v4.0.0	v11.14.0	v11.15.0			DrainageClassEnum SampCollectPointEnum		7b22a6a00	2773	Merge pull request #2773 from microbiomedata/1368-mixs-gsc-migration	
permissible_values	drawings_enum	as built	v4.0.0	v11.14.0	v11.15.0	v7.4.5 v7.4.6 v7.4.7 v7.4.8 v7.4.10 v.7.4.11		DrawingsEnum SpecificEnum		7b22a6a00	2773	Merge pull request #2773 from microbiomedata/1368-mixs-gsc-migration	
permissible_values	drawings_enum	bid	v4.0.0	v11.14.0	v11.15.0	v7.4.5 v7.4.6 v7.4.7 v7.4.8 v7.4.10 v.7.4.11		DrawingsEnum SpecificEnum		7b22a6a00	2773	Merge pull request #2773 from microbiomedata/1368-mixs-gsc-migration	
permissible_values	drawings_enum	building navigation map	v4.0.0	v11.14.0	v11.15.0	v7.4.5 v7.4.6 v7.4.7 v7.4.8 v7.4.10 v.7.4.11		DrawingsEnum		7b22a6a00	2773	Merge pull request #2773 from microbiomedata/1368-mixs-gsc-migration	
permissible_values	drawings_enum	construction	v4.0.0	v11.14.0	v11.15.0	v7.4.5 v7.4.6 v7.4.7 v7.4.8 v7.4.10 v.7.4.11		DrawingsEnum SpecificEnum		7b22a6a00	2773	Merge pull request #2773 from microbiomedata/1368-mixs-gsc-migration	
permissible_values	drawings_enum	design	v4.0.0	v11.14.0	v11.15.0	v7.4.5 v7.4.6 v7.4.7 v7.4.8 v7.4.10 v.7.4.11		DrawingsEnum SpecificEnum		7b22a6a00	2773	Merge pull request #2773 from microbiomedata/1368-mixs-gsc-migration	
permissible_values	drawings_enum	diagram	v4.0.0	v11.14.0	v11.15.0	v7.4.5 v7.4.6 v7.4.7 v7.4.8 v7.4.10 v.7.4.11		DrawingsEnum		7b22a6a00	2773	Merge pull request #2773 from microbiomedata/1368-mixs-gsc-migration	
permissible_values	drawings_enum	operation	v4.0.0	v11.14.0	v11.15.0	v7.4.5 v7.4.6 v7.4.7 v7.4.8 v7.4.10 v.7.4.11		DrawingsEnum SpecificEnum		7b22a6a00	2773	Merge pull request #2773 from microbiomedata/1368-mixs-gsc-migration	
permissible_values	drawings_enum	sketch	v4.0.0	v11.14.0	v11.15.0	v7.4.5 v7.4.6 v7.4.7 v7.4.8 v7.4.10 v.7.4.11		DrawingsEnum		7b22a6a00	2773	Merge pull request #2773 from microbiomedata/1368-mixs-gsc-migration	
permissible_values	ext_wall_orient_enum	east	v4.0.0	v11.14.0	v11.15.0	v7.4.5 v7.4.6 v7.4.7 v7.4.8 v7.4.10 v.7.4.11		CompassDirections8Enum		7b22a6a00	2773	Merge pull request #2773 from microbiomedata/1368-mixs-gsc-migration	
permissible_values	ext_wall_orient_enum	north	v4.0.0	v11.14.0	v11.15.0	v7.4.5 v7.4.6 v7.4.7 v7.4.8 v7.4.10 v.7.4.11		CompassDirections8Enum		7b22a6a00	2773	Merge pull request #2773 from microbiomedata/1368-mixs-gsc-migration	
permissible_values	ext_wall_orient_enum	northeast	v4.0.0	v11.14.0	v11.15.0	v7.4.5 v7.4.6 v7.4.7 v7.4.8 v7.4.10 v.7.4.11		CompassDirections8Enum		7b22a6a00	2773	Merge pull request #2773 from microbiomedata/1368-mixs-gsc-migration	
permissible_values	ext_wall_orient_enum	northwest	v4.0.0	v11.14.0	v11.15.0	v7.4.5 v7.4.6 v7.4.7 v7.4.8 v7.4.10 v.7.4.11		CompassDirections8Enum		7b22a6a00	2773	Merge pull request #2773 from microbiomedata/1368-mixs-gsc-migration	
permissible_values	ext_wall_orient_enum	south	v4.0.0	v11.14.0	v11.15.0	v7.4.5 v7.4.6 v7.4.7 v7.4.8 v7.4.10 v.7.4.11		CompassDirections8Enum		7b22a6a00	2773	Merge pull request #2773 from microbiomedata/1368-mixs-gsc-migration	
permissible_values	ext_wall_orient_enum	southeast	v4.0.0	v11.14.0	v11.15.0	v7.4.5 v7.4.6 v7.4.7 v7.4.8 v7.4.10 v.7.4.11		CompassDirections8Enum		7b22a6a00	2773	Merge pull request #2773 from microbiomedata/1368-mixs-gsc-migration	
permissible_values	ext_wall_orient_enum	southwest	v4.0.0	v11.14.0	v11.15.0	v7.4.5 v7.4.6 v7.4.7 v7.4.8 v7.4.10 v.7.4.11		CompassDirections8Enum		7b22a6a00	2773	Merge pull request #2773 from microbiomedata/1368-mixs-gsc-migration	
permissible_values	ext_wall_orient_enum	west	v4.0.0	v11.14.0	v11.15.0	v7.4.5 v7.4.6 v7.4.7 v7.4.8 v7.4.10 v.7.4.11		CompassDirections8Enum		7b22a6a00	2773	Merge pull request #2773 from microbiomedata/1368-mixs-gsc-migration	
permissible_values	ext_window_orient_enum	east	v4.0.0	v11.14.0	v11.15.0	v7.4.5 v7.4.6 v7.4.7 v7.4.8 v7.4.10 v.7.4.11		CompassDirections8Enum		7b22a6a00	2773	Merge pull request #2773 from microbiomedata/1368-mixs-gsc-migration	
permissible_values	ext_window_orient_enum	north	v4.0.0	v11.14.0	v11.15.0	v7.4.5 v7.4.6 v7.4.7 v7.4.8 v7.4.10 v.7.4.11		CompassDirections8Enum		7b22a6a00	2773	Merge pull request #2773 from microbiomedata/1368-mixs-gsc-migration	
permissible_values	ext_window_orient_enum	northeast	v4.0.0	v11.14.0	v11.15.0	v7.4.5 v7.4.6 v7.4.7 v7.4.8 v7.4.10 v.7.4.11		CompassDirections8Enum		7b22a6a00	2773	Merge pull request #2773 from microbiomedata/1368-mixs-gsc-migration	
permissible_values	ext_window_orient_enum	northwest	v4.0.0	v11.14.0	v11.15.0	v7.4.5 v7.4.6 v7.4.7 v7.4.8 v7.4.10 v.7.4.11		CompassDirections8Enum		7b22a6a00	2773	Merge pull request #2773 from microbiomedata/1368-mixs-gsc-migration	
permissible_values	ext_window_orient_enum	south	v4.0.0	v11.14.0	v11.15.0	v7.4.5 v7.4.6 v7.4.7 v7.4.8 v7.4.10 v.7.4.11		CompassDirections8Enum		7b22a6a00	2773	Merge pull request #2773 from microbiomedata/1368-mixs-gsc-migration	
permissible_values	ext_window_orient_enum	southeast	v4.0.0	v11.14.0	v11.15.0	v7.4.5 v7.4.6 v7.4.7 v7.4.8 v7.4.10 v.7.4.11		CompassDirections8Enum		7b22a6a00	2773	Merge pull request #2773 from microbiomedata/1368-mixs-gsc-migration	
permissible_values	ext_window_orient_enum	southwest	v4.0.0	v11.14.0	v11.15.0	v7.4.5 v7.4.6 v7.4.7 v7.4.8 v7.4.10 v.7.4.11		CompassDirections8Enum		7b22a6a00	2773	Merge pull request #2773 from microbiomedata/1368-mixs-gsc-migration	
permissible_values	ext_window_orient_enum	west	v4.0.0	v11.14.0	v11.15.0	v7.4.5 v7.4.6 v7.4.7 v7.4.8 v7.4.10 v.7.4.11		CompassDirections8Enum		7b22a6a00	2773	Merge pull request #2773 from microbiomedata/1368-mixs-gsc-migration	
permissible_values	fao_class_enum	Acrisols	v4.0.0	v11.14.0	v11.15.0			FaoClassEnum		7b22a6a00	2773	Merge pull request #2773 from microbiomedata/1368-mixs-gsc-migration	
permissible_values	fao_class_enum	Andosols	v4.0.0	v11.14.0	v11.15.0			FaoClassEnum		7b22a6a00	2773	Merge pull request #2773 from microbiomedata/1368-mixs-gsc-migration	
permissible_values	fao_class_enum	Arenosols	v4.0.0	v11.14.0	v11.15.0			FaoClassEnum		7b22a6a00	2773	Merge pull request #2773 from microbiomedata/1368-mixs-gsc-migration	
permissible_values	fao_class_enum	Cambisols	v4.0.0	v11.14.0	v11.15.0			FaoClassEnum		7b22a6a00	2773	Merge pull request #2773 from microbiomedata/1368-mixs-gsc-migration	
permissible_values	fao_class_enum	Chernozems	v4.0.0	v11.14.0	v11.15.0			FaoClassEnum		7b22a6a00	2773	Merge pull request #2773 from microbiomedata/1368-mixs-gsc-migration	
permissible_values	fao_class_enum	Ferralsols	v4.0.0	v11.14.0	v11.15.0			FaoClassEnum		7b22a6a00	2773	Merge pull request #2773 from microbiomedata/1368-mixs-gsc-migration	
permissible_values	fao_class_enum	Fluvisols	v4.0.0	v11.14.0	v11.15.0			FaoClassEnum		7b22a6a00	2773	Merge pull request #2773 from microbiomedata/1368-mixs-gsc-migration	
permissible_values	fao_class_enum	Gleysols	v4.0.0	v11.14.0	v11.15.0			FaoClassEnum		7b22a6a00	2773	Merge pull request #2773 from microbiomedata/1368-mixs-gsc-migration	
permissible_values	fao_class_enum	Greyzems	v4.0.0	v11.14.0	v11.15.0			FaoClassEnum		7b22a6a00	2773	Merge pull request #2773 from microbiomedata/1368-mixs-gsc-migration	
permissible_values	fao_class_enum	Gypsisols	v4.0.0	v11.14.0	v11.15.0			FaoClassEnum		7b22a6a00	2773	Merge pull request #2773 from microbiomedata/1368-mixs-gsc-migration	
permissible_values	fao_class_enum	Histosols	v4.0.0	v11.14.0	v11.15.0			FaoClassEnum		7b22a6a00	2773	Merge pull request #2773 from microbiomedata/1368-mixs-gsc-migration	
permissible_values	fao_class_enum	Kastanozems	v4.0.0	v11.14.0	v11.15.0			FaoClassEnum		7b22a6a00	2773	Merge pull request #2773 from microbiomedata/1368-mixs-gsc-migration	
permissible_values	fao_class_enum	Lithosols	v4.0.0	v11.14.0	v11.15.0			FaoClassEnum		7b22a6a00	2773	Merge pull request #2773 from microbiomedata/1368-mixs-gsc-migration	
permissible_values	fao_class_enum	Luvisols	v4.0.0	v11.14.0	v11.15.0			FaoClassEnum		7b22a6a00	2773	Merge pull request #2773 from microbiomedata/1368-mixs-gsc-migration	
permissible_values	fao_class_enum	Nitosols	v4.0.0	v11.14.0	v11.15.0			FaoClassEnum		7b22a6a00	2773	Merge pull request #2773 from microbiomedata/1368-mixs-gsc-migration	
permissible_values	fao_class_enum	Phaeozems	v4.0.0	v11.14.0	v11.15.0			FaoClassEnum		7b22a6a00	2773	Merge pull request #2773 from microbiomedata/1368-mixs-gsc-migration	
permissible_values	fao_class_enum	Planosols	v4.0.0	v11.14.0	v11.15.0			FaoClassEnum		7b22a6a00	2773	Merge pull request #2773 from microbiomedata/1368-mixs-gsc-migration	
permissible_values	fao_class_enum	Podzols	v4.0.0	v11.14.0	v11.15.0			FaoClassEnum		7b22a6a00	2773	Merge pull request #2773 from microbiomedata/1368-mixs-gsc-migration	
permissible_values	fao_class_enum	Podzoluvisols	v4.0.0	v11.14.0	v11.15.0			FaoClassEnum		7b22a6a00	2773	Merge pull request #2773 from microbiomedata/1368-mixs-gsc-migration	
permissible_values	fao_class_enum	Rankers	v4.0.0	v11.14.0	v11.15.0			FaoClassEnum		7b22a6a00	2773	Merge pull request #2773 from microbiomedata/1368-mixs-gsc-migration	
permissible_values	fao_class_enum	Regosols	v4.0.0	v11.14.0	v11.15.0			FaoClassEnum		7b22a6a00	2773	Merge pull request #2773 from microbiomedata/1368-mixs-gsc-migration	
permissible_values	fao_class_enum	Rendzinas	v4.0.0	v11.14.0	v11.15.0			FaoClassEnum		7b22a6a00	2773	Merge pull request #2773 from microbiomedata/1368-mixs-gsc-migration	
permissible_values	fao_class_enum	Solonchaks	v4.0.0	v11.14.0	v11.15.0			FaoClassEnum		7b22a6a00	2773	Merge pull request #2773 from microbiomedata/1368-mixs-gsc-migration	
permissible_values	fao_class_enum	Solonetz	v4.0.0	v11.14.0	v11.15.0			FaoClassEnum		7b22a6a00	2773	Merge pull request #2773 from microbiomedata/1368-mixs-gsc-migration	
permissible_values	fao_class_enum	Vertisols	v4.0.0	v11.14.0	v11.15.0			FaoClassEnum		7b22a6a00	2773	Merge pull request #2773 from microbiomedata/1368-mixs-gsc-migration	
permissible_values	fao_class_enum	Yermosols	v4.0.0	v11.14.0	v11.15.0			FaoClassEnum		7b22a6a00	2773	Merge pull request #2773 from microbiomedata/1368-mixs-gsc-migration	
permissible_values	file type enum	Annotation Amino Acid FASTA	1.0.0	v10.0.0	v10.1.0			FileTypeEnum		668f56c4c	1001	Merge pull request #1001 from microbiomedata/issue-931-enums	
permissible_values	file type enum	Annotation Enzyme Commission	1.0.0	v10.0.0	v10.1.0			FileTypeEnum		668f56c4c	1001	Merge pull request #1001 from microbiomedata/issue-931-enums	
permissible_values	file type enum	Annotation Info File	v7.4.10	v10.0.0	v10.1.0			FileTypeEnum		668f56c4c	1001	Merge pull request #1001 from microbiomedata/issue-931-enums	
permissible_values	file type enum	Annotation KEGG Orthology	1.0.0	v10.0.0	v10.1.0			FileTypeEnum		668f56c4c	1001	Merge pull request #1001 from microbiomedata/issue-931-enums	
permissible_values	file type enum	Annotation Statistics	v7.4.5	v10.0.0	v10.1.0			FileTypeEnum		668f56c4c	1001	Merge pull request #1001 from microbiomedata/issue-931-enums	
permissible_values	file type enum	Assembly AGP	1.0.0	v10.0.0	v10.1.0			FileTypeEnum		668f56c4c	1001	Merge pull request #1001 from microbiomedata/issue-931-enums	
permissible_values	file type enum	Assembly Contigs	1.0.0	v10.0.0	v10.1.0			FileTypeEnum		668f56c4c	1001	Merge pull request #1001 from microbiomedata/issue-931-enums	
permissible_values	file type enum	Assembly Coverage BAM	1.0.0	v10.0.0	v10.1.0			FileTypeEnum		668f56c4c	1001	Merge pull request #1001 from microbiomedata/issue-931-enums	
permissible_values	file type enum	Assembly Coverage Stats	1.0.0	v10.0.0	v10.1.0			FileTypeEnum		668f56c4c	1001	Merge pull request #1001 from microbiomedata/issue-931-enums	
permissible_values	file type enum	Assembly Info File	v7.4.10	v10.0.0	v10.1.0			FileTypeEnum		668f56c4c	1001	Merge pull request #1001 from microbiomedata/issue-931-enums	
permissible_values	file type enum	Assembly Scaffolds	1.0.0	v10.0.0	v10.1.0			FileTypeEnum		668f56c4c	1001	Merge pull request #1001 from microbiomedata/issue-931-enums	
permissible_values	file type enum	CATH FunFams (Functional Families) Annotation GFF	1.0.0	v10.0.0	v10.1.0			FileTypeEnum		668f56c4c	1001	Merge pull request #1001 from microbiomedata/issue-931-enums	
permissible_values	file type enum	CRT Annotation GFF	v6.0.4	v10.0.0	v10.1.0			FileTypeEnum		668f56c4c	1001	Merge pull request #1001 from microbiomedata/issue-931-enums	
permissible_values	file type enum	Centrifuge Classification Report	1.0.0	v10.0.0	v10.1.0					668f56c4c	1001	Merge pull request #1001 from microbiomedata/issue-931-enums	
permissible_values	file type enum	Centrifuge Krona Plot	1.0.0	v10.0.0	v10.1.0			FileTypeEnum		668f56c4c	1001	Merge pull request #1001 from microbiomedata/issue-931-enums	
permissible_values	file type enum	Centrifuge Taxonomic Classification	1.0.0	v10.0.0	v10.1.0			FileTypeEnum		668f56c4c	1001	Merge pull request #1001 from microbiomedata/issue-931-enums	
permissible_values	file type enum	Centrifuge output report file	v6.0.4	v10.0.0	v10.1.0			FileTypeEnum		668f56c4c	1001	Merge pull request #1001 from microbiomedata/issue-931-enums	
permissible_values	file type enum	CheckM Statistics	1.0.0	v10.0.0	v10.1.0			FileTypeEnum		668f56c4c	1001	Merge pull request #1001 from microbiomedata/issue-931-enums	
permissible_values	file type enum	Clusters of Orthologous Groups (COG) Annotation GFF	1.0.0	v10.0.0	v10.1.0			FileTypeEnum		668f56c4c	1001	Merge pull request #1001 from microbiomedata/issue-931-enums	
permissible_values	file type enum	Contig Mapping File	v7.4.10	v10.0.0	v10.1.0			FileTypeEnum		668f56c4c	1001	Merge pull request #1001 from microbiomedata/issue-931-enums	
permissible_values	file type enum	Crispr Terms	v7.4.5	v10.0.0	v10.1.0	v7.4.8 v7.4.9		FileTypeEnum		668f56c4c	1001	Merge pull request #1001 from microbiomedata/issue-931-enums	
permissible_values	file type enum	Crisprt Terms	v6.0.4	v7.4.9	v7.4.10	v7.4.5				b8895b319	787	Merge pull request #787 from microbiomedata/file_type_enum_typos	
permissible_values	file type enum	Direct Infusion FT ICR-MS Raw Data	1.0.0	v10.0.0	v10.1.0			FileTypeEnum		668f56c4c	1001	Merge pull request #1001 from microbiomedata/issue-931-enums	
permissible_values	file type enum	Error Corrected Reads	v7.4.10	v10.0.0	v10.1.0			FileTypeEnum		668f56c4c	1001	Merge pull request #1001 from microbiomedata/issue-931-enums	
permissible_values	file type enum	FT ICR-MS Analysis Results	1.0.0	v10.0.0	v10.1.0					668f56c4c	1001	Merge pull request #1001 from microbiomedata/issue-931-enums	
permissible_values	file type enum	Filtered Sequencing Reads	1.0.0	v10.0.0	v10.1.0			FileTypeEnum		668f56c4c	1001	Merge pull request #1001 from microbiomedata/issue-931-enums	
permissible_values	file type enum	Functional Annotation GFF	1.0.0	v10.0.0	v10.1.0			FileTypeEnum		668f56c4c	1001	Merge pull request #1001 from microbiomedata/issue-931-enums	
permissible_values	file type enum	GC-MS Metabolomics Results	1.0.0	v10.0.0	v10.1.0			FileTypeEnum		668f56c4c	1001	Merge pull request #1001 from microbiomedata/issue-931-enums	
permissible_values	file type enum	GOTTCHA2 Classification Report	v6.0.4	v10.0.0	v10.1.0			FileTypeEnum		668f56c4c	1001	Merge pull request #1001 from microbiomedata/issue-931-enums	
permissible_values	file type enum	GOTTCHA2 Krona Plot	1.0.0	v10.0.0	v10.1.0			FileTypeEnum		668f56c4c	1001	Merge pull request #1001 from microbiomedata/issue-931-enums	
permissible_values	file type enum	GOTTCHA2 Report Full	v6.0.4	v10.0.0	v10.1.0			FileTypeEnum		668f56c4c	1001	Merge pull request #1001 from microbiomedata/issue-931-enums	
permissible_values	file type enum	GTDBTK Archaeal Summary	v7.4.5	v10.0.0	v10.1.0			FileTypeEnum		668f56c4c	1001	Merge pull request #1001 from microbiomedata/issue-931-enums	
permissible_values	file type enum	GTDBTK Bacterial Summary	v7.4.5	v10.0.0	v10.1.0			FileTypeEnum		668f56c4c	1001	Merge pull request #1001 from microbiomedata/issue-931-enums	
permissible_values	file type enum	Gene Phylogeny	v7.4.5	v7.4.7	v7.4.8					b3580a112	704	Merge pull request #704 from microbiomedata/issue-703_update-file_name_patterns	
permissible_values	file type enum	Gene Phylogeny tsv	v6.0.4	v10.0.0	v10.1.0	v7.4.5		FileTypeEnum		668f56c4c	1001	Merge pull request #1001 from microbiomedata/issue-931-enums	
permissible_values	file type enum	Genemark Annotation GFF	v7.4.5	v10.0.0	v10.1.0	v7.4.8 v7.4.9		FileTypeEnum		668f56c4c	1001	Merge pull request #1001 from microbiomedata/issue-931-enums	
permissible_values	file type enum	Genmark Annotation GFF	v6.0.4	v7.4.9	v7.4.10	v7.4.5				a55545612	778	Merge pull request #778 from microbiomedata/issue-774-file-type-enum-changes	
permissible_values	file type enum	KO_EC Annotation GFF	v6.0.4	v10.0.0	v10.1.0			FileTypeEnum		668f56c4c	1001	Merge pull request #1001 from microbiomedata/issue-931-enums	
permissible_values	file type enum	Kraken2 Classification Report	1.0.0	v10.0.0	v10.1.0			FileTypeEnum		668f56c4c	1001	Merge pull request #1001 from microbiomedata/issue-931-enums	
permissible_values	file type enum	Kraken2 Krona Plot	1.0.0	v10.0.0	v10.1.0			FileTypeEnum		668f56c4c	1001	Merge pull request #1001 from microbiomedata/issue-931-enums	
permissible_values	file type enum	Kraken2 Taxonomic Classification	1.0.0	v10.0.0	v10.1.0			FileTypeEnum		668f56c4c	1001	Merge pull request #1001 from microbiomedata/issue-931-enums	
permissible_values	file type enum	LC-DDA-MS/MS Raw Data	v9.3.0	v10.0.0	v10.1.0			FileTypeEnum		668f56c4c	1001	Merge pull request #1001 from microbiomedata/issue-931-enums	
permissible_values	file type enum	Lineage sdb	v7.6.1	v7.7.1	v7.7.2					45967ec3e	1044	Merge pull request #1044 from microbiomedata/issue-868-gnps	
permissible_values	file type enum	Metagenome Bins	1.0.0	v10.0.0	v10.1.0					668f56c4c	1001	Merge pull request #1001 from microbiomedata/issue-931-enums	
permissible_values	file type enum	Metagenome Bins Compression File	v7.6.0	v10.0.0	v10.1.0					668f56c4c	1001	Merge pull request #1001 from microbiomedata/issue-931-enums	
permissible_values	file type enum	Metagenome Bins Info File	v7.6.0	v10.0.0	v10.1.0			FileTypeEnum		668f56c4c	1001	Merge pull request #1001 from microbiomedata/issue-931-enums	
permissible_values	file type enum	Metagenome Raw Read 1	v7.6.0	v10.0.0	v10.1.0			FileTypeEnum		668f56c4c	1001	Merge pull request #1001 from microbiomedata/issue-931-enums	
permissible_values	file type enum	Metagenome Raw Read 2	v7.6.0	v10.0.0	v10.1.0			FileTypeEnum		668f56c4c	1001	Merge pull request #1001 from microbiomedata/issue-931-enums	
permissible_values	file type enum	Metagenome Raw Reads	v7.1.0	v10.0.0	v10.1.0			FileTypeEnum		668f56c4c	1001	Merge pull request #1001 from microbiomedata/issue-931-enums	
permissible_values	file type enum	Metaproteomics Workflow Statistics	1.0.0	v10.0.0	v10.1.0			FileTypeEnum		668f56c4c	1001	Merge pull request #1001 from microbiomedata/issue-931-enums	
permissible_values	file type enum	Misc Annotation GFF	v6.0.4	v10.0.0	v10.1.0			FileTypeEnum		668f56c4c	1001	Merge pull request #1001 from microbiomedata/issue-931-enums	
permissible_values	file type enum	Peptide Report	1.0.0	v10.0.0	v10.1.0			FileTypeEnum		668f56c4c	1001	Merge pull request #1001 from microbiomedata/issue-931-enums	
permissible_values	file type enum	Pfam Annotation GFF	1.0.0	v10.0.0	v10.1.0			FileTypeEnum		668f56c4c	1001	Merge pull request #1001 from microbiomedata/issue-931-enums	
permissible_values	file type enum	Prodigal Annotation GFF	v6.0.4	v10.0.0	v10.1.0			FileTypeEnum		668f56c4c	1001	Merge pull request #1001 from microbiomedata/issue-931-enums	
permissible_values	file type enum	Product Names	v6.0.4	v10.0.0	v10.1.0			FileTypeEnum		668f56c4c	1001	Merge pull request #1001 from microbiomedata/issue-931-enums	
permissible_values	file type enum	Protein Report	1.0.0	v10.0.0	v10.1.0			FileTypeEnum		668f56c4c	1001	Merge pull request #1001 from microbiomedata/issue-931-enums	
permissible_values	file type enum	QC Statistics	1.0.0	v10.0.0	v10.1.0			FileTypeEnum		668f56c4c	1001	Merge pull request #1001 from microbiomedata/issue-931-enums	
permissible_values	file type enum	QC Statistics Extended	v7.6.0	v10.0.0	v10.1.0			FileTypeEnum		668f56c4c	1001	Merge pull request #1001 from microbiomedata/issue-931-enums	
permissible_values	file type enum	QC non-rRNA R1	1.0.0	v10.0.0	v10.1.0			FileTypeEnum		668f56c4c	1001	Merge pull request #1001 from microbiomedata/issue-931-enums	
permissible_values	file type enum	QC non-rRNA R2	1.0.0	v10.0.0	v10.1.0			FileTypeEnum		668f56c4c	1001	Merge pull request #1001 from microbiomedata/issue-931-enums	
permissible_values	file type enum	RFAM Annotation GFF	v6.0.4	v10.0.0	v10.1.0			FileTypeEnum		668f56c4c	1001	Merge pull request #1001 from microbiomedata/issue-931-enums	
permissible_values	file type enum	Raw Compressed Metagenome Interleaved Paired-End Reads	v7.4.5	v9.0.4	v9.1.0					edb8569f3	1266	Merge pull request #1266 from microbiomedata/487_add_slot_description_to_FileTypeEnum_metaG_raw_reads	
permissible_values	file type enum	Read Based Analysis Info File	v7.6.0	v10.0.0	v10.1.0			FileTypeEnum		668f56c4c	1001	Merge pull request #1001 from microbiomedata/issue-931-enums	
permissible_values	file type enum	Read Count and RPKM	1.0.0	v10.0.0	v10.1.0			FileTypeEnum		668f56c4c	1001	Merge pull request #1001 from microbiomedata/issue-931-enums	
permissible_values	file type enum	Read Filtering Info File	v7.6.0	v10.0.0	v10.1.0			FileTypeEnum		668f56c4c	1001	Merge pull request #1001 from microbiomedata/issue-931-enums	
permissible_values	file type enum	SMART Annotation GFF	1.0.0	v10.0.0	v10.1.0			FileTypeEnum		668f56c4c	1001	Merge pull request #1001 from microbiomedata/issue-931-enums	
permissible_values	file type enum	SUPERFam Annotation GFF	1.0.0	v10.0.0	v10.1.0			FileTypeEnum		668f56c4c	1001	Merge pull request #1001 from microbiomedata/issue-931-enums	
permissible_values	file type enum	Scaffold Lineage tsv	v7.7.2	v10.0.0	v10.1.0			FileTypeEnum		668f56c4c	1001	Merge pull request #1001 from microbiomedata/issue-931-enums	
permissible_values	file type enum	Structural Annotation GFF	1.0.0	v10.0.0	v10.1.0			FileTypeEnum		668f56c4c	1001	Merge pull request #1001 from microbiomedata/issue-931-enums	
permissible_values	file type enum	Structural Annotation Stats Json	v7.4.10	v10.0.0	v10.1.0			FileTypeEnum		668f56c4c	1001	Merge pull request #1001 from microbiomedata/issue-931-enums	
permissible_values	file type enum	TIGRFam Annotation GFF	1.0.0	v10.0.0	v10.1.0			FileTypeEnum		668f56c4c	1001	Merge pull request #1001 from microbiomedata/issue-931-enums	
permissible_values	file type enum	TMRNA Annotation GFF	v6.0.4	v10.0.0	v10.1.0			FileTypeEnum		668f56c4c	1001	Merge pull request #1001 from microbiomedata/issue-931-enums	
permissible_values	file type enum	TRNA Annotation GFF	v6.0.4	v10.0.0	v10.1.0			FileTypeEnum		668f56c4c	1001	Merge pull request #1001 from microbiomedata/issue-931-enums	
permissible_values	file type enum	TRNA Annotation GFF3	v7.4.5	v7.4.7	v7.4.8					b3580a112	704	Merge pull request #704 from microbiomedata/issue-703_update-file_name_patterns	
permissible_values	file type enum	Unfiltered Metaproteomics Results	1.0.0	v10.0.0	v10.1.0			FileTypeEnum		668f56c4c	1001	Merge pull request #1001 from microbiomedata/issue-931-enums	
permissible_values	filter_type_enum	HEPA	v4.0.0	v11.14.0	v11.15.0	v7.4.5 v7.4.6 v7.4.7 v7.4.8 v7.4.10 v.7.4.11		FilterTypeEnum		7b22a6a00	2773	Merge pull request #2773 from microbiomedata/1368-mixs-gsc-migration	
permissible_values	filter_type_enum	chemical air filter	v4.0.0	v11.14.0	v11.15.0	v7.4.5 v7.4.6 v7.4.7 v7.4.8 v7.4.10 v.7.4.11		FilterTypeEnum		7b22a6a00	2773	Merge pull request #2773 from microbiomedata/1368-mixs-gsc-migration	
permissible_values	filter_type_enum	electrostatic	v4.0.0	v11.14.0	v11.15.0	v7.4.5 v7.4.6 v7.4.7 v7.4.8 v7.4.10 v.7.4.11		FilterTypeEnum		7b22a6a00	2773	Merge pull request #2773 from microbiomedata/1368-mixs-gsc-migration	
permissible_values	filter_type_enum	gas-phase or ultraviolet air treatments	v4.0.0	v11.14.0	v11.15.0	v7.4.5 v7.4.6 v7.4.7 v7.4.8 v7.4.10 v.7.4.11		FilterTypeEnum		7b22a6a00	2773	Merge pull request #2773 from microbiomedata/1368-mixs-gsc-migration	
permissible_values	filter_type_enum	low-MERV pleated media	v4.0.0	v11.14.0	v11.15.0	v7.4.5 v7.4.6 v7.4.7 v7.4.8 v7.4.10 v.7.4.11		FilterTypeEnum		7b22a6a00	2773	Merge pull request #2773 from microbiomedata/1368-mixs-gsc-migration	
permissible_values	filter_type_enum	particulate air filter	v4.0.0	v11.14.0	v11.15.0	v7.4.5 v7.4.6 v7.4.7 v7.4.8 v7.4.10 v.7.4.11		FilterTypeEnum		7b22a6a00	2773	Merge pull request #2773 from microbiomedata/1368-mixs-gsc-migration	
permissible_values	floor_cond_enum	damaged	v4.0.0	v11.14.0	v11.15.0	v7.4.5 v7.4.6 v7.4.7 v7.4.8 v7.4.10 v.7.4.11		DamagedEnum DamagedRupturedEnum RoomCondtEnum		7b22a6a00	2773	Merge pull request #2773 from microbiomedata/1368-mixs-gsc-migration	
permissible_values	floor_cond_enum	needs repair	v4.0.0	v11.14.0	v11.15.0	v7.4.5 v7.4.6 v7.4.7 v7.4.8 v7.4.10 v.7.4.11		DamagedEnum DamagedRupturedEnum RoomCondtEnum		7b22a6a00	2773	Merge pull request #2773 from microbiomedata/1368-mixs-gsc-migration	
permissible_values	floor_cond_enum	new	v4.0.0	v11.14.0	v11.15.0	v7.4.5 v7.4.6 v7.4.7 v7.4.8 v7.4.10 v.7.4.11		DamagedEnum DamagedRupturedEnum RoomCondtEnum		7b22a6a00	2773	Merge pull request #2773 from microbiomedata/1368-mixs-gsc-migration	
permissible_values	floor_cond_enum	rupture	v4.0.0	v11.14.0	v11.15.0	v7.4.5 v7.4.6 v7.4.7 v7.4.8 v7.4.10 v.7.4.11		DamagedEnum DamagedRupturedEnum RoomCondtEnum		7b22a6a00	2773	Merge pull request #2773 from microbiomedata/1368-mixs-gsc-migration	
permissible_values	floor_cond_enum	visible wear	v4.0.0	v11.14.0	v11.15.0	v7.4.5 v7.4.6 v7.4.7 v7.4.8 v7.4.10 v.7.4.11		DamagedEnum DamagedRupturedEnum RoomCondtEnum		7b22a6a00	2773	Merge pull request #2773 from microbiomedata/1368-mixs-gsc-migration	
permissible_values	floor_finish_mat_enum	bamboo	v4.0.0	v11.14.0	v11.15.0	v7.4.5 v7.4.6 v7.4.7 v7.4.8 v7.4.10 v.7.4.11				7b22a6a00	2773	Merge pull request #2773 from microbiomedata/1368-mixs-gsc-migration	
permissible_values	floor_finish_mat_enum	carpet	v4.0.0	v11.14.0	v11.15.0	v7.4.5 v7.4.6 v7.4.7 v7.4.8 v7.4.10 v.7.4.11		SurfMaterialEnum		7b22a6a00	2773	Merge pull request #2773 from microbiomedata/1368-mixs-gsc-migration	
permissible_values	floor_finish_mat_enum	clear finish	v4.0.0	v11.14.0	v11.15.0	v7.4.5 v7.4.6 v7.4.7 v7.4.8 v7.4.10 v.7.4.11				7b22a6a00	2773	Merge pull request #2773 from microbiomedata/1368-mixs-gsc-migration	
permissible_values	floor_finish_mat_enum	concrete	v4.0.0	v11.14.0	v11.15.0	v7.4.5 v7.4.6 v7.4.7 v7.4.8 v7.4.10 v.7.4.11		CeilStrucEnum FloorStrucEnum SurfMaterialEnum		7b22a6a00	2773	Merge pull request #2773 from microbiomedata/1368-mixs-gsc-migration	
permissible_values	floor_finish_mat_enum	cork	v4.0.0	v11.14.0	v11.15.0	v7.4.5 v7.4.6 v7.4.7 v7.4.8 v7.4.10 v.7.4.11				7b22a6a00	2773	Merge pull request #2773 from microbiomedata/1368-mixs-gsc-migration	
permissible_values	floor_finish_mat_enum	laminate wood	v4.0.0	v11.14.0	v11.15.0	v7.4.5 v7.4.6 v7.4.7 v7.4.8 v7.4.10 v.7.4.11				7b22a6a00	2773	Merge pull request #2773 from microbiomedata/1368-mixs-gsc-migration	
permissible_values	floor_finish_mat_enum	lineoleum	v4.0.0	v11.14.0	v11.15.0	v7.4.5 v7.4.6 v7.4.7 v7.4.8 v7.4.10 v.7.4.11				7b22a6a00	2773	Merge pull request #2773 from microbiomedata/1368-mixs-gsc-migration	
permissible_values	floor_finish_mat_enum	none	v4.0.0	v11.14.0	v11.15.0	v7.4.5 v7.4.6 v7.4.7 v7.4.8 v7.4.10 v.7.4.11		LightTypeEnum SeqQualityCheckEnum WindowCoverEnum		7b22a6a00	2773	Merge pull request #2773 from microbiomedata/1368-mixs-gsc-migration	
permissible_values	floor_finish_mat_enum	none or unfinished	v4.0.0	v11.14.0	v11.15.0	v7.4.5 v7.4.6 v7.4.7 v7.4.8 v7.4.10 v.7.4.11				7b22a6a00	2773	Merge pull request #2773 from microbiomedata/1368-mixs-gsc-migration	
permissible_values	floor_finish_mat_enum	paint	v4.0.0	v11.14.0	v11.15.0	v7.4.5 v7.4.6 v7.4.7 v7.4.8 v7.4.10 v.7.4.11		SurfMaterialEnum		7b22a6a00	2773	Merge pull request #2773 from microbiomedata/1368-mixs-gsc-migration	
permissible_values	floor_finish_mat_enum	rug	v4.0.0	v11.14.0	v11.15.0	v7.4.5 v7.4.6 v7.4.7 v7.4.8 v7.4.10 v.7.4.11				7b22a6a00	2773	Merge pull request #2773 from microbiomedata/1368-mixs-gsc-migration	
permissible_values	floor_finish_mat_enum	sealed	v4.0.0	v11.14.0	v11.15.0	v7.4.5 v7.4.6 v7.4.7 v7.4.8 v7.4.10 v.7.4.11				7b22a6a00	2773	Merge pull request #2773 from microbiomedata/1368-mixs-gsc-migration	
permissible_values	floor_finish_mat_enum	sheet vinyl	v4.0.0	v11.14.0	v11.15.0	v7.4.5 v7.4.6 v7.4.7 v7.4.8 v7.4.10 v.7.4.11				7b22a6a00	2773	Merge pull request #2773 from microbiomedata/1368-mixs-gsc-migration	
permissible_values	floor_finish_mat_enum	stone	v4.0.0	v11.14.0	v11.15.0	v7.4.5 v7.4.6 v7.4.7 v7.4.8 v7.4.10 v.7.4.11		SurfMaterialEnum		7b22a6a00	2773	Merge pull request #2773 from microbiomedata/1368-mixs-gsc-migration	
permissible_values	floor_finish_mat_enum	terrazo	v4.0.0	v11.14.0	v11.15.0	v7.4.5 v7.4.6 v7.4.7 v7.4.8 v7.4.10 v.7.4.11				7b22a6a00	2773	Merge pull request #2773 from microbiomedata/1368-mixs-gsc-migration	
permissible_values	floor_finish_mat_enum	tile	v4.0.0	v11.14.0	v11.15.0	v7.4.5 v7.4.6 v7.4.7 v7.4.8 v7.4.10 v.7.4.11		SurfMaterialEnum WallFinishMatEnum		7b22a6a00	2773	Merge pull request #2773 from microbiomedata/1368-mixs-gsc-migration	
permissible_values	floor_finish_mat_enum	vinyl composition tile	v4.0.0	v11.14.0	v11.15.0	v7.4.5 v7.4.6 v7.4.7 v7.4.8 v7.4.10 v.7.4.11				7b22a6a00	2773	Merge pull request #2773 from microbiomedata/1368-mixs-gsc-migration	
permissible_values	floor_finish_mat_enum	wood strip or parquet	v4.0.0	v11.14.0	v11.15.0	v7.4.5 v7.4.6 v7.4.7 v7.4.8 v7.4.10 v.7.4.11				7b22a6a00	2773	Merge pull request #2773 from microbiomedata/1368-mixs-gsc-migration	
permissible_values	floor_struc_enum	balcony	v4.0.0	v11.14.0	v11.15.0	v7.4.5 v7.4.6 v7.4.7 v7.4.8 v7.4.10 v.7.4.11		FloorStrucEnum		7b22a6a00	2773	Merge pull request #2773 from microbiomedata/1368-mixs-gsc-migration	
permissible_values	floor_struc_enum	concrete	v4.0.0	v11.14.0	v11.15.0	v7.4.5 v7.4.6 v7.4.7 v7.4.8 v7.4.10 v.7.4.11		CeilStrucEnum FloorStrucEnum SurfMaterialEnum		7b22a6a00	2773	Merge pull request #2773 from microbiomedata/1368-mixs-gsc-migration	
permissible_values	floor_struc_enum	floating floor	v4.0.0	v11.14.0	v11.15.0	v7.4.5 v7.4.6 v7.4.7 v7.4.8 v7.4.10 v.7.4.11		FloorStrucEnum		7b22a6a00	2773	Merge pull request #2773 from microbiomedata/1368-mixs-gsc-migration	
permissible_values	floor_struc_enum	glass floor	v4.0.0	v11.14.0	v11.15.0	v7.4.5 v7.4.6 v7.4.7 v7.4.8 v7.4.10 v.7.4.11		FloorStrucEnum		7b22a6a00	2773	Merge pull request #2773 from microbiomedata/1368-mixs-gsc-migration	
permissible_values	floor_struc_enum	raised floor	v4.0.0	v11.14.0	v11.15.0	v7.4.5 v7.4.6 v7.4.7 v7.4.8 v7.4.10 v.7.4.11		FloorStrucEnum		7b22a6a00	2773	Merge pull request #2773 from microbiomedata/1368-mixs-gsc-migration	
permissible_values	floor_struc_enum	sprung floor	v4.0.0	v11.14.0	v11.15.0	v7.4.5 v7.4.6 v7.4.7 v7.4.8 v7.4.10 v.7.4.11		FloorStrucEnum		7b22a6a00	2773	Merge pull request #2773 from microbiomedata/1368-mixs-gsc-migration	
permissible_values	floor_struc_enum	wood-framed	v4.0.0	v11.14.0	v11.15.0	v7.4.5 v7.4.6 v7.4.7 v7.4.8 v7.4.10 v.7.4.11		FloorStrucEnum		7b22a6a00	2773	Merge pull request #2773 from microbiomedata/1368-mixs-gsc-migration	
permissible_values	floor_water_mold_enum	bulging walls	v4.0.0	v11.14.0	v11.15.0	v7.4.5 v7.4.6 v7.4.7 v7.4.8 v7.4.10 v.7.4.11		FloorWaterMoldEnum		7b22a6a00	2773	Merge pull request #2773 from microbiomedata/1368-mixs-gsc-migration	
permissible_values	floor_water_mold_enum	ceiling discoloration	v4.0.0	v11.14.0	v11.15.0	v7.4.5 v7.4.6 v7.4.7 v7.4.8 v7.4.10 v.7.4.11		FloorWaterMoldEnum		7b22a6a00	2773	Merge pull request #2773 from microbiomedata/1368-mixs-gsc-migration	
permissible_values	floor_water_mold_enum	condensation	v4.0.0	v11.14.0	v11.15.0	v7.4.5 v7.4.6 v7.4.7 v7.4.8 v7.4.10 v.7.4.11		FloorWaterMoldEnum		7b22a6a00	2773	Merge pull request #2773 from microbiomedata/1368-mixs-gsc-migration	
permissible_values	floor_water_mold_enum	floor discoloration	v4.0.0	v11.14.0	v11.15.0	v7.4.5 v7.4.6 v7.4.7 v7.4.8 v7.4.10 v.7.4.11		FloorWaterMoldEnum		7b22a6a00	2773	Merge pull request #2773 from microbiomedata/1368-mixs-gsc-migration	
permissible_values	floor_water_mold_enum	mold odor	v4.0.0	v11.14.0	v11.15.0	v7.4.5 v7.4.6 v7.4.7 v7.4.8 v7.4.10 v.7.4.11		FloorWaterMoldEnum		7b22a6a00	2773	Merge pull request #2773 from microbiomedata/1368-mixs-gsc-migration	
permissible_values	floor_water_mold_enum	peeling paint or wallpaper	v4.0.0	v11.14.0	v11.15.0	v7.4.5 v7.4.6 v7.4.7 v7.4.8 v7.4.10 v.7.4.11		FloorWaterMoldEnum		7b22a6a00	2773	Merge pull request #2773 from microbiomedata/1368-mixs-gsc-migration	
permissible_values	floor_water_mold_enum	wall discoloration	v4.0.0	v11.14.0	v11.15.0	v7.4.5 v7.4.6 v7.4.7 v7.4.8 v7.4.10 v.7.4.11		FloorWaterMoldEnum		7b22a6a00	2773	Merge pull request #2773 from microbiomedata/1368-mixs-gsc-migration	
permissible_values	floor_water_mold_enum	water stains	v4.0.0	v11.14.0	v11.15.0	v7.4.5 v7.4.6 v7.4.7 v7.4.8 v7.4.10 v.7.4.11		FloorWaterMoldEnum		7b22a6a00	2773	Merge pull request #2773 from microbiomedata/1368-mixs-gsc-migration	
permissible_values	floor_water_mold_enum	wet floor	v4.0.0	v11.14.0	v11.15.0	v7.4.5 v7.4.6 v7.4.7 v7.4.8 v7.4.10 v.7.4.11		FloorWaterMoldEnum		7b22a6a00	2773	Merge pull request #2773 from microbiomedata/1368-mixs-gsc-migration	
permissible_values	freq_clean_enum	Annually	v4.0.0	v11.14.0	v11.15.0	v7.4.5 v7.4.6 v7.4.7 v7.4.8 v7.4.10 v.7.4.11		FreqCleanEnum		7b22a6a00	2773	Merge pull request #2773 from microbiomedata/1368-mixs-gsc-migration	
permissible_values	freq_clean_enum	Daily	v4.0.0	v11.14.0	v11.15.0	v7.4.5 v7.4.6 v7.4.7 v7.4.8 v7.4.10 v.7.4.11		FreqCleanEnum		7b22a6a00	2773	Merge pull request #2773 from microbiomedata/1368-mixs-gsc-migration	
permissible_values	freq_clean_enum	Monthly	v4.0.0	v11.14.0	v11.15.0	v7.4.5 v7.4.6 v7.4.7 v7.4.8 v7.4.10 v.7.4.11		FreqCleanEnum		7b22a6a00	2773	Merge pull request #2773 from microbiomedata/1368-mixs-gsc-migration	
permissible_values	freq_clean_enum	Quarterly	v4.0.0	v11.14.0	v11.15.0	v7.4.5 v7.4.6 v7.4.7 v7.4.8 v7.4.10 v.7.4.11		FreqCleanEnum		7b22a6a00	2773	Merge pull request #2773 from microbiomedata/1368-mixs-gsc-migration	
permissible_values	freq_clean_enum	Weekly	v4.0.0	v11.14.0	v11.15.0	v7.4.5 v7.4.6 v7.4.7 v7.4.8 v7.4.10 v.7.4.11		FreqCleanEnum		7b22a6a00	2773	Merge pull request #2773 from microbiomedata/1368-mixs-gsc-migration	
permissible_values	freq_clean_enum	other	v4.0.0	v11.14.0	v11.15.0	v7.4.5 v7.4.6 v7.4.7 v7.4.8 v7.4.10 v.7.4.11		DeposEnvEnum FailureWhatEnum FreqCleanEnum GeolAgeEnum HcProducedEnum HcrEnum LibLayoutEnum LibrarySelectionEnum LithologyEnum OxyStatSampEnum SampCaptStatusEnum SampCollectPointEnum SampDisStageEnum SampSubtypeEnum SrDepEnvEnum SrKerogTypeEnum SrLithologyEnum		7b22a6a00	2773	Merge pull request #2773 from microbiomedata/1368-mixs-gsc-migration	
permissible_values	furniture_enum	cabinet	v4.0.0	v11.14.0	v11.15.0	v7.4.5 v7.4.6 v7.4.7 v7.4.8 v7.4.10 v.7.4.11		FurnitureEnum IndoorSurfEnum		7b22a6a00	2773	Merge pull request #2773 from microbiomedata/1368-mixs-gsc-migration	
permissible_values	furniture_enum	chair	v4.0.0	v11.14.0	v11.15.0	v7.4.5 v7.4.6 v7.4.7 v7.4.8 v7.4.10 v.7.4.11		FurnitureEnum		7b22a6a00	2773	Merge pull request #2773 from microbiomedata/1368-mixs-gsc-migration	
permissible_values	furniture_enum	desks	v4.0.0	v11.14.0	v11.15.0	v7.4.5 v7.4.6 v7.4.7 v7.4.8 v7.4.10 v.7.4.11		FurnitureEnum		7b22a6a00	2773	Merge pull request #2773 from microbiomedata/1368-mixs-gsc-migration	
permissible_values	gender_restroom_enum	all gender	v4.0.0	v11.14.0	v11.15.0	v7.4.5 v7.4.6 v7.4.7 v7.4.8 v7.4.10 v.7.4.11		GenderRestroomEnum		7b22a6a00	2773	Merge pull request #2773 from microbiomedata/1368-mixs-gsc-migration	
permissible_values	gender_restroom_enum	female	v4.0.0	v11.14.0	v11.15.0	v7.4.5 v7.4.6 v7.4.7 v7.4.8 v7.4.10 v.7.4.11		GenderRestroomEnum HostSexEnum		7b22a6a00	2773	Merge pull request #2773 from microbiomedata/1368-mixs-gsc-migration	
permissible_values	gender_restroom_enum	gender neurtral	v4.0.0	v11.14.0	v11.15.0	v7.4.5 v7.4.6 v7.4.7 v7.4.8 v7.4.10 v.7.4.11				7b22a6a00	2773	Merge pull request #2773 from microbiomedata/1368-mixs-gsc-migration	
permissible_values	gender_restroom_enum	male	v4.0.0	v11.14.0	v11.15.0	v7.4.5 v7.4.6 v7.4.7 v7.4.8 v7.4.10 v.7.4.11		GenderRestroomEnum HostSexEnum		7b22a6a00	2773	Merge pull request #2773 from microbiomedata/1368-mixs-gsc-migration	
permissible_values	gender_restroom_enum	male and female	v4.0.0	v11.14.0	v11.15.0	v7.4.5 v7.4.6 v7.4.7 v7.4.8 v7.4.10 v.7.4.11		GenderRestroomEnum		7b22a6a00	2773	Merge pull request #2773 from microbiomedata/1368-mixs-gsc-migration	
permissible_values	gender_restroom_enum	unisex	v4.0.0	v11.14.0	v11.15.0	v7.4.5 v7.4.6 v7.4.7 v7.4.8 v7.4.10 v.7.4.11		GenderRestroomEnum		7b22a6a00	2773	Merge pull request #2773 from microbiomedata/1368-mixs-gsc-migration	
permissible_values	growth_habit_enum	erect	v4.0.0	v11.14.0	v11.15.0	v7.4.5 v7.4.6 v7.4.7 v7.4.8 v7.4.10 v.7.4.11		GrowthHabitEnum		7b22a6a00	2773	Merge pull request #2773 from microbiomedata/1368-mixs-gsc-migration	
permissible_values	growth_habit_enum	prostrate	v4.0.0	v11.14.0	v11.15.0	v7.4.5 v7.4.6 v7.4.7 v7.4.8 v7.4.10 v.7.4.11		GrowthHabitEnum		7b22a6a00	2773	Merge pull request #2773 from microbiomedata/1368-mixs-gsc-migration	
permissible_values	growth_habit_enum	semi-erect	v4.0.0	v11.14.0	v11.15.0	v7.4.5 v7.4.6 v7.4.7 v7.4.8 v7.4.10 v.7.4.11		GrowthHabitEnum		7b22a6a00	2773	Merge pull request #2773 from microbiomedata/1368-mixs-gsc-migration	
permissible_values	growth_habit_enum	spreading	v4.0.0	v11.14.0	v11.15.0	v7.4.5 v7.4.6 v7.4.7 v7.4.8 v7.4.10 v.7.4.11		GrowthHabitEnum		7b22a6a00	2773	Merge pull request #2773 from microbiomedata/1368-mixs-gsc-migration	
permissible_values	handidness_enum	ambidexterity	v4.0.0	v11.14.0	v11.15.0	v7.4.5 v7.4.6 v7.4.7 v7.4.8 v7.4.10 v.7.4.11		HandidnessEnum		7b22a6a00	2773	Merge pull request #2773 from microbiomedata/1368-mixs-gsc-migration	
permissible_values	handidness_enum	left handedness	v4.0.0	v11.14.0	v11.15.0	v7.4.5 v7.4.6 v7.4.7 v7.4.8 v7.4.10 v.7.4.11		HandidnessEnum		7b22a6a00	2773	Merge pull request #2773 from microbiomedata/1368-mixs-gsc-migration	
permissible_values	handidness_enum	mixed-handedness	v4.0.0	v11.14.0	v11.15.0	v7.4.5 v7.4.6 v7.4.7 v7.4.8 v7.4.10 v.7.4.11		HandidnessEnum		7b22a6a00	2773	Merge pull request #2773 from microbiomedata/1368-mixs-gsc-migration	
permissible_values	handidness_enum	right handedness	v4.0.0	v11.14.0	v11.15.0	v7.4.5 v7.4.6 v7.4.7 v7.4.8 v7.4.10 v.7.4.11		HandidnessEnum		7b22a6a00	2773	Merge pull request #2773 from microbiomedata/1368-mixs-gsc-migration	
permissible_values	hc_produced_enum	Bitumen	v4.0.0	v11.14.0	v11.15.0	v7.4.5 v7.4.6 v7.4.7 v7.4.8 v7.4.10 v.7.4.11		HcProducedEnum		7b22a6a00	2773	Merge pull request #2773 from microbiomedata/1368-mixs-gsc-migration	
permissible_values	hc_produced_enum	Coalbed Methane	v4.0.0	v11.14.0	v11.15.0	v7.4.5 v7.4.6 v7.4.7 v7.4.8 v7.4.10 v.7.4.11		HcProducedEnum		7b22a6a00	2773	Merge pull request #2773 from microbiomedata/1368-mixs-gsc-migration	
permissible_values	hc_produced_enum	Gas	v4.0.0	v11.14.0	v11.15.0	v7.4.5 v7.4.6 v7.4.7 v7.4.8 v7.4.10 v.7.4.11		HcProducedEnum		7b22a6a00	2773	Merge pull request #2773 from microbiomedata/1368-mixs-gsc-migration	
permissible_values	hc_produced_enum	Gas-Condensate	v4.0.0	v11.14.0	v11.15.0	v7.4.5 v7.4.6 v7.4.7 v7.4.8 v7.4.10 v.7.4.11		HcProducedEnum		7b22a6a00	2773	Merge pull request #2773 from microbiomedata/1368-mixs-gsc-migration	
permissible_values	hc_produced_enum	Oil	v4.0.0	v11.14.0	v11.15.0	v7.4.5 v7.4.6 v7.4.7 v7.4.8 v7.4.10 v.7.4.11		HcProducedEnum		7b22a6a00	2773	Merge pull request #2773 from microbiomedata/1368-mixs-gsc-migration	
permissible_values	hc_produced_enum	other	v4.0.0	v11.14.0	v11.15.0	v7.4.5 v7.4.6 v7.4.7 v7.4.8 v7.4.10 v.7.4.11		DeposEnvEnum FailureWhatEnum FreqCleanEnum GeolAgeEnum HcProducedEnum HcrEnum LibLayoutEnum LibrarySelectionEnum LithologyEnum OxyStatSampEnum SampCaptStatusEnum SampCollectPointEnum SampDisStageEnum SampSubtypeEnum SrDepEnvEnum SrKerogTypeEnum SrLithologyEnum		7b22a6a00	2773	Merge pull request #2773 from microbiomedata/1368-mixs-gsc-migration	
permissible_values	hcr_enum	Coalbed	v4.0.0	v11.14.0	v11.15.0	v7.4.5 v7.4.6 v7.4.7 v7.4.8 v7.4.10 v.7.4.11		HcrEnum		7b22a6a00	2773	Merge pull request #2773 from microbiomedata/1368-mixs-gsc-migration	
permissible_values	hcr_enum	Gas Reservoir	v4.0.0	v11.14.0	v11.15.0	v7.4.5 v7.4.6 v7.4.7 v7.4.8 v7.4.10 v.7.4.11		HcrEnum		7b22a6a00	2773	Merge pull request #2773 from microbiomedata/1368-mixs-gsc-migration	
permissible_values	hcr_enum	Oil Reservoir	v4.0.0	v11.14.0	v11.15.0	v7.4.5 v7.4.6 v7.4.7 v7.4.8 v7.4.10 v.7.4.11		HcrEnum		7b22a6a00	2773	Merge pull request #2773 from microbiomedata/1368-mixs-gsc-migration	
permissible_values	hcr_enum	Oil Sand	v4.0.0	v11.14.0	v11.15.0	v7.4.5 v7.4.6 v7.4.7 v7.4.8 v7.4.10 v.7.4.11		HcrEnum		7b22a6a00	2773	Merge pull request #2773 from microbiomedata/1368-mixs-gsc-migration	
permissible_values	hcr_enum	Shale	v4.0.0	v11.14.0	v11.15.0	v7.4.5 v7.4.6 v7.4.7 v7.4.8 v7.4.10 v.7.4.11		HcrEnum LithologyEnum		7b22a6a00	2773	Merge pull request #2773 from microbiomedata/1368-mixs-gsc-migration	
permissible_values	hcr_enum	Tight Gas Reservoir	v4.0.0	v11.14.0	v11.15.0	v7.4.5 v7.4.6 v7.4.7 v7.4.8 v7.4.10 v.7.4.11		HcrEnum		7b22a6a00	2773	Merge pull request #2773 from microbiomedata/1368-mixs-gsc-migration	
permissible_values	hcr_enum	Tight Oil Reservoir	v4.0.0	v11.14.0	v11.15.0	v7.4.5 v7.4.6 v7.4.7 v7.4.8 v7.4.10 v.7.4.11		HcrEnum		7b22a6a00	2773	Merge pull request #2773 from microbiomedata/1368-mixs-gsc-migration	
permissible_values	hcr_enum	other	v4.0.0	v11.14.0	v11.15.0	v7.4.5 v7.4.6 v7.4.7 v7.4.8 v7.4.10 v.7.4.11		DeposEnvEnum FailureWhatEnum FreqCleanEnum GeolAgeEnum HcProducedEnum HcrEnum LibLayoutEnum LibrarySelectionEnum LithologyEnum OxyStatSampEnum SampCaptStatusEnum SampCollectPointEnum SampDisStageEnum SampSubtypeEnum SrDepEnvEnum SrKerogTypeEnum SrLithologyEnum		7b22a6a00	2773	Merge pull request #2773 from microbiomedata/1368-mixs-gsc-migration	
permissible_values	hcr_geol_age_enum	Archean	v4.0.0	v11.14.0	v11.15.0	v7.4.5 v7.4.6 v7.4.7 v7.4.8 v7.4.10 v.7.4.11		GeolAgeEnum		7b22a6a00	2773	Merge pull request #2773 from microbiomedata/1368-mixs-gsc-migration	
permissible_values	hcr_geol_age_enum	Cambrian	v4.0.0	v11.14.0	v11.15.0	v7.4.5 v7.4.6 v7.4.7 v7.4.8 v7.4.10 v.7.4.11		GeolAgeEnum		7b22a6a00	2773	Merge pull request #2773 from microbiomedata/1368-mixs-gsc-migration	
permissible_values	hcr_geol_age_enum	Carboniferous	v4.0.0	v11.14.0	v11.15.0	v7.4.5 v7.4.6 v7.4.7 v7.4.8 v7.4.10 v.7.4.11		GeolAgeEnum		7b22a6a00	2773	Merge pull request #2773 from microbiomedata/1368-mixs-gsc-migration	
permissible_values	hcr_geol_age_enum	Cenozoic	v4.0.0	v11.14.0	v11.15.0	v7.4.5 v7.4.6 v7.4.7 v7.4.8 v7.4.10 v.7.4.11		GeolAgeEnum		7b22a6a00	2773	Merge pull request #2773 from microbiomedata/1368-mixs-gsc-migration	
permissible_values	hcr_geol_age_enum	Cretaceous	v4.0.0	v11.14.0	v11.15.0	v7.4.5 v7.4.6 v7.4.7 v7.4.8 v7.4.10 v.7.4.11		GeolAgeEnum		7b22a6a00	2773	Merge pull request #2773 from microbiomedata/1368-mixs-gsc-migration	
permissible_values	hcr_geol_age_enum	Devonian	v4.0.0	v11.14.0	v11.15.0	v7.4.5 v7.4.6 v7.4.7 v7.4.8 v7.4.10 v.7.4.11		GeolAgeEnum		7b22a6a00	2773	Merge pull request #2773 from microbiomedata/1368-mixs-gsc-migration	
permissible_values	hcr_geol_age_enum	Jurassic	v4.0.0	v11.14.0	v11.15.0	v7.4.5 v7.4.6 v7.4.7 v7.4.8 v7.4.10 v.7.4.11		GeolAgeEnum		7b22a6a00	2773	Merge pull request #2773 from microbiomedata/1368-mixs-gsc-migration	
permissible_values	hcr_geol_age_enum	Mesozoic	v4.0.0	v11.14.0	v11.15.0	v7.4.5 v7.4.6 v7.4.7 v7.4.8 v7.4.10 v.7.4.11		GeolAgeEnum		7b22a6a00	2773	Merge pull request #2773 from microbiomedata/1368-mixs-gsc-migration	
permissible_values	hcr_geol_age_enum	Neogene	v4.0.0	v11.14.0	v11.15.0	v7.4.5 v7.4.6 v7.4.7 v7.4.8 v7.4.10 v.7.4.11		GeolAgeEnum		7b22a6a00	2773	Merge pull request #2773 from microbiomedata/1368-mixs-gsc-migration	
permissible_values	hcr_geol_age_enum	Ordovician	v4.0.0	v11.14.0	v11.15.0	v7.4.5 v7.4.6 v7.4.7 v7.4.8 v7.4.10 v.7.4.11		GeolAgeEnum		7b22a6a00	2773	Merge pull request #2773 from microbiomedata/1368-mixs-gsc-migration	
permissible_values	hcr_geol_age_enum	Paleogene	v4.0.0	v11.14.0	v11.15.0	v7.4.5 v7.4.6 v7.4.7 v7.4.8 v7.4.10 v.7.4.11		GeolAgeEnum		7b22a6a00	2773	Merge pull request #2773 from microbiomedata/1368-mixs-gsc-migration	
permissible_values	hcr_geol_age_enum	Paleozoic	v4.0.0	v11.14.0	v11.15.0	v7.4.5 v7.4.6 v7.4.7 v7.4.8 v7.4.10 v.7.4.11		GeolAgeEnum		7b22a6a00	2773	Merge pull request #2773 from microbiomedata/1368-mixs-gsc-migration	
permissible_values	hcr_geol_age_enum	Permian	v4.0.0	v11.14.0	v11.15.0	v7.4.5 v7.4.6 v7.4.7 v7.4.8 v7.4.10 v.7.4.11		GeolAgeEnum		7b22a6a00	2773	Merge pull request #2773 from microbiomedata/1368-mixs-gsc-migration	
permissible_values	hcr_geol_age_enum	Precambrian	v4.0.0	v11.14.0	v11.15.0	v7.4.5 v7.4.6 v7.4.7 v7.4.8 v7.4.10 v.7.4.11		GeolAgeEnum		7b22a6a00	2773	Merge pull request #2773 from microbiomedata/1368-mixs-gsc-migration	
permissible_values	hcr_geol_age_enum	Proterozoic	v4.0.0	v11.14.0	v11.15.0	v7.4.5 v7.4.6 v7.4.7 v7.4.8 v7.4.10 v.7.4.11		GeolAgeEnum		7b22a6a00	2773	Merge pull request #2773 from microbiomedata/1368-mixs-gsc-migration	
permissible_values	hcr_geol_age_enum	Silurian	v4.0.0	v11.14.0	v11.15.0	v7.4.5 v7.4.6 v7.4.7 v7.4.8 v7.4.10 v.7.4.11		GeolAgeEnum		7b22a6a00	2773	Merge pull request #2773 from microbiomedata/1368-mixs-gsc-migration	
permissible_values	hcr_geol_age_enum	Triassic	v4.0.0	v11.14.0	v11.15.0	v7.4.5 v7.4.6 v7.4.7 v7.4.8 v7.4.10 v.7.4.11		GeolAgeEnum		7b22a6a00	2773	Merge pull request #2773 from microbiomedata/1368-mixs-gsc-migration	
permissible_values	hcr_geol_age_enum	other	v4.0.0	v11.14.0	v11.15.0	v7.4.5 v7.4.6 v7.4.7 v7.4.8 v7.4.10 v.7.4.11		DeposEnvEnum FailureWhatEnum FreqCleanEnum GeolAgeEnum HcProducedEnum HcrEnum LibLayoutEnum LibrarySelectionEnum LithologyEnum OxyStatSampEnum SampCaptStatusEnum SampCollectPointEnum SampDisStageEnum SampSubtypeEnum SrDepEnvEnum SrKerogTypeEnum SrLithologyEnum		7b22a6a00	2773	Merge pull request #2773 from microbiomedata/1368-mixs-gsc-migration	
permissible_values	heat_cool_type_enum	forced air system	v4.0.0	v11.14.0	v11.15.0	v7.4.5 v7.4.6 v7.4.7 v7.4.8 v7.4.10 v.7.4.11		HeatCoolTypeEnum		7b22a6a00	2773	Merge pull request #2773 from microbiomedata/1368-mixs-gsc-migration	
permissible_values	heat_cool_type_enum	heat pump	v4.0.0	v11.14.0	v11.15.0	v7.4.5 v7.4.6 v7.4.7 v7.4.8 v7.4.10 v.7.4.11		HeatCoolTypeEnum		7b22a6a00	2773	Merge pull request #2773 from microbiomedata/1368-mixs-gsc-migration	
permissible_values	heat_cool_type_enum	radiant system	v4.0.0	v11.14.0	v11.15.0	v7.4.5 v7.4.6 v7.4.7 v7.4.8 v7.4.10 v.7.4.11		HeatCoolTypeEnum		7b22a6a00	2773	Merge pull request #2773 from microbiomedata/1368-mixs-gsc-migration	
permissible_values	heat_cool_type_enum	steam forced heat	v4.0.0	v11.14.0	v11.15.0	v7.4.5 v7.4.6 v7.4.7 v7.4.8 v7.4.10 v.7.4.11		HeatCoolTypeEnum		7b22a6a00	2773	Merge pull request #2773 from microbiomedata/1368-mixs-gsc-migration	
permissible_values	heat_cool_type_enum	wood stove	v4.0.0	v11.14.0	v11.15.0	v7.4.5 v7.4.6 v7.4.7 v7.4.8 v7.4.10 v.7.4.11		HeatCoolTypeEnum		7b22a6a00	2773	Merge pull request #2773 from microbiomedata/1368-mixs-gsc-migration	
permissible_values	heat_deliv_loc_enum	east	v4.0.0	v11.14.0	v11.15.0	v7.4.5 v7.4.6 v7.4.7 v7.4.8 v7.4.10 v.7.4.11		CompassDirections8Enum		7b22a6a00	2773	Merge pull request #2773 from microbiomedata/1368-mixs-gsc-migration	
permissible_values	heat_deliv_loc_enum	north	v4.0.0	v11.14.0	v11.15.0	v7.4.5 v7.4.6 v7.4.7 v7.4.8 v7.4.10 v.7.4.11		CompassDirections8Enum		7b22a6a00	2773	Merge pull request #2773 from microbiomedata/1368-mixs-gsc-migration	
permissible_values	heat_deliv_loc_enum	south	v4.0.0	v11.14.0	v11.15.0	v7.4.5 v7.4.6 v7.4.7 v7.4.8 v7.4.10 v.7.4.11		CompassDirections8Enum		7b22a6a00	2773	Merge pull request #2773 from microbiomedata/1368-mixs-gsc-migration	
permissible_values	heat_deliv_loc_enum	west	v4.0.0	v11.14.0	v11.15.0	v7.4.5 v7.4.6 v7.4.7 v7.4.8 v7.4.10 v.7.4.11		CompassDirections8Enum		7b22a6a00	2773	Merge pull request #2773 from microbiomedata/1368-mixs-gsc-migration	
permissible_values	horizon_enum	A horizon	v4.0.0	v7.4.4	v7.4.5			SoilHorizonEnum		d306c36e3	707	Merge pull request #707 from microbiomedata/biosample-usage	
permissible_values	horizon_enum	B horizon	v4.0.0	v7.4.4	v7.4.5			SoilHorizonEnum		d306c36e3	707	Merge pull request #707 from microbiomedata/biosample-usage	
permissible_values	horizon_enum	C horizon	v4.0.0	v7.4.4	v7.4.5			SoilHorizonEnum		d306c36e3	707	Merge pull request #707 from microbiomedata/biosample-usage	
permissible_values	horizon_enum	E horizon	v4.0.0	v7.4.4	v7.4.5			SoilHorizonEnum		d306c36e3	707	Merge pull request #707 from microbiomedata/biosample-usage	
permissible_values	horizon_enum	O horizon	v4.0.0	v7.4.4	v7.4.5			SoilHorizonEnum		d306c36e3	707	Merge pull request #707 from microbiomedata/biosample-usage	
permissible_values	horizon_enum	Permafrost	v4.0.0	v7.4.4	v7.4.5			SoilHorizonEnum		d306c36e3	707	Merge pull request #707 from microbiomedata/biosample-usage	
permissible_values	horizon_enum	R layer	v4.0.0	v7.4.4	v7.4.5			SoilHorizonEnum		d306c36e3	707	Merge pull request #707 from microbiomedata/biosample-usage	
permissible_values	host_sex_enum	female	v4.0.0	v11.14.0	v11.15.0	v7.4.5 v7.4.6 v7.4.7 v7.4.8 v7.4.10 v.7.4.11		GenderRestroomEnum HostSexEnum		7b22a6a00	2773	Merge pull request #2773 from microbiomedata/1368-mixs-gsc-migration	
permissible_values	host_sex_enum	hermaphrodite	v4.0.0	v11.14.0	v11.15.0	v7.4.5 v7.4.6 v7.4.7 v7.4.8 v7.4.10 v.7.4.11		HostSexEnum		7b22a6a00	2773	Merge pull request #2773 from microbiomedata/1368-mixs-gsc-migration	
permissible_values	host_sex_enum	male	v4.0.0	v11.14.0	v11.15.0	v7.4.5 v7.4.6 v7.4.7 v7.4.8 v7.4.10 v.7.4.11		GenderRestroomEnum HostSexEnum		7b22a6a00	2773	Merge pull request #2773 from microbiomedata/1368-mixs-gsc-migration	
permissible_values	host_sex_enum	neuter	v4.0.0	v11.2.0	v11.2.1	v7.4.5 v7.4.6 v7.4.7 v7.4.8 v7.4.10 v.7.4.11				7a388ac6f	2269	Merge pull request #2269 from microbiomedata/fix-invalid-examples	
permissible_values	host_sex_enum	non-binary	v11.2.0	v11.14.0	v11.15.0			HostSexEnum		7b22a6a00	2773	Merge pull request #2773 from microbiomedata/1368-mixs-gsc-migration	
permissible_values	host_sex_enum	transgender	v11.2.0	v11.14.0	v11.15.0			HostSexEnum		7b22a6a00	2773	Merge pull request #2773 from microbiomedata/1368-mixs-gsc-migration	
permissible_values	host_sex_enum	transgender (female to male)	v11.2.0	v11.14.0	v11.15.0			HostSexEnum		7b22a6a00	2773	Merge pull request #2773 from microbiomedata/1368-mixs-gsc-migration	
permissible_values	host_sex_enum	transgender (male to female)	v11.2.0	v11.14.0	v11.15.0			HostSexEnum		7b22a6a00	2773	Merge pull request #2773 from microbiomedata/1368-mixs-gsc-migration	
permissible_values	host_sex_enum	undeclared	v11.2.0	v11.14.0	v11.15.0			HostSexEnum		7b22a6a00	2773	Merge pull request #2773 from microbiomedata/1368-mixs-gsc-migration	
permissible_values	indoor_space_enum	bathroom	v4.0.0	v11.14.0	v11.15.0	v7.4.5 v7.4.6 v7.4.7 v7.4.8 v7.4.10 v.7.4.11		IndoorSpaceEnum RoomConnectedEnum		7b22a6a00	2773	Merge pull request #2773 from microbiomedata/1368-mixs-gsc-migration	
permissible_values	indoor_space_enum	bedroom	v4.0.0	v11.14.0	v11.15.0	v7.4.5 v7.4.6 v7.4.7 v7.4.8 v7.4.10 v.7.4.11		IndoorSpaceEnum		7b22a6a00	2773	Merge pull request #2773 from microbiomedata/1368-mixs-gsc-migration	
permissible_values	indoor_space_enum	elevator	v4.0.0	v11.14.0	v11.15.0	v7.4.5 v7.4.6 v7.4.7 v7.4.8 v7.4.10 v.7.4.11		IndoorSpaceEnum MechStrucEnum RoomConnectedEnum		7b22a6a00	2773	Merge pull request #2773 from microbiomedata/1368-mixs-gsc-migration	
permissible_values	indoor_space_enum	foyer	v4.0.0	v11.14.0	v11.15.0	v7.4.5 v7.4.6 v7.4.7 v7.4.8 v7.4.10 v.7.4.11		IndoorSpaceEnum		7b22a6a00	2773	Merge pull request #2773 from microbiomedata/1368-mixs-gsc-migration	
permissible_values	indoor_space_enum	hallway	v4.0.0	v11.14.0	v11.15.0	v7.4.5 v7.4.6 v7.4.7 v7.4.8 v7.4.10 v.7.4.11		IndoorSpaceEnum RoomConnectedEnum		7b22a6a00	2773	Merge pull request #2773 from microbiomedata/1368-mixs-gsc-migration	
permissible_values	indoor_space_enum	kitchen	v4.0.0	v11.14.0	v11.15.0	v7.4.5 v7.4.6 v7.4.7 v7.4.8 v7.4.10 v.7.4.11		IndoorSpaceEnum RoomConnectedEnum		7b22a6a00	2773	Merge pull request #2773 from microbiomedata/1368-mixs-gsc-migration	
permissible_values	indoor_space_enum	locker room	v4.0.0	v11.14.0	v11.15.0	v7.4.5 v7.4.6 v7.4.7 v7.4.8 v7.4.10 v.7.4.11		IndoorSpaceEnum		7b22a6a00	2773	Merge pull request #2773 from microbiomedata/1368-mixs-gsc-migration	
permissible_values	indoor_space_enum	office	v4.0.0	v11.14.0	v11.15.0	v7.4.5 v7.4.6 v7.4.7 v7.4.8 v7.4.10 v.7.4.11		BuildOccupTypeEnum IndoorSpaceEnum RoomConnectedEnum		7b22a6a00	2773	Merge pull request #2773 from microbiomedata/1368-mixs-gsc-migration	
permissible_values	indoor_surf_enum	cabinet	v4.0.0	v11.14.0	v11.15.0	v7.4.5 v7.4.6 v7.4.7 v7.4.8 v7.4.10 v.7.4.11		FurnitureEnum IndoorSurfEnum		7b22a6a00	2773	Merge pull request #2773 from microbiomedata/1368-mixs-gsc-migration	
permissible_values	indoor_surf_enum	ceiling	v4.0.0	v11.14.0	v11.15.0	v7.4.5 v7.4.6 v7.4.7 v7.4.8 v7.4.10 v.7.4.11		IndoorSurfEnum		7b22a6a00	2773	Merge pull request #2773 from microbiomedata/1368-mixs-gsc-migration	
permissible_values	indoor_surf_enum	counter top	v4.0.0	v11.14.0	v11.15.0	v7.4.5 v7.4.6 v7.4.7 v7.4.8 v7.4.10 v.7.4.11		IndoorSurfEnum		7b22a6a00	2773	Merge pull request #2773 from microbiomedata/1368-mixs-gsc-migration	
permissible_values	indoor_surf_enum	door	v4.0.0	v11.14.0	v11.15.0	v7.4.5 v7.4.6 v7.4.7 v7.4.8 v7.4.10 v.7.4.11		IndoorSurfEnum		7b22a6a00	2773	Merge pull request #2773 from microbiomedata/1368-mixs-gsc-migration	
permissible_values	indoor_surf_enum	shelving	v4.0.0	v11.14.0	v11.15.0	v7.4.5 v7.4.6 v7.4.7 v7.4.8 v7.4.10 v.7.4.11		IndoorSurfEnum		7b22a6a00	2773	Merge pull request #2773 from microbiomedata/1368-mixs-gsc-migration	
permissible_values	indoor_surf_enum	vent cover	v4.0.0	v11.14.0	v11.15.0	v7.4.5 v7.4.6 v7.4.7 v7.4.8 v7.4.10 v.7.4.11		IndoorSurfEnum		7b22a6a00	2773	Merge pull request #2773 from microbiomedata/1368-mixs-gsc-migration	
permissible_values	indoor_surf_enum	wall	v4.0.0	v11.14.0	v11.15.0	v7.4.5 v7.4.6 v7.4.7 v7.4.8 v7.4.10 v.7.4.11		IndoorSurfEnum		7b22a6a00	2773	Merge pull request #2773 from microbiomedata/1368-mixs-gsc-migration	
permissible_values	indoor_surf_enum	window	v4.0.0	v11.14.0	v11.15.0	v7.4.5 v7.4.6 v7.4.7 v7.4.8 v7.4.10 v.7.4.11		IndoorSurfEnum		7b22a6a00	2773	Merge pull request #2773 from microbiomedata/1368-mixs-gsc-migration	
permissible_values	int_wall_cond_enum	damaged	v4.0.0	v11.14.0	v11.15.0	v7.4.5 v7.4.6 v7.4.7 v7.4.8 v7.4.10 v.7.4.11		DamagedEnum DamagedRupturedEnum RoomCondtEnum		7b22a6a00	2773	Merge pull request #2773 from microbiomedata/1368-mixs-gsc-migration	
permissible_values	int_wall_cond_enum	needs repair	v4.0.0	v11.14.0	v11.15.0	v7.4.5 v7.4.6 v7.4.7 v7.4.8 v7.4.10 v.7.4.11		DamagedEnum DamagedRupturedEnum RoomCondtEnum		7b22a6a00	2773	Merge pull request #2773 from microbiomedata/1368-mixs-gsc-migration	
permissible_values	int_wall_cond_enum	new	v4.0.0	v11.14.0	v11.15.0	v7.4.5 v7.4.6 v7.4.7 v7.4.8 v7.4.10 v.7.4.11		DamagedEnum DamagedRupturedEnum RoomCondtEnum		7b22a6a00	2773	Merge pull request #2773 from microbiomedata/1368-mixs-gsc-migration	
permissible_values	int_wall_cond_enum	rupture	v4.0.0	v11.14.0	v11.15.0	v7.4.5 v7.4.6 v7.4.7 v7.4.8 v7.4.10 v.7.4.11		DamagedEnum DamagedRupturedEnum RoomCondtEnum		7b22a6a00	2773	Merge pull request #2773 from microbiomedata/1368-mixs-gsc-migration	
permissible_values	int_wall_cond_enum	visible wear	v4.0.0	v11.14.0	v11.15.0	v7.4.5 v7.4.6 v7.4.7 v7.4.8 v7.4.10 v.7.4.11		DamagedEnum DamagedRupturedEnum RoomCondtEnum		7b22a6a00	2773	Merge pull request #2773 from microbiomedata/1368-mixs-gsc-migration	
permissible_values	light_type_enum	desk lamp	v4.0.0	v11.14.0	v11.15.0	v7.4.5 v7.4.6 v7.4.7 v7.4.8 v7.4.10 v.7.4.11		LightTypeEnum		7b22a6a00	2773	Merge pull request #2773 from microbiomedata/1368-mixs-gsc-migration	
permissible_values	light_type_enum	electric light	v4.0.0	v11.14.0	v11.15.0	v7.4.5 v7.4.6 v7.4.7 v7.4.8 v7.4.10 v.7.4.11		LightTypeEnum		7b22a6a00	2773	Merge pull request #2773 from microbiomedata/1368-mixs-gsc-migration	
permissible_values	light_type_enum	flourescent lights	v4.0.0	v11.14.0	v11.15.0	v7.4.5 v7.4.6 v7.4.7 v7.4.8 v7.4.10 v.7.4.11				7b22a6a00	2773	Merge pull request #2773 from microbiomedata/1368-mixs-gsc-migration	
permissible_values	light_type_enum	natural light	v4.0.0	v11.14.0	v11.15.0	v7.4.5 v7.4.6 v7.4.7 v7.4.8 v7.4.10 v.7.4.11		LightTypeEnum		7b22a6a00	2773	Merge pull request #2773 from microbiomedata/1368-mixs-gsc-migration	
permissible_values	light_type_enum	none	v4.0.0	v11.14.0	v11.15.0	v7.4.5 v7.4.6 v7.4.7 v7.4.8 v7.4.10 v.7.4.11		LightTypeEnum SeqQualityCheckEnum WindowCoverEnum		7b22a6a00	2773	Merge pull request #2773 from microbiomedata/1368-mixs-gsc-migration	
permissible_values	lithology_enum	Basement	v4.0.0	v11.14.0	v11.15.0	v7.4.5 v7.4.6 v7.4.7 v7.4.8 v7.4.10 v.7.4.11		LithologyEnum		7b22a6a00	2773	Merge pull request #2773 from microbiomedata/1368-mixs-gsc-migration	
permissible_values	lithology_enum	Chalk	v4.0.0	v11.14.0	v11.15.0	v7.4.5 v7.4.6 v7.4.7 v7.4.8 v7.4.10 v.7.4.11		LithologyEnum		7b22a6a00	2773	Merge pull request #2773 from microbiomedata/1368-mixs-gsc-migration	
permissible_values	lithology_enum	Chert	v4.0.0	v11.14.0	v11.15.0	v7.4.5 v7.4.6 v7.4.7 v7.4.8 v7.4.10 v.7.4.11		LithologyEnum		7b22a6a00	2773	Merge pull request #2773 from microbiomedata/1368-mixs-gsc-migration	
permissible_values	lithology_enum	Coal	v4.0.0	v11.14.0	v11.15.0	v7.4.5 v7.4.6 v7.4.7 v7.4.8 v7.4.10 v.7.4.11		LithologyEnum SrLithologyEnum		7b22a6a00	2773	Merge pull request #2773 from microbiomedata/1368-mixs-gsc-migration	
permissible_values	lithology_enum	Conglomerate	v4.0.0	v11.14.0	v11.15.0	v7.4.5 v7.4.6 v7.4.7 v7.4.8 v7.4.10 v.7.4.11		LithologyEnum		7b22a6a00	2773	Merge pull request #2773 from microbiomedata/1368-mixs-gsc-migration	
permissible_values	lithology_enum	Diatomite	v4.0.0	v11.14.0	v11.15.0	v7.4.5 v7.4.6 v7.4.7 v7.4.8 v7.4.10 v.7.4.11		LithologyEnum		7b22a6a00	2773	Merge pull request #2773 from microbiomedata/1368-mixs-gsc-migration	
permissible_values	lithology_enum	Dolomite	v4.0.0	v11.14.0	v11.15.0	v7.4.5 v7.4.6 v7.4.7 v7.4.8 v7.4.10 v.7.4.11		LithologyEnum		7b22a6a00	2773	Merge pull request #2773 from microbiomedata/1368-mixs-gsc-migration	
permissible_values	lithology_enum	Limestone	v4.0.0	v11.14.0	v11.15.0	v7.4.5 v7.4.6 v7.4.7 v7.4.8 v7.4.10 v.7.4.11		LithologyEnum		7b22a6a00	2773	Merge pull request #2773 from microbiomedata/1368-mixs-gsc-migration	
permissible_values	lithology_enum	Sandstone	v4.0.0	v11.14.0	v11.15.0	v7.4.5 v7.4.6 v7.4.7 v7.4.8 v7.4.10 v.7.4.11		LithologyEnum		7b22a6a00	2773	Merge pull request #2773 from microbiomedata/1368-mixs-gsc-migration	
permissible_values	lithology_enum	Shale	v4.0.0	v11.14.0	v11.15.0	v7.4.5 v7.4.6 v7.4.7 v7.4.8 v7.4.10 v.7.4.11		HcrEnum LithologyEnum		7b22a6a00	2773	Merge pull request #2773 from microbiomedata/1368-mixs-gsc-migration	
permissible_values	lithology_enum	Siltstone	v4.0.0	v11.14.0	v11.15.0	v7.4.5 v7.4.6 v7.4.7 v7.4.8 v7.4.10 v.7.4.11		LithologyEnum		7b22a6a00	2773	Merge pull request #2773 from microbiomedata/1368-mixs-gsc-migration	
permissible_values	lithology_enum	Volcanic	v4.0.0	v11.14.0	v11.15.0	v7.4.5 v7.4.6 v7.4.7 v7.4.8 v7.4.10 v.7.4.11		LithologyEnum		7b22a6a00	2773	Merge pull request #2773 from microbiomedata/1368-mixs-gsc-migration	
permissible_values	lithology_enum	other	v4.0.0	v11.14.0	v11.15.0	v7.4.5 v7.4.6 v7.4.7 v7.4.8 v7.4.10 v.7.4.11		DeposEnvEnum FailureWhatEnum FreqCleanEnum GeolAgeEnum HcProducedEnum HcrEnum LibLayoutEnum LibrarySelectionEnum LithologyEnum OxyStatSampEnum SampCaptStatusEnum SampCollectPointEnum SampDisStageEnum SampSubtypeEnum SrDepEnvEnum SrKerogTypeEnum SrLithologyEnum		7b22a6a00	2773	Merge pull request #2773 from microbiomedata/1368-mixs-gsc-migration	
permissible_values	mech_struc_enum	boat	v4.0.0	v11.14.0	v11.15.0	v7.4.5 v7.4.6 v7.4.7 v7.4.8 v7.4.10 v.7.4.11		MechStrucEnum		7b22a6a00	2773	Merge pull request #2773 from microbiomedata/1368-mixs-gsc-migration	
permissible_values	mech_struc_enum	bus	v4.0.0	v11.14.0	v11.15.0	v7.4.5 v7.4.6 v7.4.7 v7.4.8 v7.4.10 v.7.4.11		MechStrucEnum		7b22a6a00	2773	Merge pull request #2773 from microbiomedata/1368-mixs-gsc-migration	
permissible_values	mech_struc_enum	car	v4.0.0	v11.14.0	v11.15.0	v7.4.5 v7.4.6 v7.4.7 v7.4.8 v7.4.10 v.7.4.11		MechStrucEnum		7b22a6a00	2773	Merge pull request #2773 from microbiomedata/1368-mixs-gsc-migration	
permissible_values	mech_struc_enum	carriage	v4.0.0	v11.14.0	v11.15.0	v7.4.5 v7.4.6 v7.4.7 v7.4.8 v7.4.10 v.7.4.11		MechStrucEnum		7b22a6a00	2773	Merge pull request #2773 from microbiomedata/1368-mixs-gsc-migration	
permissible_values	mech_struc_enum	coach	v4.0.0	v11.14.0	v11.15.0	v7.4.5 v7.4.6 v7.4.7 v7.4.8 v7.4.10 v.7.4.11		MechStrucEnum		7b22a6a00	2773	Merge pull request #2773 from microbiomedata/1368-mixs-gsc-migration	
permissible_values	mech_struc_enum	elevator	v4.0.0	v11.14.0	v11.15.0	v7.4.5 v7.4.6 v7.4.7 v7.4.8 v7.4.10 v.7.4.11		IndoorSpaceEnum MechStrucEnum RoomConnectedEnum		7b22a6a00	2773	Merge pull request #2773 from microbiomedata/1368-mixs-gsc-migration	
permissible_values	mech_struc_enum	escalator	v4.0.0	v11.14.0	v11.15.0	v7.4.5 v7.4.6 v7.4.7 v7.4.8 v7.4.10 v.7.4.11		MechStrucEnum		7b22a6a00	2773	Merge pull request #2773 from microbiomedata/1368-mixs-gsc-migration	
permissible_values	mech_struc_enum	subway	v4.0.0	v11.14.0	v11.15.0	v7.4.5 v7.4.6 v7.4.7 v7.4.8 v7.4.10 v.7.4.11		MechStrucEnum		7b22a6a00	2773	Merge pull request #2773 from microbiomedata/1368-mixs-gsc-migration	
permissible_values	mech_struc_enum	train	v4.0.0	v11.14.0	v11.15.0	v7.4.5 v7.4.6 v7.4.7 v7.4.8 v7.4.10 v.7.4.11		MechStrucEnum		7b22a6a00	2773	Merge pull request #2773 from microbiomedata/1368-mixs-gsc-migration	
permissible_values	occup_document_enum	automated count	v4.0.0	v11.14.0	v11.15.0	v7.4.5 v7.4.6 v7.4.7 v7.4.8 v7.4.10 v.7.4.11		OccupDocumentEnum		7b22a6a00	2773	Merge pull request #2773 from microbiomedata/1368-mixs-gsc-migration	
permissible_values	occup_document_enum	estimate	v4.0.0	v11.14.0	v11.15.0	v7.4.5 v7.4.6 v7.4.7 v7.4.8 v7.4.10 v.7.4.11		OccupDocumentEnum		7b22a6a00	2773	Merge pull request #2773 from microbiomedata/1368-mixs-gsc-migration	
permissible_values	occup_document_enum	manual count	v4.0.0	v11.14.0	v11.15.0	v7.4.5 v7.4.6 v7.4.7 v7.4.8 v7.4.10 v.7.4.11		OccupDocumentEnum		7b22a6a00	2773	Merge pull request #2773 from microbiomedata/1368-mixs-gsc-migration	
permissible_values	occup_document_enum	videos	v4.0.0	v11.14.0	v11.15.0	v7.4.5 v7.4.6 v7.4.7 v7.4.8 v7.4.10 v.7.4.11		OccupDocumentEnum		7b22a6a00	2773	Merge pull request #2773 from microbiomedata/1368-mixs-gsc-migration	
permissible_values	organism_count_enum	ATP	v4.0.0	v11.14.0	v11.15.0					7b22a6a00	2773	Merge pull request #2773 from microbiomedata/1368-mixs-gsc-migration	
permissible_values	organism_count_enum	MPN	v4.0.0	v11.14.0	v11.15.0					7b22a6a00	2773	Merge pull request #2773 from microbiomedata/1368-mixs-gsc-migration	
permissible_values	organism_count_enum	other	v4.0.0	v11.14.0	v11.15.0			DeposEnvEnum FailureWhatEnum FreqCleanEnum GeolAgeEnum HcProducedEnum HcrEnum LibLayoutEnum LibrarySelectionEnum LithologyEnum OxyStatSampEnum SampCaptStatusEnum SampCollectPointEnum SampDisStageEnum SampSubtypeEnum SrDepEnvEnum SrKerogTypeEnum SrLithologyEnum		7b22a6a00	2773	Merge pull request #2773 from microbiomedata/1368-mixs-gsc-migration	
permissible_values	oxy_stat_samp_enum	aerobic	v4.0.0	v11.14.0	v11.15.0			OxyStatSampEnum		7b22a6a00	2773	Merge pull request #2773 from microbiomedata/1368-mixs-gsc-migration	
permissible_values	oxy_stat_samp_enum	anaerobic	v4.0.0	v11.14.0	v11.15.0			OxyStatSampEnum		7b22a6a00	2773	Merge pull request #2773 from microbiomedata/1368-mixs-gsc-migration	
permissible_values	oxy_stat_samp_enum	other	v4.0.0	v11.14.0	v11.15.0			DeposEnvEnum FailureWhatEnum FreqCleanEnum GeolAgeEnum HcProducedEnum HcrEnum LibLayoutEnum LibrarySelectionEnum LithologyEnum OxyStatSampEnum SampCaptStatusEnum SampCollectPointEnum SampDisStageEnum SampSubtypeEnum SrDepEnvEnum SrKerogTypeEnum SrLithologyEnum		7b22a6a00	2773	Merge pull request #2773 from microbiomedata/1368-mixs-gsc-migration	
permissible_values	plant_growth_med_enum	other artificial liquid medium	v4.0.0	v11.14.0	v11.15.0	v7.4.5 v7.4.6 v7.4.7 v7.4.8 v7.4.10 v.7.4.11				7b22a6a00	2773	Merge pull request #2773 from microbiomedata/1368-mixs-gsc-migration	
permissible_values	plant_growth_med_enum	other artificial solid medium	v4.0.0	v11.14.0	v11.15.0	v7.4.5 v7.4.6 v7.4.7 v7.4.8 v7.4.10 v.7.4.11				7b22a6a00	2773	Merge pull request #2773 from microbiomedata/1368-mixs-gsc-migration	
permissible_values	plant_growth_med_enum	peat moss	v4.0.0	v11.14.0	v11.15.0	v7.4.5 v7.4.6 v7.4.7 v7.4.8 v7.4.10 v.7.4.11				7b22a6a00	2773	Merge pull request #2773 from microbiomedata/1368-mixs-gsc-migration	
permissible_values	plant_growth_med_enum	perlite	v4.0.0	v11.14.0	v11.15.0	v7.4.5 v7.4.6 v7.4.7 v7.4.8 v7.4.10 v.7.4.11				7b22a6a00	2773	Merge pull request #2773 from microbiomedata/1368-mixs-gsc-migration	
permissible_values	plant_growth_med_enum	pumice	v4.0.0	v11.14.0	v11.15.0	v7.4.5 v7.4.6 v7.4.7 v7.4.8 v7.4.10 v.7.4.11				7b22a6a00	2773	Merge pull request #2773 from microbiomedata/1368-mixs-gsc-migration	
permissible_values	plant_growth_med_enum	sand	v4.0.0	v11.14.0	v11.15.0	v7.4.5 v7.4.6 v7.4.7 v7.4.8 v7.4.10 v.7.4.11		CurLandUseEnum		7b22a6a00	2773	Merge pull request #2773 from microbiomedata/1368-mixs-gsc-migration	
permissible_values	plant_growth_med_enum	soil	v4.0.0	v11.14.0	v11.15.0	v7.4.5 v7.4.6 v7.4.7 v7.4.8 v7.4.10 v.7.4.11		SampleTypeEnum		7b22a6a00	2773	Merge pull request #2773 from microbiomedata/1368-mixs-gsc-migration	
permissible_values	plant_growth_med_enum	vermiculite	v4.0.0	v11.14.0	v11.15.0	v7.4.5 v7.4.6 v7.4.7 v7.4.8 v7.4.10 v.7.4.11				7b22a6a00	2773	Merge pull request #2773 from microbiomedata/1368-mixs-gsc-migration	
permissible_values	plant_growth_med_enum	water	v4.0.0	v11.14.0	v11.15.0	v7.4.5 v7.4.6 v7.4.7 v7.4.8 v7.4.10 v.7.4.11		ChemicalEntityEnum SampleTypeEnum		7b22a6a00	2773	Merge pull request #2773 from microbiomedata/1368-mixs-gsc-migration	
permissible_values	plant_sex_enum	Androdioecious	v4.0.0	v11.14.0	v11.15.0	v7.4.5 v7.4.6 v7.4.7 v7.4.8 v7.4.10 v.7.4.11		PlantSexEnum		7b22a6a00	2773	Merge pull request #2773 from microbiomedata/1368-mixs-gsc-migration	
permissible_values	plant_sex_enum	Androecious	v4.0.0	v11.14.0	v11.15.0	v7.4.5 v7.4.6 v7.4.7 v7.4.8 v7.4.10 v.7.4.11		PlantSexEnum		7b22a6a00	2773	Merge pull request #2773 from microbiomedata/1368-mixs-gsc-migration	
permissible_values	plant_sex_enum	Androgynomonoecious	v4.0.0	v11.14.0	v11.15.0	v7.4.5 v7.4.6 v7.4.7 v7.4.8 v7.4.10 v.7.4.11		PlantSexEnum		7b22a6a00	2773	Merge pull request #2773 from microbiomedata/1368-mixs-gsc-migration	
permissible_values	plant_sex_enum	Androgynous	v4.0.0	v11.14.0	v11.15.0	v7.4.5 v7.4.6 v7.4.7 v7.4.8 v7.4.10 v.7.4.11		PlantSexEnum		7b22a6a00	2773	Merge pull request #2773 from microbiomedata/1368-mixs-gsc-migration	
permissible_values	plant_sex_enum	Andromonoecious	v4.0.0	v11.14.0	v11.15.0	v7.4.5 v7.4.6 v7.4.7 v7.4.8 v7.4.10 v.7.4.11		PlantSexEnum		7b22a6a00	2773	Merge pull request #2773 from microbiomedata/1368-mixs-gsc-migration	
permissible_values	plant_sex_enum	Bisexual	v4.0.0	v11.14.0	v11.15.0	v7.4.5 v7.4.6 v7.4.7 v7.4.8 v7.4.10 v.7.4.11		PlantSexEnum		7b22a6a00	2773	Merge pull request #2773 from microbiomedata/1368-mixs-gsc-migration	
permissible_values	plant_sex_enum	Dichogamous	v4.0.0	v11.14.0	v11.15.0	v7.4.5 v7.4.6 v7.4.7 v7.4.8 v7.4.10 v.7.4.11		PlantSexEnum		7b22a6a00	2773	Merge pull request #2773 from microbiomedata/1368-mixs-gsc-migration	
permissible_values	plant_sex_enum	Diclinous	v4.0.0	v11.14.0	v11.15.0	v7.4.5 v7.4.6 v7.4.7 v7.4.8 v7.4.10 v.7.4.11		PlantSexEnum		7b22a6a00	2773	Merge pull request #2773 from microbiomedata/1368-mixs-gsc-migration	
permissible_values	plant_sex_enum	Dioecious	v4.0.0	v11.14.0	v11.15.0	v7.4.5 v7.4.6 v7.4.7 v7.4.8 v7.4.10 v.7.4.11		PlantSexEnum		7b22a6a00	2773	Merge pull request #2773 from microbiomedata/1368-mixs-gsc-migration	
permissible_values	plant_sex_enum	Gynodioecious	v4.0.0	v11.14.0	v11.15.0	v7.4.5 v7.4.6 v7.4.7 v7.4.8 v7.4.10 v.7.4.11		PlantSexEnum		7b22a6a00	2773	Merge pull request #2773 from microbiomedata/1368-mixs-gsc-migration	
permissible_values	plant_sex_enum	Gynoecious	v4.0.0	v11.14.0	v11.15.0	v7.4.5 v7.4.6 v7.4.7 v7.4.8 v7.4.10 v.7.4.11		PlantSexEnum		7b22a6a00	2773	Merge pull request #2773 from microbiomedata/1368-mixs-gsc-migration	
permissible_values	plant_sex_enum	Gynomonoecious	v4.0.0	v11.14.0	v11.15.0	v7.4.5 v7.4.6 v7.4.7 v7.4.8 v7.4.10 v.7.4.11		PlantSexEnum		7b22a6a00	2773	Merge pull request #2773 from microbiomedata/1368-mixs-gsc-migration	
permissible_values	plant_sex_enum	Hermaphroditic	v4.0.0	v11.14.0	v11.15.0	v7.4.5 v7.4.6 v7.4.7 v7.4.8 v7.4.10 v.7.4.11		PlantSexEnum		7b22a6a00	2773	Merge pull request #2773 from microbiomedata/1368-mixs-gsc-migration	
permissible_values	plant_sex_enum	Imperfect	v4.0.0	v11.14.0	v11.15.0	v7.4.5 v7.4.6 v7.4.7 v7.4.8 v7.4.10 v.7.4.11		PlantSexEnum		7b22a6a00	2773	Merge pull request #2773 from microbiomedata/1368-mixs-gsc-migration	
permissible_values	plant_sex_enum	Monoclinous	v4.0.0	v11.14.0	v11.15.0	v7.4.5 v7.4.6 v7.4.7 v7.4.8 v7.4.10 v.7.4.11		PlantSexEnum		7b22a6a00	2773	Merge pull request #2773 from microbiomedata/1368-mixs-gsc-migration	
permissible_values	plant_sex_enum	Monoecious	v4.0.0	v11.14.0	v11.15.0	v7.4.5 v7.4.6 v7.4.7 v7.4.8 v7.4.10 v.7.4.11		PlantSexEnum		7b22a6a00	2773	Merge pull request #2773 from microbiomedata/1368-mixs-gsc-migration	
permissible_values	plant_sex_enum	Perfect	v4.0.0	v11.14.0	v11.15.0	v7.4.5 v7.4.6 v7.4.7 v7.4.8 v7.4.10 v.7.4.11		PlantSexEnum		7b22a6a00	2773	Merge pull request #2773 from microbiomedata/1368-mixs-gsc-migration	
permissible_values	plant_sex_enum	Polygamodioecious	v4.0.0	v11.14.0	v11.15.0	v7.4.5 v7.4.6 v7.4.7 v7.4.8 v7.4.10 v.7.4.11		PlantSexEnum		7b22a6a00	2773	Merge pull request #2773 from microbiomedata/1368-mixs-gsc-migration	
permissible_values	plant_sex_enum	Polygamomonoecious	v4.0.0	v11.14.0	v11.15.0	v7.4.5 v7.4.6 v7.4.7 v7.4.8 v7.4.10 v.7.4.11		PlantSexEnum		7b22a6a00	2773	Merge pull request #2773 from microbiomedata/1368-mixs-gsc-migration	
permissible_values	plant_sex_enum	Polygamous	v4.0.0	v11.14.0	v11.15.0	v7.4.5 v7.4.6 v7.4.7 v7.4.8 v7.4.10 v.7.4.11		PlantSexEnum		7b22a6a00	2773	Merge pull request #2773 from microbiomedata/1368-mixs-gsc-migration	
permissible_values	plant_sex_enum	Protandrous	v4.0.0	v11.14.0	v11.15.0	v7.4.5 v7.4.6 v7.4.7 v7.4.8 v7.4.10 v.7.4.11		PlantSexEnum		7b22a6a00	2773	Merge pull request #2773 from microbiomedata/1368-mixs-gsc-migration	
permissible_values	plant_sex_enum	Protogynous	v4.0.0	v11.14.0	v11.15.0	v7.4.5 v7.4.6 v7.4.7 v7.4.8 v7.4.10 v.7.4.11		PlantSexEnum		7b22a6a00	2773	Merge pull request #2773 from microbiomedata/1368-mixs-gsc-migration	
permissible_values	plant_sex_enum	Subandroecious	v4.0.0	v11.14.0	v11.15.0	v7.4.5 v7.4.6 v7.4.7 v7.4.8 v7.4.10 v.7.4.11		PlantSexEnum		7b22a6a00	2773	Merge pull request #2773 from microbiomedata/1368-mixs-gsc-migration	
permissible_values	plant_sex_enum	Subdioecious	v4.0.0	v11.14.0	v11.15.0	v7.4.5 v7.4.6 v7.4.7 v7.4.8 v7.4.10 v.7.4.11		PlantSexEnum		7b22a6a00	2773	Merge pull request #2773 from microbiomedata/1368-mixs-gsc-migration	
permissible_values	plant_sex_enum	Subgynoecious	v4.0.0	v11.14.0	v11.15.0	v7.4.5 v7.4.6 v7.4.7 v7.4.8 v7.4.10 v.7.4.11		PlantSexEnum		7b22a6a00	2773	Merge pull request #2773 from microbiomedata/1368-mixs-gsc-migration	
permissible_values	plant_sex_enum	Synoecious	v4.0.0	v11.14.0	v11.15.0	v7.4.5 v7.4.6 v7.4.7 v7.4.8 v7.4.10 v.7.4.11		PlantSexEnum		7b22a6a00	2773	Merge pull request #2773 from microbiomedata/1368-mixs-gsc-migration	
permissible_values	plant_sex_enum	Trimonoecious	v4.0.0	v11.14.0	v11.15.0	v7.4.5 v7.4.6 v7.4.7 v7.4.8 v7.4.10 v.7.4.11		PlantSexEnum		7b22a6a00	2773	Merge pull request #2773 from microbiomedata/1368-mixs-gsc-migration	
permissible_values	plant_sex_enum	Trioecious	v4.0.0	v11.14.0	v11.15.0	v7.4.5 v7.4.6 v7.4.7 v7.4.8 v7.4.10 v.7.4.11		PlantSexEnum		7b22a6a00	2773	Merge pull request #2773 from microbiomedata/1368-mixs-gsc-migration	
permissible_values	plant_sex_enum	Unisexual	v4.0.0	v11.14.0	v11.15.0	v7.4.5 v7.4.6 v7.4.7 v7.4.8 v7.4.10 v.7.4.11		PlantSexEnum		7b22a6a00	2773	Merge pull request #2773 from microbiomedata/1368-mixs-gsc-migration	
permissible_values	processing_institution_enum	ANL	v7.6.0	v10.9.1	v11.0.0			ProcessingInstitutionEnum		b2fe19945	2195	Merge pull request #2195 from microbiomedata/resolve-merge-conflict-in-nmdc.py	
permissible_values	processing_institution_enum	Battelle	v7.6.0	v10.9.1	v11.0.0			ProcessingInstitutionEnum		b2fe19945	2195	Merge pull request #2195 from microbiomedata/resolve-merge-conflict-in-nmdc.py	
permissible_values	processing_institution_enum	EMSL	v5.0.4	v10.9.1	v11.0.0			ProcessingInstitutionEnum		b2fe19945	2195	Merge pull request #2195 from microbiomedata/resolve-merge-conflict-in-nmdc.py	
permissible_values	processing_institution_enum	JGI	v5.0.4	v10.9.1	v11.0.0			ProcessingInstitutionEnum		b2fe19945	2195	Merge pull request #2195 from microbiomedata/resolve-merge-conflict-in-nmdc.py	
permissible_values	processing_institution_enum	UCD_Genome_Center	v9.1.0	v10.9.1	v11.0.0			ProcessingInstitutionEnum		b2fe19945	2195	Merge pull request #2195 from microbiomedata/resolve-merge-conflict-in-nmdc.py	
permissible_values	processing_institution_enum	UCSD	v5.0.4	v10.9.1	v11.0.0			ProcessingInstitutionEnum		b2fe19945	2195	Merge pull request #2195 from microbiomedata/resolve-merge-conflict-in-nmdc.py	
permissible_values	profile_position_enum	backslope	v4.0.0	v11.14.0	v11.15.0			ProfilePositionEnum		7b22a6a00	2773	Merge pull request #2773 from microbiomedata/1368-mixs-gsc-migration	
permissible_values	profile_position_enum	footslope	v4.0.0	v11.14.0	v11.15.0			ProfilePositionEnum		7b22a6a00	2773	Merge pull request #2773 from microbiomedata/1368-mixs-gsc-migration	
permissible_values	profile_position_enum	shoulder	v4.0.0	v11.14.0	v11.15.0			ProfilePositionEnum		7b22a6a00	2773	Merge pull request #2773 from microbiomedata/1368-mixs-gsc-migration	
permissible_values	profile_position_enum	summit	v4.0.0	v11.14.0	v11.15.0			ProfilePositionEnum		7b22a6a00	2773	Merge pull request #2773 from microbiomedata/1368-mixs-gsc-migration	
permissible_values	profile_position_enum	toeslope	v4.0.0	v11.14.0	v11.15.0			ProfilePositionEnum		7b22a6a00	2773	Merge pull request #2773 from microbiomedata/1368-mixs-gsc-migration	
permissible_values	quad_pos_enum	East side	v4.0.0	v11.14.0	v11.15.0	v7.4.5 v7.4.6 v7.4.7 v7.4.8 v7.4.10 v.7.4.11		QuadPosEnum		7b22a6a00	2773	Merge pull request #2773 from microbiomedata/1368-mixs-gsc-migration	
permissible_values	quad_pos_enum	North side	v4.0.0	v11.14.0	v11.15.0	v7.4.5 v7.4.6 v7.4.7 v7.4.8 v7.4.10 v.7.4.11		QuadPosEnum		7b22a6a00	2773	Merge pull request #2773 from microbiomedata/1368-mixs-gsc-migration	
permissible_values	quad_pos_enum	South side	v4.0.0	v11.14.0	v11.15.0	v7.4.5 v7.4.6 v7.4.7 v7.4.8 v7.4.10 v.7.4.11		QuadPosEnum		7b22a6a00	2773	Merge pull request #2773 from microbiomedata/1368-mixs-gsc-migration	
permissible_values	quad_pos_enum	West side	v4.0.0	v11.14.0	v11.15.0	v7.4.5 v7.4.6 v7.4.7 v7.4.8 v7.4.10 v.7.4.11		QuadPosEnum		7b22a6a00	2773	Merge pull request #2773 from microbiomedata/1368-mixs-gsc-migration	
permissible_values	rel_samp_loc_enum	center of car	v4.0.0	v11.14.0	v11.15.0	v7.4.5 v7.4.6 v7.4.7 v7.4.8 v7.4.10 v.7.4.11		RelSampLocEnum		7b22a6a00	2773	Merge pull request #2773 from microbiomedata/1368-mixs-gsc-migration	
permissible_values	rel_samp_loc_enum	edge of car	v4.0.0	v11.14.0	v11.15.0	v7.4.5 v7.4.6 v7.4.7 v7.4.8 v7.4.10 v.7.4.11		RelSampLocEnum		7b22a6a00	2773	Merge pull request #2773 from microbiomedata/1368-mixs-gsc-migration	
permissible_values	rel_samp_loc_enum	under a seat	v4.0.0	v11.14.0	v11.15.0	v7.4.5 v7.4.6 v7.4.7 v7.4.8 v7.4.10 v.7.4.11		RelSampLocEnum		7b22a6a00	2773	Merge pull request #2773 from microbiomedata/1368-mixs-gsc-migration	
permissible_values	rel_to_oxygen_enum	aerobe	v4.0.0	v7.5.0	v7.6.0					323e4ab24	860	Merge pull request #860 from microbiomedata/update-geolocation-value	
permissible_values	rel_to_oxygen_enum	anaerobe	v4.0.0	v7.5.0	v7.6.0					323e4ab24	860	Merge pull request #860 from microbiomedata/update-geolocation-value	
permissible_values	rel_to_oxygen_enum	facultative	v4.0.0	v7.5.0	v7.6.0					323e4ab24	860	Merge pull request #860 from microbiomedata/update-geolocation-value	
permissible_values	rel_to_oxygen_enum	microaerophilic	v4.0.0	v7.5.0	v7.6.0					323e4ab24	860	Merge pull request #860 from microbiomedata/update-geolocation-value	
permissible_values	rel_to_oxygen_enum	microanaerobe	v4.0.0	v7.5.0	v7.6.0					323e4ab24	860	Merge pull request #860 from microbiomedata/update-geolocation-value	
permissible_values	rel_to_oxygen_enum	obligate aerobe	v4.0.0	v7.5.0	v7.6.0					323e4ab24	860	Merge pull request #860 from microbiomedata/update-geolocation-value	
permissible_values	rel_to_oxygen_enum	obligate anaerobe	v4.0.0	v7.5.0	v7.6.0					323e4ab24	860	Merge pull request #860 from microbiomedata/update-geolocation-value	
permissible_values	rna_cont_type_enum	plate	2022.06.15.rc1	v7.5.0	v7.6.0					b50e66aad	842	Merge pull request #842 from microbiomedata/issue-840-YesNoEnum	
permissible_values	rna_cont_type_enum	tube	2022.06.15.rc1	v7.5.0	v7.6.0					b50e66aad	842	Merge pull request #842 from microbiomedata/issue-840-YesNoEnum	
permissible_values	rna_sample_format_enum	10 mM Tris-HCl	2022.06.15.rc1	v10.0.0	v10.1.0					668f56c4c	1001	Merge pull request #1001 from microbiomedata/issue-931-enums	
permissible_values	rna_sample_format_enum	DNAStable	2022.06.15.rc1	v10.0.0	v10.1.0					668f56c4c	1001	Merge pull request #1001 from microbiomedata/issue-931-enums	
permissible_values	rna_sample_format_enum	Ethanol	2022.06.15.rc1	v10.0.0	v10.1.0					668f56c4c	1001	Merge pull request #1001 from microbiomedata/issue-931-enums	
permissible_values	rna_sample_format_enum	Gentegra-DNA	v7.2.0	v10.0.0	v10.1.0					668f56c4c	1001	Merge pull request #1001 from microbiomedata/issue-931-enums	
permissible_values	rna_sample_format_enum	Gentegra-RNA	v7.2.0	v10.0.0	v10.1.0					668f56c4c	1001	Merge pull request #1001 from microbiomedata/issue-931-enums	
permissible_values	rna_sample_format_enum	Low EDTA TE	2022.06.15.rc1	v10.0.0	v10.1.0					668f56c4c	1001	Merge pull request #1001 from microbiomedata/issue-931-enums	
permissible_values	rna_sample_format_enum	MDA reaction buffer	2022.06.15.rc1	v10.0.0	v10.1.0					668f56c4c	1001	Merge pull request #1001 from microbiomedata/issue-931-enums	
permissible_values	rna_sample_format_enum	PBS	2022.06.15.rc1	v10.0.0	v10.1.0					668f56c4c	1001	Merge pull request #1001 from microbiomedata/issue-931-enums	
permissible_values	rna_sample_format_enum	Pellet	2022.06.15.rc1	v10.0.0	v10.1.0					668f56c4c	1001	Merge pull request #1001 from microbiomedata/issue-931-enums	
permissible_values	rna_sample_format_enum	RNAStable	2022.06.15.rc1	v10.0.0	v10.1.0					668f56c4c	1001	Merge pull request #1001 from microbiomedata/issue-931-enums	
permissible_values	rna_sample_format_enum	TE	2022.06.15.rc1	v10.0.0	v10.1.0					668f56c4c	1001	Merge pull request #1001 from microbiomedata/issue-931-enums	
permissible_values	rna_sample_format_enum	Water	2022.06.15.rc1	v10.0.0	v10.1.0					668f56c4c	1001	Merge pull request #1001 from microbiomedata/issue-931-enums	
permissible_values	room_condt_enum	damaged	v4.0.0	v11.14.0	v11.15.0	v7.4.5 v7.4.6 v7.4.7 v7.4.8 v7.4.10 v.7.4.11		DamagedEnum DamagedRupturedEnum RoomCondtEnum		7b22a6a00	2773	Merge pull request #2773 from microbiomedata/1368-mixs-gsc-migration	
permissible_values	room_condt_enum	needs repair	v4.0.0	v11.14.0	v11.15.0	v7.4.5 v7.4.6 v7.4.7 v7.4.8 v7.4.10 v.7.4.11		DamagedEnum DamagedRupturedEnum RoomCondtEnum		7b22a6a00	2773	Merge pull request #2773 from microbiomedata/1368-mixs-gsc-migration	
permissible_values	room_condt_enum	new	v4.0.0	v11.14.0	v11.15.0	v7.4.5 v7.4.6 v7.4.7 v7.4.8 v7.4.10 v.7.4.11		DamagedEnum DamagedRupturedEnum RoomCondtEnum		7b22a6a00	2773	Merge pull request #2773 from microbiomedata/1368-mixs-gsc-migration	
permissible_values	room_condt_enum	rupture	v4.0.0	v11.14.0	v11.15.0	v7.4.5 v7.4.6 v7.4.7 v7.4.8 v7.4.10 v.7.4.11		DamagedEnum DamagedRupturedEnum RoomCondtEnum		7b22a6a00	2773	Merge pull request #2773 from microbiomedata/1368-mixs-gsc-migration	
permissible_values	room_condt_enum	visible signs of mold/mildew	v4.0.0	v11.14.0	v11.15.0	v7.4.5 v7.4.6 v7.4.7 v7.4.8 v7.4.10 v.7.4.11		RoomCondtEnum		7b22a6a00	2773	Merge pull request #2773 from microbiomedata/1368-mixs-gsc-migration	
permissible_values	room_condt_enum	visible wear	v4.0.0	v11.14.0	v11.15.0	v7.4.5 v7.4.6 v7.4.7 v7.4.8 v7.4.10 v.7.4.11		DamagedEnum DamagedRupturedEnum RoomCondtEnum		7b22a6a00	2773	Merge pull request #2773 from microbiomedata/1368-mixs-gsc-migration	
permissible_values	room_connected_enum	attic	v4.0.0	v11.14.0	v11.15.0	v7.4.5 v7.4.6 v7.4.7 v7.4.8 v7.4.10 v.7.4.11		RoomConnectedEnum		7b22a6a00	2773	Merge pull request #2773 from microbiomedata/1368-mixs-gsc-migration	
permissible_values	room_connected_enum	bathroom	v4.0.0	v11.14.0	v11.15.0	v7.4.5 v7.4.6 v7.4.7 v7.4.8 v7.4.10 v.7.4.11		IndoorSpaceEnum RoomConnectedEnum		7b22a6a00	2773	Merge pull request #2773 from microbiomedata/1368-mixs-gsc-migration	
permissible_values	room_connected_enum	closet	v4.0.0	v11.14.0	v11.15.0	v7.4.5 v7.4.6 v7.4.7 v7.4.8 v7.4.10 v.7.4.11		RoomConnectedEnum		7b22a6a00	2773	Merge pull request #2773 from microbiomedata/1368-mixs-gsc-migration	
permissible_values	room_connected_enum	conference room	v4.0.0	v11.14.0	v11.15.0	v7.4.5 v7.4.6 v7.4.7 v7.4.8 v7.4.10 v.7.4.11		RoomConnectedEnum		7b22a6a00	2773	Merge pull request #2773 from microbiomedata/1368-mixs-gsc-migration	
permissible_values	room_connected_enum	elevator	v4.0.0	v11.14.0	v11.15.0	v7.4.5 v7.4.6 v7.4.7 v7.4.8 v7.4.10 v.7.4.11		IndoorSpaceEnum MechStrucEnum RoomConnectedEnum		7b22a6a00	2773	Merge pull request #2773 from microbiomedata/1368-mixs-gsc-migration	
permissible_values	room_connected_enum	examining room	v4.0.0	v11.14.0	v11.15.0	v7.4.5 v7.4.6 v7.4.7 v7.4.8 v7.4.10 v.7.4.11		RoomConnectedEnum		7b22a6a00	2773	Merge pull request #2773 from microbiomedata/1368-mixs-gsc-migration	
permissible_values	room_connected_enum	hallway	v4.0.0	v11.14.0	v11.15.0	v7.4.5 v7.4.6 v7.4.7 v7.4.8 v7.4.10 v.7.4.11		IndoorSpaceEnum RoomConnectedEnum		7b22a6a00	2773	Merge pull request #2773 from microbiomedata/1368-mixs-gsc-migration	
permissible_values	room_connected_enum	kitchen	v4.0.0	v11.14.0	v11.15.0	v7.4.5 v7.4.6 v7.4.7 v7.4.8 v7.4.10 v.7.4.11		IndoorSpaceEnum RoomConnectedEnum		7b22a6a00	2773	Merge pull request #2773 from microbiomedata/1368-mixs-gsc-migration	
permissible_values	room_connected_enum	mail room	v4.0.0	v11.14.0	v11.15.0	v7.4.5 v7.4.6 v7.4.7 v7.4.8 v7.4.10 v.7.4.11		RoomConnectedEnum		7b22a6a00	2773	Merge pull request #2773 from microbiomedata/1368-mixs-gsc-migration	
permissible_values	room_connected_enum	office	v4.0.0	v11.14.0	v11.15.0	v7.4.5 v7.4.6 v7.4.7 v7.4.8 v7.4.10 v.7.4.11		BuildOccupTypeEnum IndoorSpaceEnum RoomConnectedEnum		7b22a6a00	2773	Merge pull request #2773 from microbiomedata/1368-mixs-gsc-migration	
permissible_values	room_connected_enum	stairwell	v4.0.0	v11.14.0	v11.15.0	v7.4.5 v7.4.6 v7.4.7 v7.4.8 v7.4.10 v.7.4.11		RoomConnectedEnum		7b22a6a00	2773	Merge pull request #2773 from microbiomedata/1368-mixs-gsc-migration	
permissible_values	room_loc_enum	corner room	v4.0.0	v11.14.0	v11.15.0	v7.4.5 v7.4.6 v7.4.7 v7.4.8 v7.4.10 v.7.4.11		RoomLocEnum		7b22a6a00	2773	Merge pull request #2773 from microbiomedata/1368-mixs-gsc-migration	
permissible_values	room_loc_enum	exterior wall	v4.0.0	v11.14.0	v11.15.0	v7.4.5 v7.4.6 v7.4.7 v7.4.8 v7.4.10 v.7.4.11		RoomLocEnum		7b22a6a00	2773	Merge pull request #2773 from microbiomedata/1368-mixs-gsc-migration	
permissible_values	room_loc_enum	interior room	v4.0.0	v11.14.0	v11.15.0	v7.4.5 v7.4.6 v7.4.7 v7.4.8 v7.4.10 v.7.4.11		RoomLocEnum		7b22a6a00	2773	Merge pull request #2773 from microbiomedata/1368-mixs-gsc-migration	
permissible_values	room_samp_pos_enum	center	v4.0.0	v11.14.0	v11.15.0	v7.4.5 v7.4.6 v7.4.7 v7.4.8 v7.4.10 v.7.4.11		RoomSampPosEnum		7b22a6a00	2773	Merge pull request #2773 from microbiomedata/1368-mixs-gsc-migration	
permissible_values	room_samp_pos_enum	east corner	v4.0.0	v11.14.0	v11.15.0	v7.4.5 v7.4.6 v7.4.7 v7.4.8 v7.4.10 v.7.4.11		RoomSampPosEnum		7b22a6a00	2773	Merge pull request #2773 from microbiomedata/1368-mixs-gsc-migration	
permissible_values	room_samp_pos_enum	north corner	v4.0.0	v11.14.0	v11.15.0	v7.4.5 v7.4.6 v7.4.7 v7.4.8 v7.4.10 v.7.4.11		RoomSampPosEnum		7b22a6a00	2773	Merge pull request #2773 from microbiomedata/1368-mixs-gsc-migration	
permissible_values	room_samp_pos_enum	northeast corner	v4.0.0	v11.14.0	v11.15.0	v7.4.5 v7.4.6 v7.4.7 v7.4.8 v7.4.10 v.7.4.11		RoomSampPosEnum		7b22a6a00	2773	Merge pull request #2773 from microbiomedata/1368-mixs-gsc-migration	
permissible_values	room_samp_pos_enum	northwest corner	v4.0.0	v11.14.0	v11.15.0	v7.4.5 v7.4.6 v7.4.7 v7.4.8 v7.4.10 v.7.4.11		RoomSampPosEnum		7b22a6a00	2773	Merge pull request #2773 from microbiomedata/1368-mixs-gsc-migration	
permissible_values	room_samp_pos_enum	south corner	v4.0.0	v11.14.0	v11.15.0	v7.4.5 v7.4.6 v7.4.7 v7.4.8 v7.4.10 v.7.4.11		RoomSampPosEnum		7b22a6a00	2773	Merge pull request #2773 from microbiomedata/1368-mixs-gsc-migration	
permissible_values	room_samp_pos_enum	southeast corner	v4.0.0	v11.14.0	v11.15.0	v7.4.5 v7.4.6 v7.4.7 v7.4.8 v7.4.10 v.7.4.11		RoomSampPosEnum		7b22a6a00	2773	Merge pull request #2773 from microbiomedata/1368-mixs-gsc-migration	
permissible_values	room_samp_pos_enum	southwest corner	v4.0.0	v11.14.0	v11.15.0	v7.4.5 v7.4.6 v7.4.7 v7.4.8 v7.4.10 v.7.4.11		RoomSampPosEnum		7b22a6a00	2773	Merge pull request #2773 from microbiomedata/1368-mixs-gsc-migration	
permissible_values	room_samp_pos_enum	west corner	v4.0.0	v11.14.0	v11.15.0	v7.4.5 v7.4.6 v7.4.7 v7.4.8 v7.4.10 v.7.4.11		RoomSampPosEnum		7b22a6a00	2773	Merge pull request #2773 from microbiomedata/1368-mixs-gsc-migration	
permissible_values	room_type_enum	,restroom	v4.0.0	v11.14.0	v11.15.0	v7.4.5 v7.4.6 v7.4.7 v7.4.8 v7.4.10 v.7.4.11				7b22a6a00	2773	Merge pull request #2773 from microbiomedata/1368-mixs-gsc-migration	
permissible_values	room_type_enum	attic	v4.0.0	v11.14.0	v11.15.0	v7.4.5 v7.4.6 v7.4.7 v7.4.8 v7.4.10 v.7.4.11		RoomConnectedEnum		7b22a6a00	2773	Merge pull request #2773 from microbiomedata/1368-mixs-gsc-migration	
permissible_values	room_type_enum	auditorium	v4.0.0	v11.14.0	v11.15.0	v7.4.5 v7.4.6 v7.4.7 v7.4.8 v7.4.10 v.7.4.11				7b22a6a00	2773	Merge pull request #2773 from microbiomedata/1368-mixs-gsc-migration	
permissible_values	room_type_enum	bathroom	v4.0.0	v11.14.0	v11.15.0	v7.4.5 v7.4.6 v7.4.7 v7.4.8 v7.4.10 v.7.4.11		IndoorSpaceEnum RoomConnectedEnum		7b22a6a00	2773	Merge pull request #2773 from microbiomedata/1368-mixs-gsc-migration	
permissible_values	room_type_enum	cafe	v4.0.0	v11.14.0	v11.15.0	v7.4.5 v7.4.6 v7.4.7 v7.4.8 v7.4.10 v.7.4.11				7b22a6a00	2773	Merge pull request #2773 from microbiomedata/1368-mixs-gsc-migration	
permissible_values	room_type_enum	closet	v4.0.0	v11.14.0	v11.15.0	v7.4.5 v7.4.6 v7.4.7 v7.4.8 v7.4.10 v.7.4.11		RoomConnectedEnum		7b22a6a00	2773	Merge pull request #2773 from microbiomedata/1368-mixs-gsc-migration	
permissible_values	room_type_enum	conference room	v4.0.0	v11.14.0	v11.15.0	v7.4.5 v7.4.6 v7.4.7 v7.4.8 v7.4.10 v.7.4.11		RoomConnectedEnum		7b22a6a00	2773	Merge pull request #2773 from microbiomedata/1368-mixs-gsc-migration	
permissible_values	room_type_enum	data center	v4.0.0	v11.14.0	v11.15.0	v7.4.5 v7.4.6 v7.4.7 v7.4.8 v7.4.10 v.7.4.11				7b22a6a00	2773	Merge pull request #2773 from microbiomedata/1368-mixs-gsc-migration	
permissible_values	room_type_enum	elevator	v4.0.0	v11.14.0	v11.15.0	v7.4.5 v7.4.6 v7.4.7 v7.4.8 v7.4.10 v.7.4.11		IndoorSpaceEnum MechStrucEnum RoomConnectedEnum		7b22a6a00	2773	Merge pull request #2773 from microbiomedata/1368-mixs-gsc-migration	
permissible_values	room_type_enum	examining room	v4.0.0	v11.14.0	v11.15.0	v7.4.5 v7.4.6 v7.4.7 v7.4.8 v7.4.10 v.7.4.11		RoomConnectedEnum		7b22a6a00	2773	Merge pull request #2773 from microbiomedata/1368-mixs-gsc-migration	
permissible_values	room_type_enum	gymnasium	v4.0.0	v11.14.0	v11.15.0	v7.4.5 v7.4.6 v7.4.7 v7.4.8 v7.4.10 v.7.4.11				7b22a6a00	2773	Merge pull request #2773 from microbiomedata/1368-mixs-gsc-migration	
permissible_values	room_type_enum	hallway	v4.0.0	v11.14.0	v11.15.0	v7.4.5 v7.4.6 v7.4.7 v7.4.8 v7.4.10 v.7.4.11		IndoorSpaceEnum RoomConnectedEnum		7b22a6a00	2773	Merge pull request #2773 from microbiomedata/1368-mixs-gsc-migration	
permissible_values	room_type_enum	kitchen	v4.0.0	v11.14.0	v11.15.0	v7.4.5 v7.4.6 v7.4.7 v7.4.8 v7.4.10 v.7.4.11		IndoorSpaceEnum RoomConnectedEnum		7b22a6a00	2773	Merge pull request #2773 from microbiomedata/1368-mixs-gsc-migration	
permissible_values	room_type_enum	laboratory_dry	v4.0.0	v11.14.0	v11.15.0	v7.4.5 v7.4.6 v7.4.7 v7.4.8 v7.4.10 v.7.4.11				7b22a6a00	2773	Merge pull request #2773 from microbiomedata/1368-mixs-gsc-migration	
permissible_values	room_type_enum	laboratory_wet	v4.0.0	v11.14.0	v11.15.0	v7.4.5 v7.4.6 v7.4.7 v7.4.8 v7.4.10 v.7.4.11				7b22a6a00	2773	Merge pull request #2773 from microbiomedata/1368-mixs-gsc-migration	
permissible_values	room_type_enum	lobby	v4.0.0	v11.14.0	v11.15.0	v7.4.5 v7.4.6 v7.4.7 v7.4.8 v7.4.10 v.7.4.11				7b22a6a00	2773	Merge pull request #2773 from microbiomedata/1368-mixs-gsc-migration	
permissible_values	room_type_enum	lockers	v4.0.0	v11.14.0	v11.15.0	v7.4.5 v7.4.6 v7.4.7 v7.4.8 v7.4.10 v.7.4.11				7b22a6a00	2773	Merge pull request #2773 from microbiomedata/1368-mixs-gsc-migration	
permissible_values	room_type_enum	mail room	v4.0.0	v11.14.0	v11.15.0	v7.4.5 v7.4.6 v7.4.7 v7.4.8 v7.4.10 v.7.4.11		RoomConnectedEnum		7b22a6a00	2773	Merge pull request #2773 from microbiomedata/1368-mixs-gsc-migration	
permissible_values	room_type_enum	mechanical or electrical room	v4.0.0	v11.14.0	v11.15.0	v7.4.5 v7.4.6 v7.4.7 v7.4.8 v7.4.10 v.7.4.11				7b22a6a00	2773	Merge pull request #2773 from microbiomedata/1368-mixs-gsc-migration	
permissible_values	room_type_enum	natatorium	v4.0.0	v11.14.0	v11.15.0	v7.4.5 v7.4.6 v7.4.7 v7.4.8 v7.4.10 v.7.4.11				7b22a6a00	2773	Merge pull request #2773 from microbiomedata/1368-mixs-gsc-migration	
permissible_values	room_type_enum	open office	v4.0.0	v11.14.0	v11.15.0	v7.4.5 v7.4.6 v7.4.7 v7.4.8 v7.4.10 v.7.4.11				7b22a6a00	2773	Merge pull request #2773 from microbiomedata/1368-mixs-gsc-migration	
permissible_values	room_type_enum	private office	v4.0.0	v11.14.0	v11.15.0	v7.4.5 v7.4.6 v7.4.7 v7.4.8 v7.4.10 v.7.4.11				7b22a6a00	2773	Merge pull request #2773 from microbiomedata/1368-mixs-gsc-migration	
permissible_values	room_type_enum	stairwell	v4.0.0	v11.14.0	v11.15.0	v7.4.5 v7.4.6 v7.4.7 v7.4.8 v7.4.10 v.7.4.11		RoomConnectedEnum		7b22a6a00	2773	Merge pull request #2773 from microbiomedata/1368-mixs-gsc-migration	
permissible_values	room_type_enum	vestibule	v4.0.0	v11.14.0	v11.15.0	v7.4.5 v7.4.6 v7.4.7 v7.4.8 v7.4.10 v.7.4.11				7b22a6a00	2773	Merge pull request #2773 from microbiomedata/1368-mixs-gsc-migration	
permissible_values	room_type_enum	warehouse	v4.0.0	v11.14.0	v11.15.0	v7.4.5 v7.4.6 v7.4.7 v7.4.8 v7.4.10 v.7.4.11				7b22a6a00	2773	Merge pull request #2773 from microbiomedata/1368-mixs-gsc-migration	
permissible_values	samp_capt_status_enum	active surveillance in response to an outbreak	v4.0.0	v11.14.0	v11.15.0	v7.4.5 v7.4.6 v7.4.7 v7.4.8 v7.4.10 v.7.4.11		SampCaptStatusEnum		7b22a6a00	2773	Merge pull request #2773 from microbiomedata/1368-mixs-gsc-migration	
permissible_values	samp_capt_status_enum	active surveillance not initiated by an outbreak	v4.0.0	v11.14.0	v11.15.0	v7.4.5 v7.4.6 v7.4.7 v7.4.8 v7.4.10 v.7.4.11		SampCaptStatusEnum		7b22a6a00	2773	Merge pull request #2773 from microbiomedata/1368-mixs-gsc-migration	
permissible_values	samp_capt_status_enum	farm sample	v4.0.0	v11.14.0	v11.15.0	v7.4.5 v7.4.6 v7.4.7 v7.4.8 v7.4.10 v.7.4.11		SampCaptStatusEnum		7b22a6a00	2773	Merge pull request #2773 from microbiomedata/1368-mixs-gsc-migration	
permissible_values	samp_capt_status_enum	market sample	v4.0.0	v11.14.0	v11.15.0	v7.4.5 v7.4.6 v7.4.7 v7.4.8 v7.4.10 v.7.4.11		SampCaptStatusEnum		7b22a6a00	2773	Merge pull request #2773 from microbiomedata/1368-mixs-gsc-migration	
permissible_values	samp_capt_status_enum	other	v4.0.0	v11.14.0	v11.15.0	v7.4.5 v7.4.6 v7.4.7 v7.4.8 v7.4.10 v.7.4.11		DeposEnvEnum FailureWhatEnum FreqCleanEnum GeolAgeEnum HcProducedEnum HcrEnum LibLayoutEnum LibrarySelectionEnum LithologyEnum OxyStatSampEnum SampCaptStatusEnum SampCollectPointEnum SampDisStageEnum SampSubtypeEnum SrDepEnvEnum SrKerogTypeEnum SrLithologyEnum		7b22a6a00	2773	Merge pull request #2773 from microbiomedata/1368-mixs-gsc-migration	
permissible_values	samp_collect_point_enum	drilling rig	v4.0.0	v11.14.0	v11.15.0	v7.4.5 v7.4.6 v7.4.7 v7.4.8 v7.4.10 v.7.4.11		SampCollectPointEnum		7b22a6a00	2773	Merge pull request #2773 from microbiomedata/1368-mixs-gsc-migration	
permissible_values	samp_collect_point_enum	other	v4.0.0	v11.14.0	v11.15.0	v7.4.5 v7.4.6 v7.4.7 v7.4.8 v7.4.10 v.7.4.11		DeposEnvEnum FailureWhatEnum FreqCleanEnum GeolAgeEnum HcProducedEnum HcrEnum LibLayoutEnum LibrarySelectionEnum LithologyEnum OxyStatSampEnum SampCaptStatusEnum SampCollectPointEnum SampDisStageEnum SampSubtypeEnum SrDepEnvEnum SrKerogTypeEnum SrLithologyEnum		7b22a6a00	2773	Merge pull request #2773 from microbiomedata/1368-mixs-gsc-migration	
permissible_values	samp_collect_point_enum	separator	v4.0.0	v11.14.0	v11.15.0	v7.4.5 v7.4.6 v7.4.7 v7.4.8 v7.4.10 v.7.4.11		SampCollectPointEnum		7b22a6a00	2773	Merge pull request #2773 from microbiomedata/1368-mixs-gsc-migration	
permissible_values	samp_collect_point_enum	storage tank	v4.0.0	v11.14.0	v11.15.0	v7.4.5 v7.4.6 v7.4.7 v7.4.8 v7.4.10 v.7.4.11		SampCollectPointEnum		7b22a6a00	2773	Merge pull request #2773 from microbiomedata/1368-mixs-gsc-migration	
permissible_values	samp_collect_point_enum	test well	v4.0.0	v11.14.0	v11.15.0	v7.4.5 v7.4.6 v7.4.7 v7.4.8 v7.4.10 v.7.4.11		SampCollectPointEnum		7b22a6a00	2773	Merge pull request #2773 from microbiomedata/1368-mixs-gsc-migration	
permissible_values	samp_collect_point_enum	well	v4.0.0	v11.14.0	v11.15.0	v7.4.5 v7.4.6 v7.4.7 v7.4.8 v7.4.10 v.7.4.11		DrainageClassEnum SampCollectPointEnum		7b22a6a00	2773	Merge pull request #2773 from microbiomedata/1368-mixs-gsc-migration	
permissible_values	samp_collect_point_enum	wellhead	v4.0.0	v11.14.0	v11.15.0	v7.4.5 v7.4.6 v7.4.7 v7.4.8 v7.4.10 v.7.4.11		SampCollectPointEnum		7b22a6a00	2773	Merge pull request #2773 from microbiomedata/1368-mixs-gsc-migration	
permissible_values	samp_dis_stage_enum	dissemination	v4.0.0	v11.14.0	v11.15.0	v7.4.5 v7.4.6 v7.4.7 v7.4.8 v7.4.10 v.7.4.11		SampDisStageEnum		7b22a6a00	2773	Merge pull request #2773 from microbiomedata/1368-mixs-gsc-migration	
permissible_values	samp_dis_stage_enum	growth and reproduction	v4.0.0	v11.14.0	v11.15.0	v7.4.5 v7.4.6 v7.4.7 v7.4.8 v7.4.10 v.7.4.11		SampDisStageEnum		7b22a6a00	2773	Merge pull request #2773 from microbiomedata/1368-mixs-gsc-migration	
permissible_values	samp_dis_stage_enum	infection	v4.0.0	v11.14.0	v11.15.0	v7.4.5 v7.4.6 v7.4.7 v7.4.8 v7.4.10 v.7.4.11		SampDisStageEnum		7b22a6a00	2773	Merge pull request #2773 from microbiomedata/1368-mixs-gsc-migration	
permissible_values	samp_dis_stage_enum	inoculation	v4.0.0	v11.14.0	v11.15.0	v7.4.5 v7.4.6 v7.4.7 v7.4.8 v7.4.10 v.7.4.11		SampDisStageEnum		7b22a6a00	2773	Merge pull request #2773 from microbiomedata/1368-mixs-gsc-migration	
permissible_values	samp_dis_stage_enum	other	v4.0.0	v11.14.0	v11.15.0	v7.4.5 v7.4.6 v7.4.7 v7.4.8 v7.4.10 v.7.4.11		DeposEnvEnum FailureWhatEnum FreqCleanEnum GeolAgeEnum HcProducedEnum HcrEnum LibLayoutEnum LibrarySelectionEnum LithologyEnum OxyStatSampEnum SampCaptStatusEnum SampCollectPointEnum SampDisStageEnum SampSubtypeEnum SrDepEnvEnum SrKerogTypeEnum SrLithologyEnum		7b22a6a00	2773	Merge pull request #2773 from microbiomedata/1368-mixs-gsc-migration	
permissible_values	samp_dis_stage_enum	penetration	v4.0.0	v11.14.0	v11.15.0	v7.4.5 v7.4.6 v7.4.7 v7.4.8 v7.4.10 v.7.4.11		SampDisStageEnum		7b22a6a00	2773	Merge pull request #2773 from microbiomedata/1368-mixs-gsc-migration	
permissible_values	samp_floor_enum	1st floor	v4.0.0	v11.14.0	v11.15.0	v7.4.5 v7.4.6 v7.4.7 v7.4.8 v7.4.10 v.7.4.11				7b22a6a00	2773	Merge pull request #2773 from microbiomedata/1368-mixs-gsc-migration	
permissible_values	samp_floor_enum	2nd floor	v4.0.0	v11.14.0	v11.15.0	v7.4.5 v7.4.6 v7.4.7 v7.4.8 v7.4.10 v.7.4.11				7b22a6a00	2773	Merge pull request #2773 from microbiomedata/1368-mixs-gsc-migration	
permissible_values	samp_floor_enum	basement	v4.0.0	v11.14.0	v11.15.0	v7.4.5 v7.4.6 v7.4.7 v7.4.8 v7.4.10 v.7.4.11		SubstructureTypeEnum		7b22a6a00	2773	Merge pull request #2773 from microbiomedata/1368-mixs-gsc-migration	
permissible_values	samp_floor_enum	lobby	v4.0.0	v11.14.0	v11.15.0	v7.4.5 v7.4.6 v7.4.7 v7.4.8 v7.4.10 v.7.4.11				7b22a6a00	2773	Merge pull request #2773 from microbiomedata/1368-mixs-gsc-migration	
permissible_values	samp_md_enum	DF	v4.0.0	v11.14.0	v11.15.0	v7.4.5 v7.4.6 v7.4.7 v7.4.8 v7.4.10 v.7.4.11				7b22a6a00	2773	Merge pull request #2773 from microbiomedata/1368-mixs-gsc-migration	
permissible_values	samp_md_enum	KB	v4.0.0	v11.14.0	v11.15.0	v7.4.5 v7.4.6 v7.4.7 v7.4.8 v7.4.10 v.7.4.11				7b22a6a00	2773	Merge pull request #2773 from microbiomedata/1368-mixs-gsc-migration	
permissible_values	samp_md_enum	MSL	v4.0.0	v11.14.0	v11.15.0	v7.4.5 v7.4.6 v7.4.7 v7.4.8 v7.4.10 v.7.4.11				7b22a6a00	2773	Merge pull request #2773 from microbiomedata/1368-mixs-gsc-migration	
permissible_values	samp_md_enum	RT	v4.0.0	v11.14.0	v11.15.0	v7.4.5 v7.4.6 v7.4.7 v7.4.8 v7.4.10 v.7.4.11				7b22a6a00	2773	Merge pull request #2773 from microbiomedata/1368-mixs-gsc-migration	
permissible_values	samp_md_enum	other	v4.0.0	v11.14.0	v11.15.0	v7.4.5 v7.4.6 v7.4.7 v7.4.8 v7.4.10 v.7.4.11		DeposEnvEnum FailureWhatEnum FreqCleanEnum GeolAgeEnum HcProducedEnum HcrEnum LibLayoutEnum LibrarySelectionEnum LithologyEnum OxyStatSampEnum SampCaptStatusEnum SampCollectPointEnum SampDisStageEnum SampSubtypeEnum SrDepEnvEnum SrKerogTypeEnum SrLithologyEnum		7b22a6a00	2773	Merge pull request #2773 from microbiomedata/1368-mixs-gsc-migration	
permissible_values	samp_subtype_enum	biofilm	v4.0.0	v11.14.0	v11.15.0	v7.4.5 v7.4.6 v7.4.7 v7.4.8 v7.4.10 v.7.4.11		SampSubtypeEnum		7b22a6a00	2773	Merge pull request #2773 from microbiomedata/1368-mixs-gsc-migration	
permissible_values	samp_subtype_enum	not applicable	v4.0.0	v11.14.0	v11.15.0	v7.4.5 v7.4.6 v7.4.7 v7.4.8 v7.4.10 v.7.4.11		SampSubtypeEnum		7b22a6a00	2773	Merge pull request #2773 from microbiomedata/1368-mixs-gsc-migration	
permissible_values	samp_subtype_enum	oil phase	v4.0.0	v11.14.0	v11.15.0	v7.4.5 v7.4.6 v7.4.7 v7.4.8 v7.4.10 v.7.4.11		SampSubtypeEnum		7b22a6a00	2773	Merge pull request #2773 from microbiomedata/1368-mixs-gsc-migration	
permissible_values	samp_subtype_enum	other	v4.0.0	v11.14.0	v11.15.0	v7.4.5 v7.4.6 v7.4.7 v7.4.8 v7.4.10 v.7.4.11		DeposEnvEnum FailureWhatEnum FreqCleanEnum GeolAgeEnum HcProducedEnum HcrEnum LibLayoutEnum LibrarySelectionEnum LithologyEnum OxyStatSampEnum SampCaptStatusEnum SampCollectPointEnum SampDisStageEnum SampSubtypeEnum SrDepEnvEnum SrKerogTypeEnum SrLithologyEnum		7b22a6a00	2773	Merge pull request #2773 from microbiomedata/1368-mixs-gsc-migration	
permissible_values	samp_subtype_enum	water phase	v4.0.0	v11.14.0	v11.15.0	v7.4.5 v7.4.6 v7.4.7 v7.4.8 v7.4.10 v.7.4.11		SampSubtypeEnum		7b22a6a00	2773	Merge pull request #2773 from microbiomedata/1368-mixs-gsc-migration	
permissible_values	samp_weather_enum	clear sky	v4.0.0	v11.14.0	v11.15.0	v7.4.5 v7.4.6 v7.4.7 v7.4.8 v7.4.10 v.7.4.11		SampWeatherEnum		7b22a6a00	2773	Merge pull request #2773 from microbiomedata/1368-mixs-gsc-migration	
permissible_values	samp_weather_enum	cloudy	v4.0.0	v11.14.0	v11.15.0	v7.4.5 v7.4.6 v7.4.7 v7.4.8 v7.4.10 v.7.4.11		SampWeatherEnum		7b22a6a00	2773	Merge pull request #2773 from microbiomedata/1368-mixs-gsc-migration	
permissible_values	samp_weather_enum	foggy	v4.0.0	v11.14.0	v11.15.0	v7.4.5 v7.4.6 v7.4.7 v7.4.8 v7.4.10 v.7.4.11		SampWeatherEnum		7b22a6a00	2773	Merge pull request #2773 from microbiomedata/1368-mixs-gsc-migration	
permissible_values	samp_weather_enum	hail	v4.0.0	v11.14.0	v11.15.0	v7.4.5 v7.4.6 v7.4.7 v7.4.8 v7.4.10 v.7.4.11		SampWeatherEnum		7b22a6a00	2773	Merge pull request #2773 from microbiomedata/1368-mixs-gsc-migration	
permissible_values	samp_weather_enum	rain	v4.0.0	v11.14.0	v11.15.0	v7.4.5 v7.4.6 v7.4.7 v7.4.8 v7.4.10 v.7.4.11		SampWeatherEnum		7b22a6a00	2773	Merge pull request #2773 from microbiomedata/1368-mixs-gsc-migration	
permissible_values	samp_weather_enum	sleet	v4.0.0	v11.14.0	v11.15.0	v7.4.5 v7.4.6 v7.4.7 v7.4.8 v7.4.10 v.7.4.11		SampWeatherEnum		7b22a6a00	2773	Merge pull request #2773 from microbiomedata/1368-mixs-gsc-migration	
permissible_values	samp_weather_enum	snow	v4.0.0	v11.14.0	v11.15.0	v7.4.5 v7.4.6 v7.4.7 v7.4.8 v7.4.10 v.7.4.11		SampWeatherEnum		7b22a6a00	2773	Merge pull request #2773 from microbiomedata/1368-mixs-gsc-migration	
permissible_values	samp_weather_enum	sunny	v4.0.0	v11.14.0	v11.15.0	v7.4.5 v7.4.6 v7.4.7 v7.4.8 v7.4.10 v.7.4.11		SampWeatherEnum		7b22a6a00	2773	Merge pull request #2773 from microbiomedata/1368-mixs-gsc-migration	
permissible_values	samp_weather_enum	windy	v4.0.0	v11.14.0	v11.15.0	v7.4.5 v7.4.6 v7.4.7 v7.4.8 v7.4.10 v.7.4.11		SampWeatherEnum		7b22a6a00	2773	Merge pull request #2773 from microbiomedata/1368-mixs-gsc-migration	
permissible_values	sample_type_enum	soil	2022.06.15.rc1	v10.0.0	v10.1.0			SampleTypeEnum		668f56c4c	1001	Merge pull request #1001 from microbiomedata/issue-931-enums	
permissible_values	sample_type_enum	water_extract_soil	2022.06.15.rc1	v10.0.0	v10.1.0					668f56c4c	1001	Merge pull request #1001 from microbiomedata/issue-931-enums	
permissible_values	season_use_enum	Fall	v4.0.0	v11.14.0	v11.15.0	v7.4.5 v7.4.6 v7.4.7 v7.4.8 v7.4.10 v.7.4.11		SeasonUseEnum		7b22a6a00	2773	Merge pull request #2773 from microbiomedata/1368-mixs-gsc-migration	
permissible_values	season_use_enum	Spring	v4.0.0	v11.14.0	v11.15.0	v7.4.5 v7.4.6 v7.4.7 v7.4.8 v7.4.10 v.7.4.11		SeasonUseEnum		7b22a6a00	2773	Merge pull request #2773 from microbiomedata/1368-mixs-gsc-migration	
permissible_values	season_use_enum	Summer	v4.0.0	v11.14.0	v11.15.0	v7.4.5 v7.4.6 v7.4.7 v7.4.8 v7.4.10 v.7.4.11		SeasonUseEnum		7b22a6a00	2773	Merge pull request #2773 from microbiomedata/1368-mixs-gsc-migration	
permissible_values	season_use_enum	Winter	v4.0.0	v11.14.0	v11.15.0	v7.4.5 v7.4.6 v7.4.7 v7.4.8 v7.4.10 v.7.4.11		SeasonUseEnum		7b22a6a00	2773	Merge pull request #2773 from microbiomedata/1368-mixs-gsc-migration	
permissible_values	sediment_type_enum	biogenous	v4.0.0	v11.14.0	v11.15.0	v7.4.5 v7.4.6 v7.4.7 v7.4.8 v7.4.10 v.7.4.11		SedimentTypeEnum		7b22a6a00	2773	Merge pull request #2773 from microbiomedata/1368-mixs-gsc-migration	
permissible_values	sediment_type_enum	cosmogenous	v4.0.0	v11.14.0	v11.15.0	v7.4.5 v7.4.6 v7.4.7 v7.4.8 v7.4.10 v.7.4.11		SedimentTypeEnum		7b22a6a00	2773	Merge pull request #2773 from microbiomedata/1368-mixs-gsc-migration	
permissible_values	sediment_type_enum	hydrogenous	v4.0.0	v11.14.0	v11.15.0	v7.4.5 v7.4.6 v7.4.7 v7.4.8 v7.4.10 v.7.4.11		SedimentTypeEnum		7b22a6a00	2773	Merge pull request #2773 from microbiomedata/1368-mixs-gsc-migration	
permissible_values	sediment_type_enum	lithogenous	v4.0.0	v11.14.0	v11.15.0	v7.4.5 v7.4.6 v7.4.7 v7.4.8 v7.4.10 v.7.4.11		SedimentTypeEnum		7b22a6a00	2773	Merge pull request #2773 from microbiomedata/1368-mixs-gsc-migration	
permissible_values	shading_device_cond_enum	damaged	v4.0.0	v11.14.0	v11.15.0	v7.4.5 v7.4.6 v7.4.7 v7.4.8 v7.4.10 v.7.4.11		DamagedEnum DamagedRupturedEnum RoomCondtEnum		7b22a6a00	2773	Merge pull request #2773 from microbiomedata/1368-mixs-gsc-migration	
permissible_values	shading_device_cond_enum	needs repair	v4.0.0	v11.14.0	v11.15.0	v7.4.5 v7.4.6 v7.4.7 v7.4.8 v7.4.10 v.7.4.11		DamagedEnum DamagedRupturedEnum RoomCondtEnum		7b22a6a00	2773	Merge pull request #2773 from microbiomedata/1368-mixs-gsc-migration	
permissible_values	shading_device_cond_enum	new	v4.0.0	v11.14.0	v11.15.0	v7.4.5 v7.4.6 v7.4.7 v7.4.8 v7.4.10 v.7.4.11		DamagedEnum DamagedRupturedEnum RoomCondtEnum		7b22a6a00	2773	Merge pull request #2773 from microbiomedata/1368-mixs-gsc-migration	
permissible_values	shading_device_cond_enum	rupture	v4.0.0	v11.14.0	v11.15.0	v7.4.5 v7.4.6 v7.4.7 v7.4.8 v7.4.10 v.7.4.11		DamagedEnum DamagedRupturedEnum RoomCondtEnum		7b22a6a00	2773	Merge pull request #2773 from microbiomedata/1368-mixs-gsc-migration	
permissible_values	shading_device_cond_enum	visible wear	v4.0.0	v11.14.0	v11.15.0	v7.4.5 v7.4.6 v7.4.7 v7.4.8 v7.4.10 v.7.4.11		DamagedEnum DamagedRupturedEnum RoomCondtEnum		7b22a6a00	2773	Merge pull request #2773 from microbiomedata/1368-mixs-gsc-migration	
permissible_values	shading_device_type_enum	bahama shutters	v4.0.0	v11.14.0	v11.15.0	v7.4.5 v7.4.6 v7.4.7 v7.4.8 v7.4.10 v.7.4.11		ShadingDeviceTypeEnum		7b22a6a00	2773	Merge pull request #2773 from microbiomedata/1368-mixs-gsc-migration	
permissible_values	shading_device_type_enum	exterior roll blind	v4.0.0	v11.14.0	v11.15.0	v7.4.5 v7.4.6 v7.4.7 v7.4.8 v7.4.10 v.7.4.11		ShadingDeviceTypeEnum		7b22a6a00	2773	Merge pull request #2773 from microbiomedata/1368-mixs-gsc-migration	
permissible_values	shading_device_type_enum	gambrel awning	v4.0.0	v11.14.0	v11.15.0	v7.4.5 v7.4.6 v7.4.7 v7.4.8 v7.4.10 v.7.4.11		ShadingDeviceTypeEnum		7b22a6a00	2773	Merge pull request #2773 from microbiomedata/1368-mixs-gsc-migration	
permissible_values	shading_device_type_enum	hood awning	v4.0.0	v11.14.0	v11.15.0	v7.4.5 v7.4.6 v7.4.7 v7.4.8 v7.4.10 v.7.4.11		ShadingDeviceTypeEnum		7b22a6a00	2773	Merge pull request #2773 from microbiomedata/1368-mixs-gsc-migration	
permissible_values	shading_device_type_enum	porchroller awning	v4.0.0	v11.14.0	v11.15.0	v7.4.5 v7.4.6 v7.4.7 v7.4.8 v7.4.10 v.7.4.11		ShadingDeviceTypeEnum		7b22a6a00	2773	Merge pull request #2773 from microbiomedata/1368-mixs-gsc-migration	
permissible_values	shading_device_type_enum	sarasota shutters	v4.0.0	v11.14.0	v11.15.0	v7.4.5 v7.4.6 v7.4.7 v7.4.8 v7.4.10 v.7.4.11		ShadingDeviceTypeEnum		7b22a6a00	2773	Merge pull request #2773 from microbiomedata/1368-mixs-gsc-migration	
permissible_values	shading_device_type_enum	slatted aluminum	v4.0.0	v11.14.0	v11.15.0	v7.4.5 v7.4.6 v7.4.7 v7.4.8 v7.4.10 v.7.4.11		ShadingDeviceTypeEnum		7b22a6a00	2773	Merge pull request #2773 from microbiomedata/1368-mixs-gsc-migration	
permissible_values	shading_device_type_enum	solid aluminum awning	v4.0.0	v11.14.0	v11.15.0	v7.4.5 v7.4.6 v7.4.7 v7.4.8 v7.4.10 v.7.4.11		ShadingDeviceTypeEnum		7b22a6a00	2773	Merge pull request #2773 from microbiomedata/1368-mixs-gsc-migration	
permissible_values	shading_device_type_enum	sun screen	v4.0.0	v11.14.0	v11.15.0	v7.4.5 v7.4.6 v7.4.7 v7.4.8 v7.4.10 v.7.4.11		ShadingDeviceTypeEnum		7b22a6a00	2773	Merge pull request #2773 from microbiomedata/1368-mixs-gsc-migration	
permissible_values	shading_device_type_enum	tree	v4.0.0	v11.14.0	v11.15.0	v7.4.5 v7.4.6 v7.4.7 v7.4.8 v7.4.10 v.7.4.11		ShadingDeviceTypeEnum		7b22a6a00	2773	Merge pull request #2773 from microbiomedata/1368-mixs-gsc-migration	
permissible_values	shading_device_type_enum	trellis	v4.0.0	v11.14.0	v11.15.0	v7.4.5 v7.4.6 v7.4.7 v7.4.8 v7.4.10 v.7.4.11		ShadingDeviceTypeEnum		7b22a6a00	2773	Merge pull request #2773 from microbiomedata/1368-mixs-gsc-migration	
permissible_values	shading_device_type_enum	venetian awning	v4.0.0	v11.14.0	v11.15.0	v7.4.5 v7.4.6 v7.4.7 v7.4.8 v7.4.10 v.7.4.11		ShadingDeviceTypeEnum		7b22a6a00	2773	Merge pull request #2773 from microbiomedata/1368-mixs-gsc-migration	
permissible_values	soil_horizon_enum	A horizon	v4.0.0	v11.14.0	v11.15.0	v7.4.5 v7.4.6 v7.4.7 v7.4.8 v7.4.10 v.7.4.11		SoilHorizonEnum		7b22a6a00	2773	Merge pull request #2773 from microbiomedata/1368-mixs-gsc-migration	
permissible_values	soil_horizon_enum	B horizon	v4.0.0	v11.14.0	v11.15.0	v7.4.5 v7.4.6 v7.4.7 v7.4.8 v7.4.10 v.7.4.11		SoilHorizonEnum		7b22a6a00	2773	Merge pull request #2773 from microbiomedata/1368-mixs-gsc-migration	
permissible_values	soil_horizon_enum	C horizon	v4.0.0	v11.14.0	v11.15.0	v7.4.5 v7.4.6 v7.4.7 v7.4.8 v7.4.10 v.7.4.11		SoilHorizonEnum		7b22a6a00	2773	Merge pull request #2773 from microbiomedata/1368-mixs-gsc-migration	
permissible_values	soil_horizon_enum	E horizon	v4.0.0	v11.14.0	v11.15.0	v7.4.5 v7.4.6 v7.4.7 v7.4.8 v7.4.10 v.7.4.11		SoilHorizonEnum		7b22a6a00	2773	Merge pull request #2773 from microbiomedata/1368-mixs-gsc-migration	
permissible_values	soil_horizon_enum	M horizon	v7.6.0	v11.14.0	v11.15.0			SoilHorizonEnum		7b22a6a00	2773	Merge pull request #2773 from microbiomedata/1368-mixs-gsc-migration	
permissible_values	soil_horizon_enum	O horizon	v4.0.0	v11.14.0	v11.15.0	v7.4.5 v7.4.6 v7.4.7 v7.4.8 v7.4.10 v.7.4.11		SoilHorizonEnum		7b22a6a00	2773	Merge pull request #2773 from microbiomedata/1368-mixs-gsc-migration	
permissible_values	soil_horizon_enum	Permafrost	v4.0.0	v11.14.0	v11.15.0	v7.4.5 v7.4.6 v7.4.7 v7.4.8 v7.4.10 v.7.4.11		SoilHorizonEnum		7b22a6a00	2773	Merge pull request #2773 from microbiomedata/1368-mixs-gsc-migration	
permissible_values	soil_horizon_enum	R layer	v4.0.0	v11.14.0	v11.15.0	v7.4.5 v7.4.6 v7.4.7 v7.4.8 v7.4.10 v.7.4.11		SoilHorizonEnum		7b22a6a00	2773	Merge pull request #2773 from microbiomedata/1368-mixs-gsc-migration	
permissible_values	specific_enum	as built	v4.0.0	v11.14.0	v11.15.0	v7.4.5 v7.4.6 v7.4.7 v7.4.8 v7.4.10 v.7.4.11		DrawingsEnum SpecificEnum		7b22a6a00	2773	Merge pull request #2773 from microbiomedata/1368-mixs-gsc-migration	
permissible_values	specific_enum	bid	v4.0.0	v11.14.0	v11.15.0	v7.4.5 v7.4.6 v7.4.7 v7.4.8 v7.4.10 v.7.4.11		DrawingsEnum SpecificEnum		7b22a6a00	2773	Merge pull request #2773 from microbiomedata/1368-mixs-gsc-migration	
permissible_values	specific_enum	construction	v4.0.0	v11.14.0	v11.15.0	v7.4.5 v7.4.6 v7.4.7 v7.4.8 v7.4.10 v.7.4.11		DrawingsEnum SpecificEnum		7b22a6a00	2773	Merge pull request #2773 from microbiomedata/1368-mixs-gsc-migration	
permissible_values	specific_enum	design	v4.0.0	v11.14.0	v11.15.0	v7.4.5 v7.4.6 v7.4.7 v7.4.8 v7.4.10 v.7.4.11		DrawingsEnum SpecificEnum		7b22a6a00	2773	Merge pull request #2773 from microbiomedata/1368-mixs-gsc-migration	
permissible_values	specific_enum	operation	v4.0.0	v11.14.0	v11.15.0	v7.4.5 v7.4.6 v7.4.7 v7.4.8 v7.4.10 v.7.4.11		DrawingsEnum SpecificEnum		7b22a6a00	2773	Merge pull request #2773 from microbiomedata/1368-mixs-gsc-migration	
permissible_values	specific_enum	photos	v4.0.0	v11.14.0	v11.15.0	v7.4.5 v7.4.6 v7.4.7 v7.4.8 v7.4.10 v.7.4.11		SpecificEnum		7b22a6a00	2773	Merge pull request #2773 from microbiomedata/1368-mixs-gsc-migration	
permissible_values	sr_dep_env_enum	Fluvioldeltaic	v4.0.0	v11.14.0	v11.15.0	v7.4.5 v7.4.6 v7.4.7 v7.4.8 v7.4.10 v.7.4.11		SrDepEnvEnum		7b22a6a00	2773	Merge pull request #2773 from microbiomedata/1368-mixs-gsc-migration	
permissible_values	sr_dep_env_enum	Fluviomarine	v4.0.0	v11.14.0	v11.15.0	v7.4.5 v7.4.6 v7.4.7 v7.4.8 v7.4.10 v.7.4.11		SrDepEnvEnum		7b22a6a00	2773	Merge pull request #2773 from microbiomedata/1368-mixs-gsc-migration	
permissible_values	sr_dep_env_enum	Lacustine	v4.0.0	v11.14.0	v11.15.0	v7.4.5 v7.4.6 v7.4.7 v7.4.8 v7.4.10 v.7.4.11		SrDepEnvEnum		7b22a6a00	2773	Merge pull request #2773 from microbiomedata/1368-mixs-gsc-migration	
permissible_values	sr_dep_env_enum	Marine	v4.0.0	v11.14.0	v11.15.0	v7.4.5 v7.4.6 v7.4.7 v7.4.8 v7.4.10 v.7.4.11		SrDepEnvEnum		7b22a6a00	2773	Merge pull request #2773 from microbiomedata/1368-mixs-gsc-migration	
permissible_values	sr_dep_env_enum	other	v4.0.0	v11.14.0	v11.15.0	v7.4.5 v7.4.6 v7.4.7 v7.4.8 v7.4.10 v.7.4.11		DeposEnvEnum FailureWhatEnum FreqCleanEnum GeolAgeEnum HcProducedEnum HcrEnum LibLayoutEnum LibrarySelectionEnum LithologyEnum OxyStatSampEnum SampCaptStatusEnum SampCollectPointEnum SampDisStageEnum SampSubtypeEnum SrDepEnvEnum SrKerogTypeEnum SrLithologyEnum		7b22a6a00	2773	Merge pull request #2773 from microbiomedata/1368-mixs-gsc-migration	
permissible_values	sr_geol_age_enum	Archean	v4.0.0	v11.14.0	v11.15.0	v7.4.5 v7.4.6 v7.4.7 v7.4.8 v7.4.10 v.7.4.11		GeolAgeEnum		7b22a6a00	2773	Merge pull request #2773 from microbiomedata/1368-mixs-gsc-migration	
permissible_values	sr_geol_age_enum	Cambrian	v4.0.0	v11.14.0	v11.15.0	v7.4.5 v7.4.6 v7.4.7 v7.4.8 v7.4.10 v.7.4.11		GeolAgeEnum		7b22a6a00	2773	Merge pull request #2773 from microbiomedata/1368-mixs-gsc-migration	
permissible_values	sr_geol_age_enum	Carboniferous	v4.0.0	v11.14.0	v11.15.0	v7.4.5 v7.4.6 v7.4.7 v7.4.8 v7.4.10 v.7.4.11		GeolAgeEnum		7b22a6a00	2773	Merge pull request #2773 from microbiomedata/1368-mixs-gsc-migration	
permissible_values	sr_geol_age_enum	Cenozoic	v4.0.0	v11.14.0	v11.15.0	v7.4.5 v7.4.6 v7.4.7 v7.4.8 v7.4.10 v.7.4.11		GeolAgeEnum		7b22a6a00	2773	Merge pull request #2773 from microbiomedata/1368-mixs-gsc-migration	
permissible_values	sr_geol_age_enum	Cretaceous	v4.0.0	v11.14.0	v11.15.0	v7.4.5 v7.4.6 v7.4.7 v7.4.8 v7.4.10 v.7.4.11		GeolAgeEnum		7b22a6a00	2773	Merge pull request #2773 from microbiomedata/1368-mixs-gsc-migration	
permissible_values	sr_geol_age_enum	Devonian	v4.0.0	v11.14.0	v11.15.0	v7.4.5 v7.4.6 v7.4.7 v7.4.8 v7.4.10 v.7.4.11		GeolAgeEnum		7b22a6a00	2773	Merge pull request #2773 from microbiomedata/1368-mixs-gsc-migration	
permissible_values	sr_geol_age_enum	Jurassic	v4.0.0	v11.14.0	v11.15.0	v7.4.5 v7.4.6 v7.4.7 v7.4.8 v7.4.10 v.7.4.11		GeolAgeEnum		7b22a6a00	2773	Merge pull request #2773 from microbiomedata/1368-mixs-gsc-migration	
permissible_values	sr_geol_age_enum	Mesozoic	v4.0.0	v11.14.0	v11.15.0	v7.4.5 v7.4.6 v7.4.7 v7.4.8 v7.4.10 v.7.4.11		GeolAgeEnum		7b22a6a00	2773	Merge pull request #2773 from microbiomedata/1368-mixs-gsc-migration	
permissible_values	sr_geol_age_enum	Neogene	v4.0.0	v11.14.0	v11.15.0	v7.4.5 v7.4.6 v7.4.7 v7.4.8 v7.4.10 v.7.4.11		GeolAgeEnum		7b22a6a00	2773	Merge pull request #2773 from microbiomedata/1368-mixs-gsc-migration	
permissible_values	sr_geol_age_enum	Ordovician	v4.0.0	v11.14.0	v11.15.0	v7.4.5 v7.4.6 v7.4.7 v7.4.8 v7.4.10 v.7.4.11		GeolAgeEnum		7b22a6a00	2773	Merge pull request #2773 from microbiomedata/1368-mixs-gsc-migration	
permissible_values	sr_geol_age_enum	Paleogene	v4.0.0	v11.14.0	v11.15.0	v7.4.5 v7.4.6 v7.4.7 v7.4.8 v7.4.10 v.7.4.11		GeolAgeEnum		7b22a6a00	2773	Merge pull request #2773 from microbiomedata/1368-mixs-gsc-migration	
permissible_values	sr_geol_age_enum	Paleozoic	v4.0.0	v11.14.0	v11.15.0	v7.4.5 v7.4.6 v7.4.7 v7.4.8 v7.4.10 v.7.4.11		GeolAgeEnum		7b22a6a00	2773	Merge pull request #2773 from microbiomedata/1368-mixs-gsc-migration	
permissible_values	sr_geol_age_enum	Permian	v4.0.0	v11.14.0	v11.15.0	v7.4.5 v7.4.6 v7.4.7 v7.4.8 v7.4.10 v.7.4.11		GeolAgeEnum		7b22a6a00	2773	Merge pull request #2773 from microbiomedata/1368-mixs-gsc-migration	
permissible_values	sr_geol_age_enum	Precambrian	v4.0.0	v11.14.0	v11.15.0	v7.4.5 v7.4.6 v7.4.7 v7.4.8 v7.4.10 v.7.4.11		GeolAgeEnum		7b22a6a00	2773	Merge pull request #2773 from microbiomedata/1368-mixs-gsc-migration	
permissible_values	sr_geol_age_enum	Proterozoic	v4.0.0	v11.14.0	v11.15.0	v7.4.5 v7.4.6 v7.4.7 v7.4.8 v7.4.10 v.7.4.11		GeolAgeEnum		7b22a6a00	2773	Merge pull request #2773 from microbiomedata/1368-mixs-gsc-migration	
permissible_values	sr_geol_age_enum	Silurian	v4.0.0	v11.14.0	v11.15.0	v7.4.5 v7.4.6 v7.4.7 v7.4.8 v7.4.10 v.7.4.11		GeolAgeEnum		7b22a6a00	2773	Merge pull request #2773 from microbiomedata/1368-mixs-gsc-migration	
permissible_values	sr_geol_age_enum	Triassic	v4.0.0	v11.14.0	v11.15.0	v7.4.5 v7.4.6 v7.4.7 v7.4.8 v7.4.10 v.7.4.11		GeolAgeEnum		7b22a6a00	2773	Merge pull request #2773 from microbiomedata/1368-mixs-gsc-migration	
permissible_values	sr_geol_age_enum	other	v4.0.0	v11.14.0	v11.15.0	v7.4.5 v7.4.6 v7.4.7 v7.4.8 v7.4.10 v.7.4.11		DeposEnvEnum FailureWhatEnum FreqCleanEnum GeolAgeEnum HcProducedEnum HcrEnum LibLayoutEnum LibrarySelectionEnum LithologyEnum OxyStatSampEnum SampCaptStatusEnum SampCollectPointEnum SampDisStageEnum SampSubtypeEnum SrDepEnvEnum SrKerogTypeEnum SrLithologyEnum		7b22a6a00	2773	Merge pull request #2773 from microbiomedata/1368-mixs-gsc-migration	
permissible_values	sr_kerog_type_enum	Type I	v4.0.0	v11.14.0	v11.15.0	v7.4.5 v7.4.6 v7.4.7 v7.4.8 v7.4.10 v.7.4.11		SrKerogTypeEnum		7b22a6a00	2773	Merge pull request #2773 from microbiomedata/1368-mixs-gsc-migration	
permissible_values	sr_kerog_type_enum	Type II	v4.0.0	v11.14.0	v11.15.0	v7.4.5 v7.4.6 v7.4.7 v7.4.8 v7.4.10 v.7.4.11		SrKerogTypeEnum		7b22a6a00	2773	Merge pull request #2773 from microbiomedata/1368-mixs-gsc-migration	
permissible_values	sr_kerog_type_enum	Type III	v4.0.0	v11.14.0	v11.15.0	v7.4.5 v7.4.6 v7.4.7 v7.4.8 v7.4.10 v.7.4.11		SrKerogTypeEnum		7b22a6a00	2773	Merge pull request #2773 from microbiomedata/1368-mixs-gsc-migration	
permissible_values	sr_kerog_type_enum	Type IV	v4.0.0	v11.14.0	v11.15.0	v7.4.5 v7.4.6 v7.4.7 v7.4.8 v7.4.10 v.7.4.11		SrKerogTypeEnum		7b22a6a00	2773	Merge pull request #2773 from microbiomedata/1368-mixs-gsc-migration	
permissible_values	sr_kerog_type_enum	other	v4.0.0	v11.14.0	v11.15.0	v7.4.5 v7.4.6 v7.4.7 v7.4.8 v7.4.10 v.7.4.11		DeposEnvEnum FailureWhatEnum FreqCleanEnum GeolAgeEnum HcProducedEnum HcrEnum LibLayoutEnum LibrarySelectionEnum LithologyEnum OxyStatSampEnum SampCaptStatusEnum SampCollectPointEnum SampDisStageEnum SampSubtypeEnum SrDepEnvEnum SrKerogTypeEnum SrLithologyEnum		7b22a6a00	2773	Merge pull request #2773 from microbiomedata/1368-mixs-gsc-migration	
permissible_values	sr_lithology_enum	Biosilicieous	v4.0.0	v11.14.0	v11.15.0	v7.4.5 v7.4.6 v7.4.7 v7.4.8 v7.4.10 v.7.4.11		SrLithologyEnum		7b22a6a00	2773	Merge pull request #2773 from microbiomedata/1368-mixs-gsc-migration	
permissible_values	sr_lithology_enum	Carbonate	v4.0.0	v11.14.0	v11.15.0	v7.4.5 v7.4.6 v7.4.7 v7.4.8 v7.4.10 v.7.4.11		SrLithologyEnum		7b22a6a00	2773	Merge pull request #2773 from microbiomedata/1368-mixs-gsc-migration	
permissible_values	sr_lithology_enum	Clastic	v4.0.0	v11.14.0	v11.15.0	v7.4.5 v7.4.6 v7.4.7 v7.4.8 v7.4.10 v.7.4.11		SrLithologyEnum		7b22a6a00	2773	Merge pull request #2773 from microbiomedata/1368-mixs-gsc-migration	
permissible_values	sr_lithology_enum	Coal	v4.0.0	v11.14.0	v11.15.0	v7.4.5 v7.4.6 v7.4.7 v7.4.8 v7.4.10 v.7.4.11		LithologyEnum SrLithologyEnum		7b22a6a00	2773	Merge pull request #2773 from microbiomedata/1368-mixs-gsc-migration	
permissible_values	sr_lithology_enum	other	v4.0.0	v11.14.0	v11.15.0	v7.4.5 v7.4.6 v7.4.7 v7.4.8 v7.4.10 v.7.4.11		DeposEnvEnum FailureWhatEnum FreqCleanEnum GeolAgeEnum HcProducedEnum HcrEnum LibLayoutEnum LibrarySelectionEnum LithologyEnum OxyStatSampEnum SampCaptStatusEnum SampCollectPointEnum SampDisStageEnum SampSubtypeEnum SrDepEnvEnum SrKerogTypeEnum SrLithologyEnum		7b22a6a00	2773	Merge pull request #2773 from microbiomedata/1368-mixs-gsc-migration	
permissible_values	substructure_type_enum	basement	v4.0.0	v11.14.0	v11.15.0	v7.4.5 v7.4.6 v7.4.7 v7.4.8 v7.4.10 v.7.4.11		SubstructureTypeEnum		7b22a6a00	2773	Merge pull request #2773 from microbiomedata/1368-mixs-gsc-migration	
permissible_values	substructure_type_enum	crawlspace	v4.0.0	v11.14.0	v11.15.0	v7.4.5 v7.4.6 v7.4.7 v7.4.8 v7.4.10 v.7.4.11		SubstructureTypeEnum		7b22a6a00	2773	Merge pull request #2773 from microbiomedata/1368-mixs-gsc-migration	
permissible_values	substructure_type_enum	slab on grade	v4.0.0	v11.14.0	v11.15.0	v7.4.5 v7.4.6 v7.4.7 v7.4.8 v7.4.10 v.7.4.11		SubstructureTypeEnum		7b22a6a00	2773	Merge pull request #2773 from microbiomedata/1368-mixs-gsc-migration	
permissible_values	surf_air_cont_enum	biocides	v4.0.0	v11.14.0	v11.15.0	v7.4.5 v7.4.6 v7.4.7 v7.4.8 v7.4.10 v.7.4.11		SurfAirContEnum		7b22a6a00	2773	Merge pull request #2773 from microbiomedata/1368-mixs-gsc-migration	
permissible_values	surf_air_cont_enum	biological contaminants	v4.0.0	v11.14.0	v11.15.0	v7.4.5 v7.4.6 v7.4.7 v7.4.8 v7.4.10 v.7.4.11		SurfAirContEnum		7b22a6a00	2773	Merge pull request #2773 from microbiomedata/1368-mixs-gsc-migration	
permissible_values	surf_air_cont_enum	dust	v4.0.0	v11.14.0	v11.15.0	v7.4.5 v7.4.6 v7.4.7 v7.4.8 v7.4.10 v.7.4.11		SurfAirContEnum		7b22a6a00	2773	Merge pull request #2773 from microbiomedata/1368-mixs-gsc-migration	
permissible_values	surf_air_cont_enum	nutrients	v4.0.0	v11.14.0	v11.15.0	v7.4.5 v7.4.6 v7.4.7 v7.4.8 v7.4.10 v.7.4.11		SurfAirContEnum		7b22a6a00	2773	Merge pull request #2773 from microbiomedata/1368-mixs-gsc-migration	
permissible_values	surf_air_cont_enum	organic matter	v4.0.0	v11.14.0	v11.15.0	v7.4.5 v7.4.6 v7.4.7 v7.4.8 v7.4.10 v.7.4.11		SurfAirContEnum		7b22a6a00	2773	Merge pull request #2773 from microbiomedata/1368-mixs-gsc-migration	
permissible_values	surf_air_cont_enum	particulate matter	v4.0.0	v11.14.0	v11.15.0	v7.4.5 v7.4.6 v7.4.7 v7.4.8 v7.4.10 v.7.4.11		SurfAirContEnum		7b22a6a00	2773	Merge pull request #2773 from microbiomedata/1368-mixs-gsc-migration	
permissible_values	surf_air_cont_enum	radon	v4.0.0	v11.14.0	v11.15.0	v7.4.5 v7.4.6 v7.4.7 v7.4.8 v7.4.10 v.7.4.11		SurfAirContEnum		7b22a6a00	2773	Merge pull request #2773 from microbiomedata/1368-mixs-gsc-migration	
permissible_values	surf_air_cont_enum	volatile organic compounds	v4.0.0	v11.14.0	v11.15.0	v7.4.5 v7.4.6 v7.4.7 v7.4.8 v7.4.10 v.7.4.11		SurfAirContEnum		7b22a6a00	2773	Merge pull request #2773 from microbiomedata/1368-mixs-gsc-migration	
permissible_values	surf_material_enum	adobe	v4.0.0	v11.14.0	v11.15.0	v7.4.5 v7.4.6 v7.4.7 v7.4.8 v7.4.10 v.7.4.11		SurfMaterialEnum		7b22a6a00	2773	Merge pull request #2773 from microbiomedata/1368-mixs-gsc-migration	
permissible_values	surf_material_enum	carpet	v4.0.0	v11.14.0	v11.15.0	v7.4.5 v7.4.6 v7.4.7 v7.4.8 v7.4.10 v.7.4.11		SurfMaterialEnum		7b22a6a00	2773	Merge pull request #2773 from microbiomedata/1368-mixs-gsc-migration	
permissible_values	surf_material_enum	cinder blocks	v4.0.0	v11.14.0	v11.15.0	v7.4.5 v7.4.6 v7.4.7 v7.4.8 v7.4.10 v.7.4.11		SurfMaterialEnum		7b22a6a00	2773	Merge pull request #2773 from microbiomedata/1368-mixs-gsc-migration	
permissible_values	surf_material_enum	concrete	v4.0.0	v11.14.0	v11.15.0	v7.4.5 v7.4.6 v7.4.7 v7.4.8 v7.4.10 v.7.4.11		CeilStrucEnum FloorStrucEnum SurfMaterialEnum		7b22a6a00	2773	Merge pull request #2773 from microbiomedata/1368-mixs-gsc-migration	
permissible_values	surf_material_enum	glass	v4.0.0	v11.14.0	v11.15.0	v7.4.5 v7.4.6 v7.4.7 v7.4.8 v7.4.10 v.7.4.11		SurfMaterialEnum		7b22a6a00	2773	Merge pull request #2773 from microbiomedata/1368-mixs-gsc-migration	
permissible_values	surf_material_enum	hay bales	v4.0.0	v11.14.0	v11.15.0	v7.4.5 v7.4.6 v7.4.7 v7.4.8 v7.4.10 v.7.4.11		SurfMaterialEnum		7b22a6a00	2773	Merge pull request #2773 from microbiomedata/1368-mixs-gsc-migration	
permissible_values	surf_material_enum	metal	v4.0.0	v11.14.0	v11.15.0	v7.4.5 v7.4.6 v7.4.7 v7.4.8 v7.4.10 v.7.4.11		CeilFinishMatEnum DoorMatEnum DoorTypeEnum SurfMaterialEnum WallFinishMatEnum WindowMatEnum		7b22a6a00	2773	Merge pull request #2773 from microbiomedata/1368-mixs-gsc-migration	
permissible_values	surf_material_enum	paint	v4.0.0	v11.14.0	v11.15.0	v7.4.5 v7.4.6 v7.4.7 v7.4.8 v7.4.10 v.7.4.11		SurfMaterialEnum		7b22a6a00	2773	Merge pull request #2773 from microbiomedata/1368-mixs-gsc-migration	
permissible_values	surf_material_enum	plastic	v4.0.0	v11.14.0	v11.15.0	v7.4.5 v7.4.6 v7.4.7 v7.4.8 v7.4.10 v.7.4.11		SurfMaterialEnum		7b22a6a00	2773	Merge pull request #2773 from microbiomedata/1368-mixs-gsc-migration	
permissible_values	surf_material_enum	stainless steel	v4.0.0	v11.14.0	v11.15.0	v7.4.5 v7.4.6 v7.4.7 v7.4.8 v7.4.10 v.7.4.11		SurfMaterialEnum		7b22a6a00	2773	Merge pull request #2773 from microbiomedata/1368-mixs-gsc-migration	
permissible_values	surf_material_enum	stone	v4.0.0	v11.14.0	v11.15.0	v7.4.5 v7.4.6 v7.4.7 v7.4.8 v7.4.10 v.7.4.11		SurfMaterialEnum		7b22a6a00	2773	Merge pull request #2773 from microbiomedata/1368-mixs-gsc-migration	
permissible_values	surf_material_enum	stucco	v4.0.0	v11.14.0	v11.15.0	v7.4.5 v7.4.6 v7.4.7 v7.4.8 v7.4.10 v.7.4.11		CeilFinishMatEnum SurfMaterialEnum WallSurfTreatmentEnum		7b22a6a00	2773	Merge pull request #2773 from microbiomedata/1368-mixs-gsc-migration	
permissible_values	surf_material_enum	tile	v4.0.0	v11.14.0	v11.15.0	v7.4.5 v7.4.6 v7.4.7 v7.4.8 v7.4.10 v.7.4.11		SurfMaterialEnum WallFinishMatEnum		7b22a6a00	2773	Merge pull request #2773 from microbiomedata/1368-mixs-gsc-migration	
permissible_values	surf_material_enum	vinyl	v4.0.0	v11.14.0	v11.15.0	v7.4.5 v7.4.6 v7.4.7 v7.4.8 v7.4.10 v.7.4.11		DoorMatEnum SurfMaterialEnum WindowMatEnum		7b22a6a00	2773	Merge pull request #2773 from microbiomedata/1368-mixs-gsc-migration	
permissible_values	surf_material_enum	wood	v4.0.0	v11.14.0	v11.15.0	v7.4.5 v7.4.6 v7.4.7 v7.4.8 v7.4.10 v.7.4.11		CeilFinishMatEnum DoorMatEnum SurfMaterialEnum WallFinishMatEnum WindowMatEnum		7b22a6a00	2773	Merge pull request #2773 from microbiomedata/1368-mixs-gsc-migration	
permissible_values	tidal_stage_enum	ebb tide	v4.0.0	v11.14.0	v11.15.0			TidalStageEnum		7b22a6a00	2773	Merge pull request #2773 from microbiomedata/1368-mixs-gsc-migration	
permissible_values	tidal_stage_enum	flood tide	v4.0.0	v11.14.0	v11.15.0			TidalStageEnum		7b22a6a00	2773	Merge pull request #2773 from microbiomedata/1368-mixs-gsc-migration	
permissible_values	tidal_stage_enum	high tide	v4.0.0	v11.14.0	v11.15.0			TidalStageEnum		7b22a6a00	2773	Merge pull request #2773 from microbiomedata/1368-mixs-gsc-migration	
permissible_values	tidal_stage_enum	low tide	v4.0.0	v11.14.0	v11.15.0			TidalStageEnum		7b22a6a00	2773	Merge pull request #2773 from microbiomedata/1368-mixs-gsc-migration	
permissible_values	tillage_enum	chisel	v4.0.0	v11.14.0	v11.15.0			TillageEnum		7b22a6a00	2773	Merge pull request #2773 from microbiomedata/1368-mixs-gsc-migration	
permissible_values	tillage_enum	cutting disc	v4.0.0	v11.14.0	v11.15.0			TillageEnum		7b22a6a00	2773	Merge pull request #2773 from microbiomedata/1368-mixs-gsc-migration	
permissible_values	tillage_enum	disc plough	v4.0.0	v11.14.0	v11.15.0			TillageEnum		7b22a6a00	2773	Merge pull request #2773 from microbiomedata/1368-mixs-gsc-migration	
permissible_values	tillage_enum	drill	v4.0.0	v11.14.0	v11.15.0			TillageEnum		7b22a6a00	2773	Merge pull request #2773 from microbiomedata/1368-mixs-gsc-migration	
permissible_values	tillage_enum	mouldboard	v4.0.0	v11.14.0	v11.15.0			TillageEnum		7b22a6a00	2773	Merge pull request #2773 from microbiomedata/1368-mixs-gsc-migration	
permissible_values	tillage_enum	ridge till	v4.0.0	v11.14.0	v11.15.0			TillageEnum		7b22a6a00	2773	Merge pull request #2773 from microbiomedata/1368-mixs-gsc-migration	
permissible_values	tillage_enum	strip tillage	v4.0.0	v11.14.0	v11.15.0			TillageEnum		7b22a6a00	2773	Merge pull request #2773 from microbiomedata/1368-mixs-gsc-migration	
permissible_values	tillage_enum	tined	v4.0.0	v11.14.0	v11.15.0			TillageEnum		7b22a6a00	2773	Merge pull request #2773 from microbiomedata/1368-mixs-gsc-migration	
permissible_values	tillage_enum	zonal tillage	v4.0.0	v11.14.0	v11.15.0			TillageEnum		7b22a6a00	2773	Merge pull request #2773 from microbiomedata/1368-mixs-gsc-migration	
permissible_values	train_line_enum	green	v4.0.0	v11.14.0	v11.15.0	v7.4.5 v7.4.6 v7.4.7 v7.4.8 v7.4.10 v.7.4.11		TrainLineEnum		7b22a6a00	2773	Merge pull request #2773 from microbiomedata/1368-mixs-gsc-migration	
permissible_values	train_line_enum	orange	v4.0.0	v11.14.0	v11.15.0	v7.4.5 v7.4.6 v7.4.7 v7.4.8 v7.4.10 v.7.4.11		TrainLineEnum		7b22a6a00	2773	Merge pull request #2773 from microbiomedata/1368-mixs-gsc-migration	
permissible_values	train_line_enum	red	v4.0.0	v11.14.0	v11.15.0	v7.4.5 v7.4.6 v7.4.7 v7.4.8 v7.4.10 v.7.4.11		TrainLineEnum		7b22a6a00	2773	Merge pull request #2773 from microbiomedata/1368-mixs-gsc-migration	
permissible_values	train_stat_loc_enum	forest hills	v4.0.0	v11.14.0	v11.15.0	v7.4.5 v7.4.6 v7.4.7 v7.4.8 v7.4.10 v.7.4.11		TrainStatLocEnum		7b22a6a00	2773	Merge pull request #2773 from microbiomedata/1368-mixs-gsc-migration	
permissible_values	train_stat_loc_enum	riverside	v4.0.0	v11.14.0	v11.15.0	v7.4.5 v7.4.6 v7.4.7 v7.4.8 v7.4.10 v.7.4.11		TrainStatLocEnum		7b22a6a00	2773	Merge pull request #2773 from microbiomedata/1368-mixs-gsc-migration	
permissible_values	train_stat_loc_enum	south station above ground	v4.0.0	v11.14.0	v11.15.0	v7.4.5 v7.4.6 v7.4.7 v7.4.8 v7.4.10 v.7.4.11		TrainStatLocEnum		7b22a6a00	2773	Merge pull request #2773 from microbiomedata/1368-mixs-gsc-migration	
permissible_values	train_stat_loc_enum	south station amtrak	v4.0.0	v11.14.0	v11.15.0	v7.4.5 v7.4.6 v7.4.7 v7.4.8 v7.4.10 v.7.4.11		TrainStatLocEnum		7b22a6a00	2773	Merge pull request #2773 from microbiomedata/1368-mixs-gsc-migration	
permissible_values	train_stat_loc_enum	south station underground	v4.0.0	v11.14.0	v11.15.0	v7.4.5 v7.4.6 v7.4.7 v7.4.8 v7.4.10 v.7.4.11		TrainStatLocEnum		7b22a6a00	2773	Merge pull request #2773 from microbiomedata/1368-mixs-gsc-migration	
permissible_values	train_stop_loc_enum	downtown	v4.0.0	v11.14.0	v11.15.0	v7.4.5 v7.4.6 v7.4.7 v7.4.8 v7.4.10 v.7.4.11		TrainStopLocEnum		7b22a6a00	2773	Merge pull request #2773 from microbiomedata/1368-mixs-gsc-migration	
permissible_values	train_stop_loc_enum	end	v4.0.0	v11.14.0	v11.15.0	v7.4.5 v7.4.6 v7.4.7 v7.4.8 v7.4.10 v.7.4.11		TrainStopLocEnum		7b22a6a00	2773	Merge pull request #2773 from microbiomedata/1368-mixs-gsc-migration	
permissible_values	train_stop_loc_enum	mid	v4.0.0	v11.14.0	v11.15.0	v7.4.5 v7.4.6 v7.4.7 v7.4.8 v7.4.10 v.7.4.11		TrainStopLocEnum		7b22a6a00	2773	Merge pull request #2773 from microbiomedata/1368-mixs-gsc-migration	
permissible_values	vis_media_enum	3D scans	v4.0.0	v11.14.0	v11.15.0	v7.4.5 v7.4.6 v7.4.7 v7.4.8 v7.4.10 v.7.4.11				7b22a6a00	2773	Merge pull request #2773 from microbiomedata/1368-mixs-gsc-migration	
permissible_values	vis_media_enum	commonly of the building	v4.0.0	v11.14.0	v11.15.0	v7.4.5 v7.4.6 v7.4.7 v7.4.8 v7.4.10 v.7.4.11				7b22a6a00	2773	Merge pull request #2773 from microbiomedata/1368-mixs-gsc-migration	
permissible_values	vis_media_enum	equipment	v4.0.0	v11.14.0	v11.15.0	v7.4.5 v7.4.6 v7.4.7 v7.4.8 v7.4.10 v.7.4.11				7b22a6a00	2773	Merge pull request #2773 from microbiomedata/1368-mixs-gsc-migration	
permissible_values	vis_media_enum	interiors	v4.0.0	v11.14.0	v11.15.0	v7.4.5 v7.4.6 v7.4.7 v7.4.8 v7.4.10 v.7.4.11				7b22a6a00	2773	Merge pull request #2773 from microbiomedata/1368-mixs-gsc-migration	
permissible_values	vis_media_enum	photos	v4.0.0	v11.14.0	v11.15.0	v7.4.5 v7.4.6 v7.4.7 v7.4.8 v7.4.10 v.7.4.11		SpecificEnum		7b22a6a00	2773	Merge pull request #2773 from microbiomedata/1368-mixs-gsc-migration	
permissible_values	vis_media_enum	site context (adjacent buildings, vegetation, terrain, streets)	v4.0.0	v11.14.0	v11.15.0	v7.4.5 v7.4.6 v7.4.7 v7.4.8 v7.4.10 v.7.4.11				7b22a6a00	2773	Merge pull request #2773 from microbiomedata/1368-mixs-gsc-migration	
permissible_values	vis_media_enum	videos	v4.0.0	v11.14.0	v11.15.0	v7.4.5 v7.4.6 v7.4.7 v7.4.8 v7.4.10 v.7.4.11		OccupDocumentEnum		7b22a6a00	2773	Merge pull request #2773 from microbiomedata/1368-mixs-gsc-migration	
permissible_values	wall_const_type_enum	fire resistive	v4.0.0	v11.14.0	v11.15.0	v7.4.5 v7.4.6 v7.4.7 v7.4.8 v7.4.10 v.7.4.11		WallConstTypeEnum		7b22a6a00	2773	Merge pull request #2773 from microbiomedata/1368-mixs-gsc-migration	
permissible_values	wall_const_type_enum	frame construction	v4.0.0	v11.14.0	v11.15.0	v7.4.5 v7.4.6 v7.4.7 v7.4.8 v7.4.10 v.7.4.11		WallConstTypeEnum		7b22a6a00	2773	Merge pull request #2773 from microbiomedata/1368-mixs-gsc-migration	
permissible_values	wall_const_type_enum	joisted masonry	v4.0.0	v11.14.0	v11.15.0	v7.4.5 v7.4.6 v7.4.7 v7.4.8 v7.4.10 v.7.4.11		WallConstTypeEnum		7b22a6a00	2773	Merge pull request #2773 from microbiomedata/1368-mixs-gsc-migration	
permissible_values	wall_const_type_enum	light noncombustible	v4.0.0	v11.14.0	v11.15.0	v7.4.5 v7.4.6 v7.4.7 v7.4.8 v7.4.10 v.7.4.11		WallConstTypeEnum		7b22a6a00	2773	Merge pull request #2773 from microbiomedata/1368-mixs-gsc-migration	
permissible_values	wall_const_type_enum	masonry noncombustible	v4.0.0	v11.14.0	v11.15.0	v7.4.5 v7.4.6 v7.4.7 v7.4.8 v7.4.10 v.7.4.11		WallConstTypeEnum		7b22a6a00	2773	Merge pull request #2773 from microbiomedata/1368-mixs-gsc-migration	
permissible_values	wall_const_type_enum	modified fire resistive	v4.0.0	v11.14.0	v11.15.0	v7.4.5 v7.4.6 v7.4.7 v7.4.8 v7.4.10 v.7.4.11		WallConstTypeEnum		7b22a6a00	2773	Merge pull request #2773 from microbiomedata/1368-mixs-gsc-migration	
permissible_values	wall_finish_mat_enum	acoustical treatment	v4.0.0	v11.14.0	v11.15.0	v7.4.5 v7.4.6 v7.4.7 v7.4.8 v7.4.10 v.7.4.11		WallFinishMatEnum		7b22a6a00	2773	Merge pull request #2773 from microbiomedata/1368-mixs-gsc-migration	
permissible_values	wall_finish_mat_enum	gypsum board	v4.0.0	v11.14.0	v11.15.0	v7.4.5 v7.4.6 v7.4.7 v7.4.8 v7.4.10 v.7.4.11		WallFinishMatEnum		7b22a6a00	2773	Merge pull request #2773 from microbiomedata/1368-mixs-gsc-migration	
permissible_values	wall_finish_mat_enum	gypsum plaster	v4.0.0	v11.14.0	v11.15.0	v7.4.5 v7.4.6 v7.4.7 v7.4.8 v7.4.10 v.7.4.11		WallFinishMatEnum		7b22a6a00	2773	Merge pull request #2773 from microbiomedata/1368-mixs-gsc-migration	
permissible_values	wall_finish_mat_enum	masonry	v4.0.0	v11.14.0	v11.15.0	v7.4.5 v7.4.6 v7.4.7 v7.4.8 v7.4.10 v.7.4.11		WallFinishMatEnum		7b22a6a00	2773	Merge pull request #2773 from microbiomedata/1368-mixs-gsc-migration	
permissible_values	wall_finish_mat_enum	metal	v4.0.0	v11.14.0	v11.15.0	v7.4.5 v7.4.6 v7.4.7 v7.4.8 v7.4.10 v.7.4.11		CeilFinishMatEnum DoorMatEnum DoorTypeEnum SurfMaterialEnum WallFinishMatEnum WindowMatEnum		7b22a6a00	2773	Merge pull request #2773 from microbiomedata/1368-mixs-gsc-migration	
permissible_values	wall_finish_mat_enum	plaster	v4.0.0	v11.14.0	v11.15.0	v7.4.5 v7.4.6 v7.4.7 v7.4.8 v7.4.10 v.7.4.11		WallFinishMatEnum		7b22a6a00	2773	Merge pull request #2773 from microbiomedata/1368-mixs-gsc-migration	
permissible_values	wall_finish_mat_enum	stone facing	v4.0.0	v11.14.0	v11.15.0	v7.4.5 v7.4.6 v7.4.7 v7.4.8 v7.4.10 v.7.4.11		WallFinishMatEnum		7b22a6a00	2773	Merge pull request #2773 from microbiomedata/1368-mixs-gsc-migration	
permissible_values	wall_finish_mat_enum	terrazzo	v4.0.0	v11.14.0	v11.15.0	v7.4.5 v7.4.6 v7.4.7 v7.4.8 v7.4.10 v.7.4.11		WallFinishMatEnum		7b22a6a00	2773	Merge pull request #2773 from microbiomedata/1368-mixs-gsc-migration	
permissible_values	wall_finish_mat_enum	tile	v4.0.0	v11.14.0	v11.15.0	v7.4.5 v7.4.6 v7.4.7 v7.4.8 v7.4.10 v.7.4.11		SurfMaterialEnum WallFinishMatEnum		7b22a6a00	2773	Merge pull request #2773 from microbiomedata/1368-mixs-gsc-migration	
permissible_values	wall_finish_mat_enum	veneer plaster	v4.0.0	v11.14.0	v11.15.0	v7.4.5 v7.4.6 v7.4.7 v7.4.8 v7.4.10 v.7.4.11		WallFinishMatEnum		7b22a6a00	2773	Merge pull request #2773 from microbiomedata/1368-mixs-gsc-migration	
permissible_values	wall_finish_mat_enum	wood	v4.0.0	v11.14.0	v11.15.0	v7.4.5 v7.4.6 v7.4.7 v7.4.8 v7.4.10 v.7.4.11		CeilFinishMatEnum DoorMatEnum SurfMaterialEnum WallFinishMatEnum WindowMatEnum		7b22a6a00	2773	Merge pull request #2773 from microbiomedata/1368-mixs-gsc-migration	
permissible_values	wall_loc_enum	east	v4.0.0	v11.14.0	v11.15.0	v7.4.5 v7.4.6 v7.4.7 v7.4.8 v7.4.10 v.7.4.11		CompassDirections8Enum		7b22a6a00	2773	Merge pull request #2773 from microbiomedata/1368-mixs-gsc-migration	
permissible_values	wall_loc_enum	north	v4.0.0	v11.14.0	v11.15.0	v7.4.5 v7.4.6 v7.4.7 v7.4.8 v7.4.10 v.7.4.11		CompassDirections8Enum		7b22a6a00	2773	Merge pull request #2773 from microbiomedata/1368-mixs-gsc-migration	
permissible_values	wall_loc_enum	south	v4.0.0	v11.14.0	v11.15.0	v7.4.5 v7.4.6 v7.4.7 v7.4.8 v7.4.10 v.7.4.11		CompassDirections8Enum		7b22a6a00	2773	Merge pull request #2773 from microbiomedata/1368-mixs-gsc-migration	
permissible_values	wall_loc_enum	west	v4.0.0	v11.14.0	v11.15.0	v7.4.5 v7.4.6 v7.4.7 v7.4.8 v7.4.10 v.7.4.11		CompassDirections8Enum		7b22a6a00	2773	Merge pull request #2773 from microbiomedata/1368-mixs-gsc-migration	
permissible_values	wall_surf_treatment_enum	fabric	v4.0.0	v11.14.0	v11.15.0	v7.4.5 v7.4.6 v7.4.7 v7.4.8 v7.4.10 v.7.4.11		WallSurfTreatmentEnum		7b22a6a00	2773	Merge pull request #2773 from microbiomedata/1368-mixs-gsc-migration	
permissible_values	wall_surf_treatment_enum	no treatment	v4.0.0	v11.14.0	v11.15.0	v7.4.5 v7.4.6 v7.4.7 v7.4.8 v7.4.10 v.7.4.11		WallSurfTreatmentEnum		7b22a6a00	2773	Merge pull request #2773 from microbiomedata/1368-mixs-gsc-migration	
permissible_values	wall_surf_treatment_enum	painted	v4.0.0	v11.14.0	v11.15.0	v7.4.5 v7.4.6 v7.4.7 v7.4.8 v7.4.10 v.7.4.11		WallSurfTreatmentEnum		7b22a6a00	2773	Merge pull request #2773 from microbiomedata/1368-mixs-gsc-migration	
permissible_values	wall_surf_treatment_enum	paneling	v4.0.0	v11.14.0	v11.15.0	v7.4.5 v7.4.6 v7.4.7 v7.4.8 v7.4.10 v.7.4.11		WallSurfTreatmentEnum		7b22a6a00	2773	Merge pull request #2773 from microbiomedata/1368-mixs-gsc-migration	
permissible_values	wall_surf_treatment_enum	stucco	v4.0.0	v11.14.0	v11.15.0	v7.4.5 v7.4.6 v7.4.7 v7.4.8 v7.4.10 v.7.4.11		CeilFinishMatEnum SurfMaterialEnum WallSurfTreatmentEnum		7b22a6a00	2773	Merge pull request #2773 from microbiomedata/1368-mixs-gsc-migration	
permissible_values	wall_surf_treatment_enum	wall paper	v4.0.0	v11.14.0	v11.15.0	v7.4.5 v7.4.6 v7.4.7 v7.4.8 v7.4.10 v.7.4.11		WallSurfTreatmentEnum		7b22a6a00	2773	Merge pull request #2773 from microbiomedata/1368-mixs-gsc-migration	
permissible_values	wall_texture_enum		v4.0.0	v11.14.0	v11.15.0	v7.0.0 v7.1.0 v7.1.1 v7.1.2 v7.1.3 v7.1.4 v7.1.5 v7.1.6 v7.2.0 v7.3.0 v7.4.0 v7.4.1 v7.4.2 v7.4.3 v7.4.4 v7.4.5 v7.4.6 v7.4.7 v7.4.8 v7.4.10 v.7.4.11				7b22a6a00	2773	Merge pull request #2773 from microbiomedata/1368-mixs-gsc-migration	
permissible_values	wall_texture_enum	Santa-Fe texture	v4.0.0	v11.14.0	v11.15.0	v7.4.5 v7.4.6 v7.4.7 v7.4.8 v7.4.10 v.7.4.11		CeilingWallTextureEnum		7b22a6a00	2773	Merge pull request #2773 from microbiomedata/1368-mixs-gsc-migration	
permissible_values	wall_texture_enum	crows feet	v4.0.0	v11.14.0	v11.15.0	v7.4.5 v7.4.6 v7.4.7 v7.4.8 v7.4.10 v.7.4.11		CeilingWallTextureEnum		7b22a6a00	2773	Merge pull request #2773 from microbiomedata/1368-mixs-gsc-migration	
permissible_values	wall_texture_enum	crows-foot stomp	v4.0.0	v11.14.0	v11.15.0	v7.4.5 v7.4.6 v7.4.7 v7.4.8 v7.4.10 v.7.4.11		CeilingWallTextureEnum		7b22a6a00	2773	Merge pull request #2773 from microbiomedata/1368-mixs-gsc-migration	
permissible_values	wall_texture_enum	double skip	v4.0.0	v11.14.0	v11.15.0	v7.4.5 v7.4.6 v7.4.7 v7.4.8 v7.4.10 v.7.4.11		CeilingWallTextureEnum		7b22a6a00	2773	Merge pull request #2773 from microbiomedata/1368-mixs-gsc-migration	
permissible_values	wall_texture_enum	hawk and trowel	v4.0.0	v11.14.0	v11.15.0	v7.4.5 v7.4.6 v7.4.7 v7.4.8 v7.4.10 v.7.4.11		CeilingWallTextureEnum		7b22a6a00	2773	Merge pull request #2773 from microbiomedata/1368-mixs-gsc-migration	
permissible_values	wall_texture_enum	knockdown	v4.0.0	v11.14.0	v11.15.0	v7.4.5 v7.4.6 v7.4.7 v7.4.8 v7.4.10 v.7.4.11		CeilingWallTextureEnum		7b22a6a00	2773	Merge pull request #2773 from microbiomedata/1368-mixs-gsc-migration	
permissible_values	wall_texture_enum	orange peel	v4.0.0	v11.14.0	v11.15.0	v7.4.5 v7.4.6 v7.4.7 v7.4.8 v7.4.10 v.7.4.11		CeilingWallTextureEnum		7b22a6a00	2773	Merge pull request #2773 from microbiomedata/1368-mixs-gsc-migration	
permissible_values	wall_texture_enum	popcorn	v4.0.0	v11.14.0	v11.15.0	v7.4.5 v7.4.6 v7.4.7 v7.4.8 v7.4.10 v.7.4.11		CeilingWallTextureEnum		7b22a6a00	2773	Merge pull request #2773 from microbiomedata/1368-mixs-gsc-migration	
permissible_values	wall_texture_enum	rosebud stomp	v4.0.0	v11.14.0	v11.15.0	v7.4.5 v7.4.6 v7.4.7 v7.4.8 v7.4.10 v.7.4.11		CeilingWallTextureEnum		7b22a6a00	2773	Merge pull request #2773 from microbiomedata/1368-mixs-gsc-migration	
permissible_values	wall_texture_enum	skip trowel	v4.0.0	v11.14.0	v11.15.0	v7.4.5 v7.4.6 v7.4.7 v7.4.8 v7.4.10 v.7.4.11		CeilingWallTextureEnum		7b22a6a00	2773	Merge pull request #2773 from microbiomedata/1368-mixs-gsc-migration	
permissible_values	wall_texture_enum	smooth	v4.0.0	v11.14.0	v11.15.0	v7.4.5 v7.4.6 v7.4.7 v7.4.8 v7.4.10 v.7.4.11		CeilingWallTextureEnum		7b22a6a00	2773	Merge pull request #2773 from microbiomedata/1368-mixs-gsc-migration	
permissible_values	wall_texture_enum	stomp knockdown	v4.0.0	v11.14.0	v11.15.0	v7.4.5 v7.4.6 v7.4.7 v7.4.8 v7.4.10 v.7.4.11		CeilingWallTextureEnum		7b22a6a00	2773	Merge pull request #2773 from microbiomedata/1368-mixs-gsc-migration	
permissible_values	wall_texture_enum	swirl	v4.0.0	v11.14.0	v11.15.0	v7.4.5 v7.4.6 v7.4.7 v7.4.8 v7.4.10 v.7.4.11		CeilingWallTextureEnum		7b22a6a00	2773	Merge pull request #2773 from microbiomedata/1368-mixs-gsc-migration	
permissible_values	water_feat_type_enum	fountain	v4.0.0	v11.14.0	v11.15.0	v7.4.5 v7.4.6 v7.4.7 v7.4.8 v7.4.10 v.7.4.11		WaterFeatTypeEnum		7b22a6a00	2773	Merge pull request #2773 from microbiomedata/1368-mixs-gsc-migration	
permissible_values	water_feat_type_enum	pool	v4.0.0	v11.14.0	v11.15.0	v7.4.5 v7.4.6 v7.4.7 v7.4.8 v7.4.10 v.7.4.11		WaterFeatTypeEnum		7b22a6a00	2773	Merge pull request #2773 from microbiomedata/1368-mixs-gsc-migration	
permissible_values	water_feat_type_enum	standing feature	v4.0.0	v11.14.0	v11.15.0	v7.4.5 v7.4.6 v7.4.7 v7.4.8 v7.4.10 v.7.4.11		WaterFeatTypeEnum		7b22a6a00	2773	Merge pull request #2773 from microbiomedata/1368-mixs-gsc-migration	
permissible_values	water_feat_type_enum	stream	v4.0.0	v11.14.0	v11.15.0	v7.4.5 v7.4.6 v7.4.7 v7.4.8 v7.4.10 v.7.4.11		WaterFeatTypeEnum		7b22a6a00	2773	Merge pull request #2773 from microbiomedata/1368-mixs-gsc-migration	
permissible_values	water_feat_type_enum	waterfall	v4.0.0	v11.14.0	v11.15.0	v7.4.5 v7.4.6 v7.4.7 v7.4.8 v7.4.10 v.7.4.11		WaterFeatTypeEnum		7b22a6a00	2773	Merge pull request #2773 from microbiomedata/1368-mixs-gsc-migration	
permissible_values	weekday_enum	Friday	v4.0.0	v11.14.0	v11.15.0	v7.4.5 v7.4.6 v7.4.7 v7.4.8 v7.4.10 v.7.4.11		WeekdayEnum		7b22a6a00	2773	Merge pull request #2773 from microbiomedata/1368-mixs-gsc-migration	
permissible_values	weekday_enum	Monday	v4.0.0	v11.14.0	v11.15.0	v7.4.5 v7.4.6 v7.4.7 v7.4.8 v7.4.10 v.7.4.11		WeekdayEnum		7b22a6a00	2773	Merge pull request #2773 from microbiomedata/1368-mixs-gsc-migration	
permissible_values	weekday_enum	Saturday	v4.0.0	v11.14.0	v11.15.0	v7.4.5 v7.4.6 v7.4.7 v7.4.8 v7.4.10 v.7.4.11		WeekdayEnum		7b22a6a00	2773	Merge pull request #2773 from microbiomedata/1368-mixs-gsc-migration	
permissible_values	weekday_enum	Sunday	v4.0.0	v11.14.0	v11.15.0	v7.4.5 v7.4.6 v7.4.7 v7.4.8 v7.4.10 v.7.4.11		WeekdayEnum		7b22a6a00	2773	Merge pull request #2773 from microbiomedata/1368-mixs-gsc-migration	
permissible_values	weekday_enum	Thursday	v4.0.0	v11.14.0	v11.15.0	v7.4.5 v7.4.6 v7.4.7 v7.4.8 v7.4.10 v.7.4.11		WeekdayEnum		7b22a6a00	2773	Merge pull request #2773 from microbiomedata/1368-mixs-gsc-migration	
permissible_values	weekday_enum	Tuesday	v4.0.0	v11.14.0	v11.15.0	v7.4.5 v7.4.6 v7.4.7 v7.4.8 v7.4.10 v.7.4.11		WeekdayEnum		7b22a6a00	2773	Merge pull request #2773 from microbiomedata/1368-mixs-gsc-migration	
permissible_values	weekday_enum	Wednesday	v4.0.0	v11.14.0	v11.15.0	v7.4.5 v7.4.6 v7.4.7 v7.4.8 v7.4.10 v.7.4.11		WeekdayEnum		7b22a6a00	2773	Merge pull request #2773 from microbiomedata/1368-mixs-gsc-migration	
permissible_values	window_cond_enum	damaged	v4.0.0	v11.14.0	v11.15.0	v7.4.5 v7.4.6 v7.4.7 v7.4.8 v7.4.10 v.7.4.11		DamagedEnum DamagedRupturedEnum RoomCondtEnum		7b22a6a00	2773	Merge pull request #2773 from microbiomedata/1368-mixs-gsc-migration	
permissible_values	window_cond_enum	needs repair	v4.0.0	v11.14.0	v11.15.0	v7.4.5 v7.4.6 v7.4.7 v7.4.8 v7.4.10 v.7.4.11		DamagedEnum DamagedRupturedEnum RoomCondtEnum		7b22a6a00	2773	Merge pull request #2773 from microbiomedata/1368-mixs-gsc-migration	
permissible_values	window_cond_enum	new	v4.0.0	v11.14.0	v11.15.0	v7.4.5 v7.4.6 v7.4.7 v7.4.8 v7.4.10 v.7.4.11		DamagedEnum DamagedRupturedEnum RoomCondtEnum		7b22a6a00	2773	Merge pull request #2773 from microbiomedata/1368-mixs-gsc-migration	
permissible_values	window_cond_enum	rupture	v4.0.0	v11.14.0	v11.15.0	v7.4.5 v7.4.6 v7.4.7 v7.4.8 v7.4.10 v.7.4.11		DamagedEnum DamagedRupturedEnum RoomCondtEnum		7b22a6a00	2773	Merge pull request #2773 from microbiomedata/1368-mixs-gsc-migration	
permissible_values	window_cond_enum	visible wear	v4.0.0	v11.14.0	v11.15.0	v7.4.5 v7.4.6 v7.4.7 v7.4.8 v7.4.10 v.7.4.11		DamagedEnum DamagedRupturedEnum RoomCondtEnum		7b22a6a00	2773	Merge pull request #2773 from microbiomedata/1368-mixs-gsc-migration	
permissible_values	window_cover_enum	blinds	v4.0.0	v11.14.0	v11.15.0	v7.4.5 v7.4.6 v7.4.7 v7.4.8 v7.4.10 v.7.4.11		WindowCoverEnum		7b22a6a00	2773	Merge pull request #2773 from microbiomedata/1368-mixs-gsc-migration	
permissible_values	window_cover_enum	curtains	v4.0.0	v11.14.0	v11.15.0	v7.4.5 v7.4.6 v7.4.7 v7.4.8 v7.4.10 v.7.4.11		WindowCoverEnum		7b22a6a00	2773	Merge pull request #2773 from microbiomedata/1368-mixs-gsc-migration	
permissible_values	window_cover_enum	none	v4.0.0	v11.14.0	v11.15.0	v7.4.5 v7.4.6 v7.4.7 v7.4.8 v7.4.10 v.7.4.11		LightTypeEnum SeqQualityCheckEnum WindowCoverEnum		7b22a6a00	2773	Merge pull request #2773 from microbiomedata/1368-mixs-gsc-migration	
permissible_values	window_horiz_pos_enum	left	v4.0.0	v11.14.0	v11.15.0	v7.4.5 v7.4.6 v7.4.7 v7.4.8 v7.4.10 v.7.4.11		WindowHorizPosEnum		7b22a6a00	2773	Merge pull request #2773 from microbiomedata/1368-mixs-gsc-migration	
permissible_values	window_horiz_pos_enum	middle	v4.0.0	v11.14.0	v11.15.0	v7.4.5 v7.4.6 v7.4.7 v7.4.8 v7.4.10 v.7.4.11		WindowHorizPosEnum WindowVertPosEnum		7b22a6a00	2773	Merge pull request #2773 from microbiomedata/1368-mixs-gsc-migration	
permissible_values	window_horiz_pos_enum	right	v4.0.0	v11.14.0	v11.15.0	v7.4.5 v7.4.6 v7.4.7 v7.4.8 v7.4.10 v.7.4.11		WindowHorizPosEnum		7b22a6a00	2773	Merge pull request #2773 from microbiomedata/1368-mixs-gsc-migration	
permissible_values	window_loc_enum	east	v4.0.0	v11.14.0	v11.15.0	v7.4.5 v7.4.6 v7.4.7 v7.4.8 v7.4.10 v.7.4.11		CompassDirections8Enum		7b22a6a00	2773	Merge pull request #2773 from microbiomedata/1368-mixs-gsc-migration	
permissible_values	window_loc_enum	north	v4.0.0	v11.14.0	v11.15.0	v7.4.5 v7.4.6 v7.4.7 v7.4.8 v7.4.10 v.7.4.11		CompassDirections8Enum		7b22a6a00	2773	Merge pull request #2773 from microbiomedata/1368-mixs-gsc-migration	
permissible_values	window_loc_enum	south	v4.0.0	v11.14.0	v11.15.0	v7.4.5 v7.4.6 v7.4.7 v7.4.8 v7.4.10 v.7.4.11		CompassDirections8Enum		7b22a6a00	2773	Merge pull request #2773 from microbiomedata/1368-mixs-gsc-migration	
permissible_values	window_loc_enum	west	v4.0.0	v11.14.0	v11.15.0	v7.4.5 v7.4.6 v7.4.7 v7.4.8 v7.4.10 v.7.4.11		CompassDirections8Enum		7b22a6a00	2773	Merge pull request #2773 from microbiomedata/1368-mixs-gsc-migration	
permissible_values	window_mat_enum	clad	v4.0.0	v11.14.0	v11.15.0	v7.4.5 v7.4.6 v7.4.7 v7.4.8 v7.4.10 v.7.4.11		WindowMatEnum		7b22a6a00	2773	Merge pull request #2773 from microbiomedata/1368-mixs-gsc-migration	
permissible_values	window_mat_enum	fiberglass	v4.0.0	v11.14.0	v11.15.0	v7.4.5 v7.4.6 v7.4.7 v7.4.8 v7.4.10 v.7.4.11		CeilFinishMatEnum DoorMatEnum WindowMatEnum		7b22a6a00	2773	Merge pull request #2773 from microbiomedata/1368-mixs-gsc-migration	
permissible_values	window_mat_enum	metal	v4.0.0	v11.14.0	v11.15.0	v7.4.5 v7.4.6 v7.4.7 v7.4.8 v7.4.10 v.7.4.11		CeilFinishMatEnum DoorMatEnum DoorTypeEnum SurfMaterialEnum WallFinishMatEnum WindowMatEnum		7b22a6a00	2773	Merge pull request #2773 from microbiomedata/1368-mixs-gsc-migration	
permissible_values	window_mat_enum	vinyl	v4.0.0	v11.14.0	v11.15.0	v7.4.5 v7.4.6 v7.4.7 v7.4.8 v7.4.10 v.7.4.11		DoorMatEnum SurfMaterialEnum WindowMatEnum		7b22a6a00	2773	Merge pull request #2773 from microbiomedata/1368-mixs-gsc-migration	
permissible_values	window_mat_enum	wood	v4.0.0	v11.14.0	v11.15.0	v7.4.5 v7.4.6 v7.4.7 v7.4.8 v7.4.10 v.7.4.11		CeilFinishMatEnum DoorMatEnum SurfMaterialEnum WallFinishMatEnum WindowMatEnum		7b22a6a00	2773	Merge pull request #2773 from microbiomedata/1368-mixs-gsc-migration	
permissible_values	window_type_enum	fixed window	v4.0.0	v11.14.0	v11.15.0	v7.4.5 v7.4.6 v7.4.7 v7.4.8 v7.4.10 v.7.4.11		WindowTypeEnum		7b22a6a00	2773	Merge pull request #2773 from microbiomedata/1368-mixs-gsc-migration	
permissible_values	window_type_enum	horizontal sash window	v4.0.0	v11.14.0	v11.15.0	v7.4.5 v7.4.6 v7.4.7 v7.4.8 v7.4.10 v.7.4.11		WindowTypeEnum		7b22a6a00	2773	Merge pull request #2773 from microbiomedata/1368-mixs-gsc-migration	
permissible_values	window_type_enum	single-hung sash window	v4.0.0	v11.14.0	v11.15.0	v7.4.5 v7.4.6 v7.4.7 v7.4.8 v7.4.10 v.7.4.11		WindowTypeEnum		7b22a6a00	2773	Merge pull request #2773 from microbiomedata/1368-mixs-gsc-migration	
permissible_values	window_vert_pos_enum	bottom	v4.0.0	v11.14.0	v11.15.0	v7.4.5 v7.4.6 v7.4.7 v7.4.8 v7.4.10 v.7.4.11		WindowVertPosEnum		7b22a6a00	2773	Merge pull request #2773 from microbiomedata/1368-mixs-gsc-migration	
permissible_values	window_vert_pos_enum	high	v4.0.0	v11.14.0	v11.15.0	v7.4.5 v7.4.6 v7.4.7 v7.4.8 v7.4.10 v.7.4.11		ResolutionCategoryEnum WindowVertPosEnum		7b22a6a00	2773	Merge pull request #2773 from microbiomedata/1368-mixs-gsc-migration	
permissible_values	window_vert_pos_enum	low	v4.0.0	v11.14.0	v11.15.0	v7.4.5 v7.4.6 v7.4.7 v7.4.8 v7.4.10 v.7.4.11		ResolutionCategoryEnum WindowVertPosEnum		7b22a6a00	2773	Merge pull request #2773 from microbiomedata/1368-mixs-gsc-migration	
permissible_values	window_vert_pos_enum	middle	v4.0.0	v11.14.0	v11.15.0	v7.4.5 v7.4.6 v7.4.7 v7.4.8 v7.4.10 v.7.4.11		WindowHorizPosEnum WindowVertPosEnum		7b22a6a00	2773	Merge pull request #2773 from microbiomedata/1368-mixs-gsc-migration	
permissible_values	window_vert_pos_enum	top	v4.0.0	v11.14.0	v11.15.0	v7.4.5 v7.4.6 v7.4.7 v7.4.8 v7.4.10 v.7.4.11		WindowVertPosEnum		7b22a6a00	2773	Merge pull request #2773 from microbiomedata/1368-mixs-gsc-migration	
slots		EMSL_store_temp	2022.06.15.rc1	v6.0.4	v7.0.0		slots:emsl_store_temp			f8e267ac1	457	Merge pull request #457 from microbiomedata/issue-456-lint-names	slots all snake case
slots		GOLD analysis project identifiers	1.0.0	v6.0.4	v7.0.0		slots:gold_analysis_project_identifiers			f8e267ac1	457	Merge pull request #457 from microbiomedata/issue-456-lint-names	slots all snake case
slots		GOLD identifiers	1.0.0	v6.0.4	v7.0.0		slots:gold_identifiers			f8e267ac1	457	Merge pull request #457 from microbiomedata/issue-456-lint-names	slots all snake case
slots		GOLD sample identifiers	1.0.0	v6.0.4	v7.0.0					f8e267ac1	457	Merge pull request #457 from microbiomedata/issue-456-lint-names	slots all snake case
slots		GOLD sequencing project identifiers	1.0.0	v6.0.4	v7.0.0		slots:gold_sequencing_project_identifiers			f8e267ac1	457	Merge pull request #457 from microbiomedata/issue-456-lint-names	slots all snake case
slots		GOLD study identifiers	1.0.0	v6.0.4	v7.0.0		slots:gold_study_identifiers			f8e267ac1	457	Merge pull request #457 from microbiomedata/issue-456-lint-names	slots all snake case
slots		INSDC SRA ENA study identifiers	1.0.0	v6.0.4	v7.0.0		slots:insdc_sra_ena_study_identifiers			f8e267ac1	457	Merge pull request #457 from microbiomedata/issue-456-lint-names	slots all snake case
slots		INSDC analysis identifiers	1.0.0	v6.0.4	v7.0.0		slots:insdc_analysis_identifiers			f8e267ac1	457	Merge pull request #457 from microbiomedata/issue-456-lint-names	slots all snake case
slots		INSDC assembly identifiers	1.0.0	v6.0.4	v7.0.0		slots:insdc_assembly_identifiers			f8e267ac1	457	Merge pull request #457 from microbiomedata/issue-456-lint-names	slots all snake case
slots		INSDC bioproject identifiers	1.0.0	v6.0.4	v7.0.0		slots:insdc_bioproject_identifiers			f8e267ac1	457	Merge pull request #457 from microbiomedata/issue-456-lint-names	slots all snake case
slots		INSDC biosample identifiers	1.0.0	v6.0.4	v7.0.0		slots:insdc_biosample_identifiers			f8e267ac1	457	Merge pull request #457 from microbiomedata/issue-456-lint-names	slots all snake case
slots		INSDC experiment identifiers	1.0.0	v6.0.4	v7.0.0		slots:insdc_experiment_identifiers			f8e267ac1	457	Merge pull request #457 from microbiomedata/issue-456-lint-names	slots all snake case
slots		INSDC identifiers	1.0.0	v6.0.4	v7.0.0		slots:insdc_identifiers			f8e267ac1	457	Merge pull request #457 from microbiomedata/issue-456-lint-names	slots all snake case
slots		INSDC secondary sample identifiers	1.0.0	v6.0.4	v7.0.0		slots:insdc_secondary_sample_identifiers			f8e267ac1	457	Merge pull request #457 from microbiomedata/issue-456-lint-names	slots all snake case
slots		MGnify analysis identifiers	1.0.0	v6.0.4	v7.0.0		slots:mgnify_analysis_identifiers			f8e267ac1	457	Merge pull request #457 from microbiomedata/issue-456-lint-names	slots all snake case
slots		MGnify identifiers	1.0.0	v6.0.4	v7.0.0		slots:mgnify_identifiers			f8e267ac1	457	Merge pull request #457 from microbiomedata/issue-456-lint-names	slots all snake case
slots		MGnify project identifiers	1.0.0	v6.0.4	v7.0.0		slots:mgnify_project_identifiers			f8e267ac1	457	Merge pull request #457 from microbiomedata/issue-456-lint-names	slots all snake case
slots		_16s_recover	1.0.0	v3.2.0	v4.0.0					b1329f552		lock in version 4.0.0	
slots		_16s_recover_software	1.0.0	v3.2.0	v4.0.0					b1329f552		lock in version 4.0.0	
slots		abstract	1.0.0	v7.7.5	v7.7.6					baeca642c	1055	Merge pull request #1055 from microbiomedata/issue340-remove-abstract-slot	remove abstract slot globally from schema
slots		acted on behalf of	1.0.0	v6.0.4	v7.0.0					f8e267ac1	457	Merge pull request #457 from microbiomedata/issue-456-lint-names	slots all snake case
slots		acted_on_behalf_of	v7.0.0	v7.6.0	v7.6.1					2ae40fd5e	964	Merge pull request #964 from microbiomedata/issue-963	#963 plus some schema diet
slots		activity set	1.0.0	v6.0.4	v7.0.0					f8e267ac1	457	Merge pull request #457 from microbiomedata/issue-456-lint-names	slots all snake case
slots		activity_set	v7.0.0	v10.5.4	v10.5.5					156ac291c	2082	Merge pull request #2082 from microbiomedata/2081-remove-workflowexeuctionactivity-as-a-range-for-database-slot-activity_set	Remove activity_set from class Database
slots		activity_speed	v7.0.0	v9.3.1	v9.3.2					630f879e1	1468	Merge pull request #1468 from microbiomedata/1380-create-extractionprocess-class	with extraction solution modeling
slots		activity_temperature	v7.0.0	v9.3.1	v9.3.2					630f879e1	1468	Merge pull request #1468 from microbiomedata/1380-create-extractionprocess-class	with extraction solution modeling
slots		activity_time	v7.0.0	v9.3.1	v9.3.2					630f879e1	1468	Merge pull request #1468 from microbiomedata/1380-create-extractionprocess-class	with extraction solution modeling
slots		all proteins	v6.0.4	v6.0.4	v7.0.0					f8e267ac1	457	Merge pull request #457 from microbiomedata/issue-456-lint-names	slots all snake case
slots		all_proteins	v7.0.0	v11.2.0	v11.2.1				yes	7c5efe575	2272	Merge pull request #2272 from microbiomedata/2257_deprecation_post_11_1	Move ProteinQuantificaiton to deprecated yaml | Move deprecated elements from previous release to deprecated yaml
slots		alternate emails	1.0.0	v6.0.4	v7.0.0					f8e267ac1	457	Merge pull request #457 from microbiomedata/issue-456-lint-names	slots all snake case
slots		alternate_emails	v7.0.0	v10.9.1	v11.0.0					b2fe19945	2195	Merge pull request #2195 from microbiomedata/resolve-merge-conflict-in-nmdc.py	minimal functional chemical_converion_process.yaml
slots		alternative descriptions	1.0.0	v6.0.4	v7.0.0		slots:alternative_descriptions			f8e267ac1	457	Merge pull request #457 from microbiomedata/issue-456-lint-names	slots all snake case
slots		alternative identifiers	1.0.0	v6.0.4	v7.0.0		slots:alternative_identifiers			f8e267ac1	457	Merge pull request #457 from microbiomedata/issue-456-lint-names	slots all snake case
slots		alternative names	1.0.0	v6.0.4	v7.0.0		slots:alternative_names			f8e267ac1	457	Merge pull request #457 from microbiomedata/issue-456-lint-names	slots all snake case
slots		alternative titles	1.0.0	v6.0.4	v7.0.0		slots:alternative_titles			f8e267ac1	457	Merge pull request #457 from microbiomedata/issue-456-lint-names	slots all snake case
slots		ammonium nitrogen	2022.06.15.rc1	v6.0.4	v7.0.0		slots:ammonium_nitrogen			f8e267ac1	457	Merge pull request #457 from microbiomedata/issue-456-lint-names	slots all snake case
slots		amniotic_fluid_color	1.0.0	v3.2.0	v4.0.0					b1329f552		lock in version 4.0.0	
slots		amount_collected	v7.0.0	v9.3.1	v9.3.2					630f879e1	1468	Merge pull request #1468 from microbiomedata/1380-create-extractionprocess-class	with extraction solution modeling
slots		analysis identifiers	1.0.0	v6.0.4	v7.0.0		slots:analysis_identifiers			f8e267ac1	457	Merge pull request #457 from microbiomedata/issue-456-lint-names	slots all snake case
slots		annot	1.0.0	v3.2.0	v4.0.0					b1329f552		lock in version 4.0.0	
slots		applied role	1.0.0	v6.0.4	v7.0.0					f8e267ac1	457	Merge pull request #457 from microbiomedata/issue-456-lint-names	slots all snake case
slots		applied roles	1.0.0	v6.0.4	v7.0.0		slots:applied_roles			f8e267ac1	457	Merge pull request #457 from microbiomedata/issue-456-lint-names	slots all snake case
slots		applied_role	v7.0.0	v9.1.0	v9.2.0					ab7876bcf	1322	Merge pull request #1322 from microbiomedata/1321-delete-all-deprecated-elements-back-to-v900	removed # comments and most deprecated elements
slots		applies to person	1.0.0	v6.0.4	v7.0.0					f8e267ac1	457	Merge pull request #457 from microbiomedata/issue-456-lint-names	slots all snake case
slots		applies_to_person	v7.0.0	v11.23.0	v11.24.0				yes	fb68d9e54	3385	Merge pull request #3385 from microbiomedata/3375-agent-organizationvalue	Rename applies_to_person to applies_to_agent and update valid and invalid data
slots		assembly identifiers	1.0.0	v6.0.4	v7.0.0		slots:assembly_identifiers			f8e267ac1	457	Merge pull request #457 from microbiomedata/issue-456-lint-names	slots all snake case
slots		assembly_name	1.0.0	v3.2.0	v4.0.0					b1329f552		lock in version 4.0.0	
slots		assembly_qual	1.0.0	v3.2.0	v4.0.0					b1329f552		lock in version 4.0.0	
slots		assembly_software	1.0.0	v3.2.0	v4.0.0					b1329f552		lock in version 4.0.0	
slots		attribute	1.0.0	v9.3.1	v9.3.2					7114674dd	1504	Merge pull request #1504 from microbiomedata/1356-whats-the-significance-of-saying-that-a-biosample-slot-is_a-attribute	commented out atrribute defn and usages
slots		award_dois	v7.8.0	v9.1.0	v9.2.0					ab7876bcf	1322	Merge pull request #1322 from microbiomedata/1321-delete-all-deprecated-elements-back-to-v900	removed # comments and most deprecated elements
slots		best protein	v6.0.4	v6.0.4	v7.0.0					f8e267ac1	457	Merge pull request #457 from microbiomedata/issue-456-lint-names	slots all snake case
slots		best_protein	v7.0.0	v11.2.0	v11.2.1				yes	7c5efe575	2272	Merge pull request #2272 from microbiomedata/2257_deprecation_post_11_1	Move ProteinQuantificaiton to deprecated yaml | Move deprecated elements from previous release to deprecated yaml
slots		bin_param	1.0.0	v3.2.0	v4.0.0					b1329f552		lock in version 4.0.0	
slots		bin_software	1.0.0	v3.2.0	v4.0.0					b1329f552		lock in version 4.0.0	
slots		binned contig num	1.0.0	v6.0.4	v7.0.0		slots:binned_contig_num			f8e267ac1	457	Merge pull request #457 from microbiomedata/issue-456-lint-names	slots all snake case
slots		biosample set	1.0.0	v6.0.4	v7.0.0		slots:biosample_set			f8e267ac1	457	Merge pull request #457 from microbiomedata/issue-456-lint-names	slots all snake case
slots		biosample_input	v7.0.0	v7.6.0	v7.6.1					739b5e02c	967	Merge pull request #967 from microbiomedata/issue-963	import and prefix cleanup etc.
slots		birth_control	1.0.0	v3.2.0	v4.0.0					b1329f552		lock in version 4.0.0	
slots		blood_blood_disord	1.0.0	v3.2.0	v4.0.0					b1329f552		lock in version 4.0.0	
slots		canary	v6.0.2	v9.0.0	v9.0.4					d4817d348	1282	Merge pull request #1282 from microbiomedata/1279-add-looping-over-migrations-to-pure-migration	RDF/TTL convertion in DOIs OK wiht required and rules off
slots		chem_treatment_method	1.0.0	v3.2.0	v4.0.0					b1329f552		lock in version 4.0.0	
slots		chemical	v7.0.0	v10.9.1	v11.0.0					b2fe19945	2195	Merge pull request #2195 from microbiomedata/resolve-merge-conflict-in-nmdc.py	delete all Reaction only elements
slots		chemical formula	v6.0.4	v6.0.4	v7.0.0		slots:chemical_formula			f8e267ac1	457	Merge pull request #457 from microbiomedata/issue-456-lint-names	slots all snake case
slots		chemical_entity_set	v11.0.0	v11.17.0-rc.2	v11.17.0-rc.3				yes	7f4b1b358	2827	Merge pull request #2827 from microbiomedata/2826_move_abandoned_deprecated_slots	Moves deprecated elements per deprecation guide Closes #2826 and Closes #2725
slots		collected_into	v7.0.0	v9.3.1	v9.3.2					630f879e1	1468	Merge pull request #1468 from microbiomedata/1380-create-extractionprocess-class	with extraction solution modeling
slots		collection_date_inc	2022.06.15.rc1	v11.23.0	v11.24.0				yes	9c1a1914d	3370	Merge pull request #3370 from microbiomedata/Deprecate-collection-date-inc	Move `collection_date_inc` to `deprecated.yaml`, remove references to `collection_date_inc`
slots		compl_appr	1.0.0	v3.2.0	v4.0.0					b1329f552		lock in version 4.0.0	
slots		compl_score	1.0.0	v3.2.0	v4.0.0					b1329f552		lock in version 4.0.0	
slots		compl_software	1.0.0	v3.2.0	v4.0.0					b1329f552		lock in version 4.0.0	
slots		compound	v9.3.0	v10.9.1	v11.0.0					b2fe19945	2195	Merge pull request #2195 from microbiomedata/resolve-merge-conflict-in-nmdc.py	builds due to bypassed test and examples | minimal functional chemical_converion_process.yaml
slots		compression type	1.0.0	v6.0.4	v7.0.0		slots:compression_type			f8e267ac1	457	Merge pull request #457 from microbiomedata/issue-456-lint-names	slots all snake case
slots		container_type	v7.0.0	v9.1.0	v9.2.0					7568fa849	1326	Merge pull request #1326 from microbiomedata/1325-add-filtration-and-phase-separation-classes	Working meeting updates, filtration, conditioning | Working meeting updates, filtration, conditioning
slots		contam_score	1.0.0	v3.2.0	v4.0.0					b1329f552		lock in version 4.0.0	
slots		contam_screen_input	1.0.0	v3.2.0	v4.0.0					b1329f552		lock in version 4.0.0	
slots		contam_screen_param	1.0.0	v3.2.0	v4.0.0					b1329f552		lock in version 4.0.0	
slots		core field	v4.0.0	v11.14.0	v11.15.0	v7.0.0 v7.1.0 v7.1.1 v7.1.2 v7.1.3 v7.1.4 v7.1.5 v7.1.6 v7.2.0 v7.3.0 v7.4.0 v7.4.1 v7.4.2 v7.4.3 v7.4.4			yes	7b22a6a00	2773	Merge pull request #2773 from microbiomedata/1368-mixs-gsc-migration	aligned wiht current GSC main
slots		core_field	v7.0.0	v7.4.4	v7.4.5					d306c36e3	707	Merge pull request #707 from microbiomedata/biosample-usage	matching subsetted mixs slots and example data
slots		ctg_L50	1.0.0	v6.0.4	v7.0.0		slots:ctg_l50			f8e267ac1	457	Merge pull request #457 from microbiomedata/issue-456-lint-names	slots all snake case
slots		ctg_L90	1.0.0	v6.0.4	v7.0.0		slots:ctg_l90			f8e267ac1	457	Merge pull request #457 from microbiomedata/issue-456-lint-names	slots all snake case
slots		ctg_N50	1.0.0	v6.0.4	v7.0.0		slots:ctg_n50			f8e267ac1	457	Merge pull request #457 from microbiomedata/issue-456-lint-names	slots all snake case
slots		ctg_N90	1.0.0	v6.0.4	v7.0.0		slots:ctg_n90			f8e267ac1	457	Merge pull request #457 from microbiomedata/issue-456-lint-names	slots all snake case
slots		data object set	1.0.0	v6.0.4	v7.0.0		slots:data_object_set			f8e267ac1	457	Merge pull request #457 from microbiomedata/issue-456-lint-names	slots all snake case
slots		data object type	1.0.0	v6.0.4	v7.0.0		slots:data_object_type			f8e267ac1	457	Merge pull request #457 from microbiomedata/issue-456-lint-names	slots all snake case
slots		dataset_dois	v7.8.0	v9.1.0	v9.2.0					ab7876bcf	1322	Merge pull request #1322 from microbiomedata/1321-delete-all-deprecated-elements-back-to-v900	removed # comments and most deprecated elements
slots		decontam_software	1.0.0	v3.2.0	v4.0.0					b1329f552		lock in version 4.0.0	
slots		depth2	1.0.0	v7.0.0	v7.1.0					3f16ee228	529	Merge pull request #529 from microbiomedata/issue-527-schema-7plus	schema changes only
slots		dermatology_disord	1.0.0	v3.2.0	v4.0.0					b1329f552		lock in version 4.0.0	
slots		designated_class	v8.1.1	v10.9.1	v11.0.0					b2fe19945	2195	Merge pull request #2195 from microbiomedata/resolve-merge-conflict-in-nmdc.py	minimal functional chemical_converion_process.yaml | partial type refactoring
slots		detec_type	1.0.0	v3.2.0	v4.0.0					b1329f552		lock in version 4.0.0	
slots		device_type	v7.0.0	v9.3.1	v9.3.2					630f879e1	1468	Merge pull request #1468 from microbiomedata/1380-create-extractionprocess-class	with extraction solution modeling
slots		diet_last_six_month	1.0.0	v3.2.0	v4.0.0					b1329f552		lock in version 4.0.0	
slots		direct_infusion_category	v11.0.0	v11.0.3	v11.1.0				yes	70392d899	2248	Merge pull request #2248 from microbiomedata/Remove-direct_infusion_category-and-directinfusionenum-#2234	removed direct_infusion_category and DirectInfusionEnum from  v10-vsv11-retrospective.md and basic_slots.yaml
slots		direction	v6.0.4	v10.9.1	v11.0.0					b2fe19945	2195	Merge pull request #2195 from microbiomedata/resolve-merge-conflict-in-nmdc.py	delete all Reaction only elements
slots		display order	1.0.0	v6.0.4	v7.0.0		slots:display_order			f8e267ac1	457	Merge pull request #457 from microbiomedata/issue-456-lint-names	slots all snake case
slots		dissolution_aided_by	v7.0.0	v9.1.0	v9.2.0					82115c753	1332	Merge pull request #1332 from microbiomedata/1331-delete-all-instrumentdevice-classes-and-start-over-distinguishing-between-namedanonymous	start by removing LabDevice, Instrument and InstrumentValue
slots		dissolution_reagent	v7.0.0	v9.3.1	v9.3.2					630f879e1	1468	Merge pull request #1468 from microbiomedata/1380-create-extractionprocess-class	with extraction solution modeling
slots		dissolution_volume	v7.0.0	v9.3.1	v9.3.2					630f879e1	1468	Merge pull request #1468 from microbiomedata/1380-create-extractionprocess-class	with extraction solution modeling
slots		dissolved_in	v7.0.0	v9.3.1	v9.3.2					630f879e1	1468	Merge pull request #1468 from microbiomedata/1380-create-extractionprocess-class	with extraction solution modeling
slots		dissolving_activity_set	v7.0.0	v9.3.1	v9.3.2					630f879e1	1468	Merge pull request #1468 from microbiomedata/1380-create-extractionprocess-class	with extraction solution modeling
slots		dna_collect_site	2022.06.15.rc1	v11.17.0-rc.2	v11.17.0-rc.3				yes	7f4b1b358	2827	Merge pull request #2827 from microbiomedata/2826_move_abandoned_deprecated_slots	Remove bindings to deprecated slots and update valid examples | Moves deprecated elements per deprecation guide Closes #2826 and Closes #2725
slots		dna_cont_type	2022.06.15.rc1	v11.10.0	v11.11.0				yes	0fb8d0b9d	2607	Merge pull request #2607 from microbiomedata/1937-remove-jgi-only-slots	final missing slots | remove dna and rna well and plate rules
slots		dna_cont_well	2022.06.15.rc1	v11.10.0	v11.11.0				yes	0fb8d0b9d	2607	Merge pull request #2607 from microbiomedata/1937-remove-jgi-only-slots	final missing slots | remove dna and rna well and plate rules
slots		dna_container_ID	2022.06.15.rc1	v6.0.4	v7.0.0					f8e267ac1	457	Merge pull request #457 from microbiomedata/issue-456-lint-names	slots all snake case
slots		dna_container_id	v7.0.0	v11.10.0	v11.11.0				yes	0fb8d0b9d	2607	Merge pull request #2607 from microbiomedata/1937-remove-jgi-only-slots	final missing slots
slots		dna_dnase	2022.06.15.rc1	v11.10.0	v11.11.0				yes	0fb8d0b9d	2607	Merge pull request #2607 from microbiomedata/1937-remove-jgi-only-slots	final missing slots
slots		dna_organisms	2022.06.15.rc1	v11.17.0-rc.2	v11.17.0-rc.3				yes	7f4b1b358	2827	Merge pull request #2827 from microbiomedata/2826_move_abandoned_deprecated_slots	Remove bindings to deprecated slots and update valid examples | Moves deprecated elements per deprecation guide Closes #2826 and Closes #2725
slots		dna_project_contact	2022.06.15.rc1	v11.10.0	v11.11.0				yes	0fb8d0b9d	2607	Merge pull request #2607 from microbiomedata/1937-remove-jgi-only-slots	final missing slots
slots		dna_samp_ID	2022.06.15.rc1	v6.0.4	v7.0.0					f8e267ac1	457	Merge pull request #457 from microbiomedata/issue-456-lint-names	slots all snake case
slots		dna_samp_id	v7.0.0	v11.10.0	v11.11.0				yes	0fb8d0b9d	2607	Merge pull request #2607 from microbiomedata/1937-remove-jgi-only-slots	final missing slots
slots		dna_sample_format	2022.06.15.rc1	v11.10.0	v11.11.0				yes	0fb8d0b9d	2607	Merge pull request #2607 from microbiomedata/1937-remove-jgi-only-slots	final missing slots
slots		dna_sample_name	2022.06.15.rc1	v11.10.0	v11.11.0				yes	0fb8d0b9d	2607	Merge pull request #2607 from microbiomedata/1937-remove-jgi-only-slots	final missing slots
slots		dna_seq_project	2022.06.15.rc1	v11.10.0	v11.11.0				yes	0fb8d0b9d	2607	Merge pull request #2607 from microbiomedata/1937-remove-jgi-only-slots	final missing slots
slots		dna_seq_project_PI	2022.06.15.rc1	v6.0.4	v7.0.0					f8e267ac1	457	Merge pull request #457 from microbiomedata/issue-456-lint-names	slots all snake case
slots		dna_seq_project_name	2022.06.15.rc1	v11.10.0	v11.11.0				yes	0fb8d0b9d	2607	Merge pull request #2607 from microbiomedata/1937-remove-jgi-only-slots	final missing slots
slots		dna_seq_project_pi	v7.0.0	v11.10.0	v11.11.0				yes	0fb8d0b9d	2607	Merge pull request #2607 from microbiomedata/1937-remove-jgi-only-slots	final missing slots
slots		dna_volume	2022.06.15.rc1	v11.10.0	v11.11.0				yes	0fb8d0b9d	2607	Merge pull request #2607 from microbiomedata/1937-remove-jgi-only-slots	final missing slots
slots		dnase_rna	2022.06.15.rc1	v11.10.0	v11.11.0				yes	0fb8d0b9d	2607	Merge pull request #2607 from microbiomedata/1937-remove-jgi-only-slots	examples
slots		doi	1.0.0	v7.7.6	v7.8.0		classes:Doi			19ba66534	1074	Merge pull request #1074 from microbiomedata/issue-1070-content-from-mongo	retire doi, created dois and subproperties
slots		dois	v7.8.0	v9.1.0	v9.2.0					ab7876bcf	1322	Merge pull request #1322 from microbiomedata/1321-delete-all-deprecated-elements-back-to-v900	deleted deprecated dois slot
slots		dominant_hand	1.0.0	v3.2.0	v4.0.0					b1329f552		lock in version 4.0.0	
slots		douche	1.0.0	v3.2.0	v4.0.0					b1329f552		lock in version 4.0.0	
slots		drug_usage	1.0.0	v3.2.0	v4.0.0					b1329f552		lock in version 4.0.0	
slots		emsl_project_dois	v7.6.1	v9.1.0	v9.2.0					ab7876bcf	1322	Merge pull request #1322 from microbiomedata/1321-delete-all-deprecated-elements-back-to-v900	removed # comments and most deprecated elements
slots		emsl_project_identifier	v7.1.0	v7.6.0	v7.6.1					132ee89a6	974	Merge pull request #974 from microbiomedata/issue-927-emsl-ids-supplement	for #927
slots		emsl_proposal_doi	v7.1.0	v7.6.0	v7.6.1					132ee89a6	974	Merge pull request #974 from microbiomedata/issue-927-emsl-ids-supplement	for #927
slots		emsl_proposal_identifier	v7.1.0	v7.6.0	v7.6.1					132ee89a6	974	Merge pull request #974 from microbiomedata/issue-927-emsl-ids-supplement	for #927
slots		encoded_traits	1.0.0	v3.2.0	v4.0.0					b1329f552		lock in version 4.0.0	
slots		ended at time	1.0.0	v6.0.4	v7.0.0		slots:ended_at_time			f8e267ac1	457	Merge pull request #457 from microbiomedata/issue-456-lint-names	slots all snake case
slots		environment field	v4.0.0	v11.14.0	v11.15.0	v7.0.0 v7.1.0 v7.1.1 v7.1.2 v7.1.3 v7.1.4 v7.1.5 v7.1.6 v7.2.0 v7.3.0 v7.4.0 v7.4.1 v7.4.2 v7.4.3 v7.4.4			yes	7b22a6a00	2773	Merge pull request #2773 from microbiomedata/1368-mixs-gsc-migration	aligned wiht current GSC main
slots		environment_field	v7.0.0	v7.4.4	v7.4.5					d306c36e3	707	Merge pull request #707 from microbiomedata/biosample-usage	matching subsetted mixs slots and example data
slots		ess dive datasets	1.0.0	v6.0.4	v7.0.0					f8e267ac1	457	Merge pull request #457 from microbiomedata/issue-456-lint-names	slots all snake case
slots		ess_dive_datasets	v7.0.0	v9.1.0	v9.2.0					ab7876bcf	1322	Merge pull request #1322 from microbiomedata/1321-delete-all-deprecated-elements-back-to-v900	removed # comments and most deprecated elements
slots		execution resource	1.0.0	v6.0.4	v7.0.0		slots:execution_resource			f8e267ac1	457	Merge pull request #457 from microbiomedata/issue-456-lint-names	slots all snake case
slots		external database identifiers	1.0.0	v6.0.4	v7.0.0		slots:external_database_identifiers			f8e267ac1	457	Merge pull request #457 from microbiomedata/issue-456-lint-names	slots all snake case
slots		extrachrom_elements	1.0.0	v3.2.0	v4.0.0					b1329f552		lock in version 4.0.0	
slots		extractant	v9.3.0	v10.9.1	v11.0.0					b2fe19945	2195	Merge pull request #2195 from microbiomedata/resolve-merge-conflict-in-nmdc.py	builds due to bypassed test and examples
slots		extraction_method	v7.6.0	v10.9.1	v11.0.0					b2fe19945	2195	Merge pull request #2195 from microbiomedata/resolve-merge-conflict-in-nmdc.py	update based on ProtocolExecution
slots		extraction_set	v7.6.0	v10.9.1	v11.0.0					b2fe19945	2195	Merge pull request #2195 from microbiomedata/resolve-merge-conflict-in-nmdc.py	"Changes to Database slot values, one slot per PlannedProcess subclass | Removed a modified nmdc.yaml from pull request, no change | create migrator and schema changes to remove used slot | Revert ""add enum, overwrote the file"" | add enum"
slots		extraction_target	v7.6.0	v10.9.1	v11.0.0					b2fe19945	2195	Merge pull request #2195 from microbiomedata/resolve-merge-conflict-in-nmdc.py	Modify extraction_target slot and add migrator
slots		extreme_salinity	1.0.0	v3.2.0	v4.0.0					b1329f552		lock in version 4.0.0	
slots		feat_pred	1.0.0	v3.2.0	v4.0.0					b1329f552		lock in version 4.0.0	
slots		feature type	v6.0.4	v6.0.4	v7.0.0		slots:feature_type			f8e267ac1	457	Merge pull request #457 from microbiomedata/issue-456-lint-names	slots all snake case
slots		file size bytes	1.0.0	v6.0.4	v7.0.0		slots:file_size_bytes			f8e267ac1	457	Merge pull request #457 from microbiomedata/issue-456-lint-names	slots all snake case
slots		foetal_health_stat	1.0.0	v3.2.0	v4.0.0					b1329f552		lock in version 4.0.0	
slots		functional annotation set	1.0.0	v6.0.4	v7.0.0		slots:functional_annotation_set			f8e267ac1	457	Merge pull request #457 from microbiomedata/issue-456-lint-names	slots all snake case
slots		funding sources	1.0.0	v6.0.4	v7.0.0		slots:funding_sources			f8e267ac1	457	Merge pull request #457 from microbiomedata/issue-456-lint-names	slots all snake case
slots		gastrointest_disord	1.0.0	v3.2.0	v4.0.0					b1329f552		lock in version 4.0.0	
slots		genome feature set	1.0.0	v6.0.4	v7.0.0		slots:genome_feature_set			f8e267ac1	457	Merge pull request #457 from microbiomedata/issue-456-lint-names	slots all snake case
slots		gestation_state	1.0.0	v3.2.0	v4.0.0					b1329f552		lock in version 4.0.0	
slots		gff coordinate	1.0.0	v6.0.4	v7.0.0		slots:gff_coordinate			f8e267ac1	457	Merge pull request #457 from microbiomedata/issue-456-lint-names	slots all snake case
slots		git url	1.0.0	v6.0.4	v7.0.0		slots:git_url			f8e267ac1	457	Merge pull request #457 from microbiomedata/issue-456-lint-names	slots all snake case
slots		gold_sample_identifiers	v7.0.0	v7.0.0	v7.1.0					3f16ee228	529	Merge pull request #529 from microbiomedata/issue-527-schema-7plus	tests updated to match updated schema
slots		gynecologic_disord	1.0.0	v3.2.0	v4.0.0					b1329f552		lock in version 4.0.0	
slots		has boolean value	1.0.0	v6.0.4	v7.0.0		slots:has_boolean_value			f8e267ac1	457	Merge pull request #457 from microbiomedata/issue-456-lint-names	slots all snake case
slots		has calibration	v6.0.4	v6.0.4	v7.0.0					f8e267ac1	457	Merge pull request #457 from microbiomedata/issue-456-lint-names	slots all snake case
slots		has credit associations	1.0.0	v6.0.4	v7.0.0		slots:has_credit_associations			f8e267ac1	457	Merge pull request #457 from microbiomedata/issue-456-lint-names	slots all snake case
slots		has function	1.0.0	v6.0.4	v7.0.0		slots:has_function			f8e267ac1	457	Merge pull request #457 from microbiomedata/issue-456-lint-names	slots all snake case
slots		has input	1.0.0	v6.0.4	v7.0.0		slots:has_input			f8e267ac1	457	Merge pull request #457 from microbiomedata/issue-456-lint-names	slots all snake case
slots		has maximum numeric value	1.0.0	v6.0.4	v7.0.0		slots:has_maximum_numeric_value			f8e267ac1	457	Merge pull request #457 from microbiomedata/issue-456-lint-names	slots all snake case
slots		has metabolite quantifications	v6.0.4	v6.0.4	v7.0.0					f8e267ac1	457	Merge pull request #457 from microbiomedata/issue-456-lint-names	slots all snake case
slots		has minimum numeric value	1.0.0	v6.0.4	v7.0.0		slots:has_minimum_numeric_value			f8e267ac1	457	Merge pull request #457 from microbiomedata/issue-456-lint-names	slots all snake case
slots		has numeric value	1.0.0	v10.0.0	v10.1.0	v7.0.0 v7.1.0 v7.1.1 v7.1.2 v7.1.3 v7.1.4 v7.1.5 v7.1.6 v7.2.0 v7.3.0 v7.4.0 v7.4.1 v7.4.2 v7.4.3 v7.4.4	slots:has_numeric_value			514698017	1738	Merge pull request #1738 from microbiomedata/1735-referential-ineggrity-checking-of-napa-squads-mongodb-via-sparql-in-fuseki	no type definitions in mixs.yaml
slots		has output	1.0.0	v6.0.4	v7.0.0		slots:has_output			f8e267ac1	457	Merge pull request #457 from microbiomedata/issue-456-lint-names	slots all snake case
slots		has participants	1.0.0	v6.0.4	v7.0.0					f8e267ac1	457	Merge pull request #457 from microbiomedata/issue-456-lint-names	slots all snake case
slots		has raw value	1.0.0	v10.0.0	v10.1.0	v7.0.0 v7.1.0 v7.1.1 v7.1.2 v7.1.3 v7.1.4 v7.1.5 v7.1.6 v7.2.0 v7.3.0 v7.4.0 v7.4.1 v7.4.2 v7.4.3 v7.4.4	slots:has_raw_value			514698017	1738	Merge pull request #1738 from microbiomedata/1735-referential-ineggrity-checking-of-napa-squads-mongodb-via-sparql-in-fuseki	no type definitions in mixs.yaml
slots		has unit	1.0.0	v10.0.0	v10.1.0	v7.0.0 v7.1.0 v7.1.1 v7.1.2 v7.1.3 v7.1.4 v7.1.5 v7.1.6 v7.2.0 v7.3.0 v7.4.0 v7.4.1 v7.4.2 v7.4.3 v7.4.4	slots:has_unit			514698017	1738	Merge pull request #1738 from microbiomedata/1735-referential-ineggrity-checking-of-napa-squads-mongodb-via-sparql-in-fuseki	no type definitions in mixs.yaml
slots		has_calibration	v7.0.0	v11.2.0	v11.2.1				yes	cc5f22a69	2282	Merge pull request #2282 from microbiomedata/nom_calibration_example	updates to calibration modeling
slots		has_inputs	v7.1.0	v7.5.0	v7.6.0					f69773c17		singular has_input/output	
slots		has_metabolite_quantifications	v7.0.0	v10.9.1	v11.0.0					b2fe19945	2195	Merge pull request #2195 from microbiomedata/resolve-merge-conflict-in-nmdc.py	change metabolitequant to metaboliteident
slots		has_outputs	v7.1.0	v7.5.0	v7.6.0					f69773c17		singular has_input/output	
slots		has_part	v7.0.0	v10.9.1	v11.0.0					b2fe19945	2195	Merge pull request #2195 from microbiomedata/resolve-merge-conflict-in-nmdc.py	delete Reaction aka BiochemicalReaction
slots		has_participants	v7.0.0	v10.9.1	v11.0.0					b2fe19945	2195	Merge pull request #2195 from microbiomedata/resolve-merge-conflict-in-nmdc.py	delete all Reaction only elements
slots		has_peptide_quantifications	v7.0.0	v11.2.0	v11.2.1				yes	7c5efe575	2272	Merge pull request #2272 from microbiomedata/2257_deprecation_post_11_1	Move deprecated elements from previous release to deprecated yaml
slots		has_process_parts	v11.0.0	v11.5.0	v11.5.1				yes	65765641f	2359	Merge pull request #2359 from microbiomedata/2337-move-protocolexecution-to-deprecatedyaml-after-the-next-release-1140	move protocolexecution info to deprecated see pr2338
slots		has_solution_components	v9.3.0	v10.9.1	v11.0.0					b2fe19945	2195	Merge pull request #2195 from microbiomedata/resolve-merge-conflict-in-nmdc.py	builds due to bypassed test and examples | minimal functional chemical_converion_process.yaml
slots		health_disease_stat	1.0.0	v3.2.0	v4.0.0					b1329f552		lock in version 4.0.0	
slots		heat_system_deliv_meth	1.0.0	v3.2.0	v4.0.0					b1329f552		lock in version 4.0.0	
slots		highest similarity score	v6.0.4	v6.0.4	v7.0.0		slots:highest_similarity_score			f8e267ac1	457	Merge pull request #457 from microbiomedata/issue-456-lint-names	slots all snake case
slots		horizon	1.0.0	v7.0.0	v7.1.0					3f16ee228	529	Merge pull request #529 from microbiomedata/issue-527-schema-7plus	schema changes only
slots		host_blood_press_diast	1.0.0	v3.2.0	v4.0.0					b1329f552		lock in version 4.0.0	
slots		host_blood_press_syst	1.0.0	v3.2.0	v4.0.0					b1329f552		lock in version 4.0.0	
slots		host_body_mass_index	1.0.0	v3.2.0	v4.0.0					b1329f552		lock in version 4.0.0	
slots		host_family_relationship	1.0.0	v3.2.0	v4.0.0					b1329f552		lock in version 4.0.0	
slots		host_hiv_stat	1.0.0	v3.2.0	v4.0.0					b1329f552		lock in version 4.0.0	
slots		host_infra_specific_name	1.0.0	v3.2.0	v4.0.0					b1329f552		lock in version 4.0.0	
slots		host_infra_specific_rank	1.0.0	v3.2.0	v4.0.0					b1329f552		lock in version 4.0.0	
slots		host_occupation	1.0.0	v3.2.0	v4.0.0					b1329f552		lock in version 4.0.0	
slots		host_pred_appr	1.0.0	v3.2.0	v4.0.0					b1329f552		lock in version 4.0.0	
slots		host_pred_est_acc	1.0.0	v3.2.0	v4.0.0					b1329f552		lock in version 4.0.0	
slots		host_pulse	1.0.0	v3.2.0	v4.0.0					b1329f552		lock in version 4.0.0	
slots		host_spec_range	1.0.0	v3.2.0	v4.0.0					b1329f552		lock in version 4.0.0	
slots		hrt	1.0.0	v3.2.0	v4.0.0					b1329f552		lock in version 4.0.0	
slots		hysterectomy	1.0.0	v3.2.0	v4.0.0					b1329f552		lock in version 4.0.0	
slots		identifier	1.0.0	v7.0.0	v7.1.0					3f16ee228	529	Merge pull request #529 from microbiomedata/issue-527-schema-7plus	tests updated to match updated schema
slots		ihmc_ethnicity	1.0.0	v3.2.0	v4.0.0					b1329f552		lock in version 4.0.0	
slots		ihmc_medication_code	1.0.0	v3.2.0	v4.0.0					b1329f552		lock in version 4.0.0	
slots		inchi	v6.0.4	v11.17.0-rc.2	v11.17.0-rc.3				yes	7f4b1b358	2827	Merge pull request #2827 from microbiomedata/2826_move_abandoned_deprecated_slots	Moves deprecated elements per deprecation guide Closes #2826 and Closes #2725
slots		inchi key	v6.0.4	v6.0.4	v7.0.0					f8e267ac1	457	Merge pull request #457 from microbiomedata/issue-456-lint-names	slots all snake case
slots		inchi_key	v7.0.0	v11.17.0-rc.2	v11.17.0-rc.3				yes	7f4b1b358	2827	Merge pull request #2827 from microbiomedata/2826_move_abandoned_deprecated_slots	Moves deprecated elements per deprecation guide Closes #2826 and Closes #2725
slots		input base count	1.0.0	v6.0.4	v7.0.0		slots:input_base_count			f8e267ac1	457	Merge pull request #457 from microbiomedata/issue-456-lint-names	slots all snake case
slots		input contig num	1.0.0	v6.0.4	v7.0.0		slots:input_contig_num			f8e267ac1	457	Merge pull request #457 from microbiomedata/issue-456-lint-names	slots all snake case
slots		input read count	1.0.0	v6.0.4	v7.0.0		slots:input_read_count			f8e267ac1	457	Merge pull request #457 from microbiomedata/issue-456-lint-names	slots all snake case
slots		instrument_name	1.0.0	v10.9.1	v11.0.0					b2fe19945	2195	Merge pull request #2195 from microbiomedata/resolve-merge-conflict-in-nmdc.py	all but Database-img_mg_annotation_objects.yaml | Update basic_slots.yaml
slots		investigation field	v4.0.0	v11.14.0	v11.15.0	v7.0.0 v7.1.0 v7.1.1 v7.1.2 v7.1.3 v7.1.4 v7.1.5 v7.1.6 v7.2.0 v7.4.0 v7.4.1 v7.4.2 v7.4.3 v7.4.4			yes	7b22a6a00	2773	Merge pull request #2773 from microbiomedata/1368-mixs-gsc-migration	aligned wiht current GSC main
slots		investigation_field	v7.0.0	v7.4.4	v7.4.5					d306c36e3	707	Merge pull request #707 from microbiomedata/biosample-usage	matching subsetted mixs slots and example data
slots		investigation_type	1.0.0	v3.2.0	v4.0.0					b1329f552		lock in version 4.0.0	
slots		is balanced	v6.0.4	v6.0.4	v7.0.0					f8e267ac1	457	Merge pull request #457 from microbiomedata/issue-456-lint-names	slots all snake case
slots		is diastereoselective	v6.0.4	v6.0.4	v7.0.0					f8e267ac1	457	Merge pull request #457 from microbiomedata/issue-456-lint-names	slots all snake case
slots		is fully characterized	v6.0.4	v6.0.4	v7.0.0					f8e267ac1	457	Merge pull request #457 from microbiomedata/issue-456-lint-names	slots all snake case
slots		is stereo	v6.0.4	v6.0.4	v7.0.0					f8e267ac1	457	Merge pull request #457 from microbiomedata/issue-456-lint-names	slots all snake case
slots		is transport	v6.0.4	v6.0.4	v7.0.0					f8e267ac1	457	Merge pull request #457 from microbiomedata/issue-456-lint-names	slots all snake case
slots		is_balanced	v7.0.0	v10.9.1	v11.0.0					b2fe19945	2195	Merge pull request #2195 from microbiomedata/resolve-merge-conflict-in-nmdc.py	delete all Reaction only elements
slots		is_diastereoselective	v7.0.0	v10.9.1	v11.0.0					b2fe19945	2195	Merge pull request #2195 from microbiomedata/resolve-merge-conflict-in-nmdc.py	delete all Reaction only elements
slots		is_fully_characterized	v7.0.0	v10.9.1	v11.0.0					b2fe19945	2195	Merge pull request #2195 from microbiomedata/resolve-merge-conflict-in-nmdc.py	delete all Reaction only elements
slots		is_stereo	v7.0.0	v10.9.1	v11.0.0					b2fe19945	2195	Merge pull request #2195 from microbiomedata/resolve-merge-conflict-in-nmdc.py	delete all Reaction only elements
slots		is_transport	v7.0.0	v10.9.1	v11.0.0					b2fe19945	2195	Merge pull request #2195 from microbiomedata/resolve-merge-conflict-in-nmdc.py	delete all Reaction only elements
slots		keywords	1.0.0	v10.9.1	v11.0.0					b2fe19945	2195	Merge pull request #2195 from microbiomedata/resolve-merge-conflict-in-nmdc.py	minimal functional chemical_converion_process.yaml
slots		kidney_disord	1.0.0	v3.2.0	v4.0.0					b1329f552		lock in version 4.0.0	
slots		left participants	v6.0.4	v6.0.4	v7.0.0					f8e267ac1	457	Merge pull request #457 from microbiomedata/issue-456-lint-names	slots all snake case
slots		left_participants	v7.0.0	v10.9.1	v11.0.0					b2fe19945	2195	Merge pull request #2195 from microbiomedata/resolve-merge-conflict-in-nmdc.py	delete all Reaction only elements
slots		lib_reads_seqd	1.0.0	v3.2.0	v4.0.0					b1329f552		lock in version 4.0.0	
slots		lib_screen	1.0.0	v3.2.0	v4.0.0					b1329f552		lock in version 4.0.0	
slots		lib_size	1.0.0	v3.2.0	v4.0.0					b1329f552		lock in version 4.0.0	
slots		lib_vector	1.0.0	v3.2.0	v4.0.0					b1329f552		lock in version 4.0.0	
slots		library_preparation_set	v7.6.0	v10.9.1	v11.0.0					b2fe19945	2195	Merge pull request #2195 from microbiomedata/resolve-merge-conflict-in-nmdc.py	"Changes to Database slot values, one slot per PlannedProcess subclass | Removed a modified nmdc.yaml from pull request, no change | create migrator and schema changes to remove used slot | Revert ""add enum, overwrote the file"" | add enum"
slots		liver_disord	1.0.0	v3.2.0	v4.0.0					b1329f552		lock in version 4.0.0	
slots		lowDepth contig num	1.0.0	v6.0.4	v7.0.0		slots:low_depth_contig_num			f8e267ac1	457	Merge pull request #457 from microbiomedata/issue-456-lint-names	slots all snake case
slots		mag_cov_software	1.0.0	v3.2.0	v4.0.0					b1329f552		lock in version 4.0.0	
slots		mags activity set	1.0.0	v6.0.4	v7.0.0					f8e267ac1	457	Merge pull request #457 from microbiomedata/issue-456-lint-names	slots all snake case
slots		mags list	1.0.0	v6.0.4	v7.0.0		slots:mags_list			f8e267ac1	457	Merge pull request #457 from microbiomedata/issue-456-lint-names	slots all snake case
slots		mags_activity_set	v7.0.0	v10.9.1	v11.0.0					b2fe19945	2195	Merge pull request #2195 from microbiomedata/resolve-merge-conflict-in-nmdc.py	problem tests remain | change mags_activity_set to mags_set
slots		massive_identifiers	v7.4.0	v9.1.0	v9.2.0					ab7876bcf	1322	Merge pull request #1322 from microbiomedata/1321-delete-all-deprecated-elements-back-to-v900	removed # comments and most deprecated elements
slots		massive_study_identifiers	v7.4.0	v9.1.0	v9.2.0					ab7876bcf	1322	Merge pull request #1322 from microbiomedata/1321-delete-all-deprecated-elements-back-to-v900	pattern not required for massive DOIs
slots		material_input	v7.0.0	v9.3.1	v9.3.2					630f879e1	1468	Merge pull request #1468 from microbiomedata/1380-create-extractionprocess-class	with extraction solution modeling
slots		material_output	v7.0.0	v9.3.1	v9.3.2					630f879e1	1468	Merge pull request #1468 from microbiomedata/1380-create-extractionprocess-class	with extraction solution modeling
slots		material_sample_set	v7.0.0	v9.3.1	v9.3.2					630f879e1	1468	Merge pull request #1468 from microbiomedata/1380-create-extractionprocess-class	with extraction solution modeling
slots		material_sampling_activity_set	v7.0.0	v9.3.1	v9.3.2					630f879e1	1468	Merge pull request #1468 from microbiomedata/1380-create-extractionprocess-class	with extraction solution modeling
slots		maternal_health_stat	1.0.0	v3.2.0	v4.0.0					b1329f552		lock in version 4.0.0	
slots		md5 checksum	1.0.0	v6.0.4	v7.0.0		slots:md5_checksum			f8e267ac1	457	Merge pull request #457 from microbiomedata/issue-456-lint-names	slots all snake case
slots		medic_hist_perform	1.0.0	v3.2.0	v4.0.0					b1329f552		lock in version 4.0.0	
slots		menarche	1.0.0	v3.2.0	v4.0.0					b1329f552		lock in version 4.0.0	
slots		menopause	1.0.0	v3.2.0	v4.0.0					b1329f552		lock in version 4.0.0	
slots		metabolite quantified	v6.0.4	v6.0.4	v7.0.0					f8e267ac1	457	Merge pull request #457 from microbiomedata/issue-456-lint-names	slots all snake case
slots		metabolite_quantified	v7.0.0	v10.9.1	v11.0.0					b2fe19945	2195	Merge pull request #2195 from microbiomedata/resolve-merge-conflict-in-nmdc.py	make fixes
slots		metabolomics analysis activity set	1.0.0	v6.0.4	v7.0.0					f8e267ac1	457	Merge pull request #457 from microbiomedata/issue-456-lint-names	slots all snake case
slots		metabolomics_analysis_activity_set	v7.0.0	v10.9.1	v11.0.0					b2fe19945	2195	Merge pull request #2195 from microbiomedata/resolve-merge-conflict-in-nmdc.py	change metabolomics_analysis_activity_set to metabolomics_analysis_set
slots		metagenome annotation activity set	1.0.0	v6.0.4	v7.0.0					f8e267ac1	457	Merge pull request #457 from microbiomedata/issue-456-lint-names	slots all snake case
slots		metagenome assembly parameter	1.0.0	v6.0.4	v7.0.0		slots:metagenome_assembly_parameter			f8e267ac1	457	Merge pull request #457 from microbiomedata/issue-456-lint-names	
slots		metagenome assembly set	1.0.0	v6.0.4	v7.0.0					f8e267ac1	457	Merge pull request #457 from microbiomedata/issue-456-lint-names	slots all snake case
slots		metagenome_annotation_activity_set	v7.0.0	v10.9.1	v11.0.0					b2fe19945	2195	Merge pull request #2195 from microbiomedata/resolve-merge-conflict-in-nmdc.py	change metagenome_annotation_activity_set to metagenome_annotation_set
slots		metagenome_annotation_id	v7.8.0	v11.2.0	v11.2.1				yes	7c5efe575	2272	Merge pull request #2272 from microbiomedata/2257_deprecation_post_11_1	Move deprecated elements from previous release to deprecated yaml
slots		metagenome_assembly_set	v7.0.0	v10.9.1	v11.0.0					b2fe19945	2195	Merge pull request #2195 from microbiomedata/resolve-merge-conflict-in-nmdc.py	"Changes to Database slot values, one slot per PlannedProcess subclass | Removed a modified nmdc.yaml from pull request, no change | create migrator and schema changes to remove used slot | Revert ""add enum, overwrote the file"" | add enum"
slots		metagenome_sequencing_activity_set	v7.4.5	v10.9.1	v11.0.0					b2fe19945	2195	Merge pull request #2195 from microbiomedata/resolve-merge-conflict-in-nmdc.py	change metagenome_sequencing_activity_set to metagenome_sequencing_set
slots		metaproteomics analysis activity set	1.0.0	v6.0.4	v7.0.0					f8e267ac1	457	Merge pull request #457 from microbiomedata/issue-456-lint-names	slots all snake case
slots		metaproteomics_analysis_activity_set	v7.0.0	v10.9.1	v11.0.0					b2fe19945	2195	Merge pull request #2195 from microbiomedata/resolve-merge-conflict-in-nmdc.py	change metaproteomics_analysis_activity_set to metaproteomics_analysis_set
slots		metatranscriptome activity set	1.0.0	v6.0.4	v7.0.0					f8e267ac1	457	Merge pull request #457 from microbiomedata/issue-456-lint-names	slots all snake case
slots		metatranscriptome_activity_set	v7.0.0	v10.5.6	v10.6.0					874c06efd	2117	Merge pull request #2117 from microbiomedata/2116-update-description-of-metatranscriptomeactivity-to-make-it-specific-to-the-expression-activity	Adding workflow exeuction related slots and permissbile enums for metatranscriptomes
slots		metatranscriptome_annotation_set	v10.6.0	v10.9.1	v11.0.0					b2fe19945	2195	Merge pull request #2195 from microbiomedata/resolve-merge-conflict-in-nmdc.py	
slots		metatranscriptome_assembly_set	v10.6.0	v10.9.1	v11.0.0					b2fe19945	2195	Merge pull request #2195 from microbiomedata/resolve-merge-conflict-in-nmdc.py	Changes to Database slot values, one slot per PlannedProcess subclass | ;examples passing
slots		metatranscriptome_expression_analysis_set	v10.6.0	v10.9.1	v11.0.0					b2fe19945	2195	Merge pull request #2195 from microbiomedata/resolve-merge-conflict-in-nmdc.py	
slots		micro_biomass_C_meth	2022.06.15.rc1	v6.0.4	v7.0.0		slots:micro_biomass_c_meth			f8e267ac1	457	Merge pull request #457 from microbiomedata/issue-456-lint-names	slots all snake case
slots		micro_biomass_N_meth	2022.06.15.rc1	v6.0.4	v7.0.0		slots:micro_biomass_n_meth			f8e267ac1	457	Merge pull request #457 from microbiomedata/issue-456-lint-names	slots all snake case
slots		microbial_biomass_C	2022.06.15.rc1	v6.0.4	v7.0.0		slots:microbial_biomass_c			f8e267ac1	457	Merge pull request #457 from microbiomedata/issue-456-lint-names	slots all snake case
slots		microbial_biomass_N	2022.06.15.rc1	v6.0.4	v7.0.0		slots:microbial_biomass_n			f8e267ac1	457	Merge pull request #457 from microbiomedata/issue-456-lint-names	slots all snake case
slots		microbial_biomass_meth	1.0.0	v7.0.0	v7.1.0					3f16ee228	529	Merge pull request #529 from microbiomedata/issue-527-schema-7plus	schema changes only
slots		mid	1.0.0	v3.2.0	v4.0.0					b1329f552		lock in version 4.0.0	
slots		min_q_value	v6.0.4	v11.2.0	v11.2.1				yes	7c5efe575	2272	Merge pull request #2272 from microbiomedata/2257_deprecation_post_11_1	Move ProteinQuantificaiton to deprecated yaml | Move deprecated elements from previous release to deprecated yaml
slots		mixs_url	1.0.0	v3.2.0	v4.0.0					b1329f552		lock in version 4.0.0	
slots		neon_deims_sdr_link	v7.6.1	v8.1.1	v8.1.2					de955440f	1238	Merge pull request #1238 from microbiomedata/1233-mvp-polymorphic-planned_process_set	polymorphic planned process validation currently fails
slots		neon_eco_type	v7.6.1	v8.1.1	v8.1.2					de955440f	1238	Merge pull request #1238 from microbiomedata/1233-mvp-polymorphic-planned_process_set	polymorphic planned process validation currently fails
slots		neon_soil_type	v7.6.1	v8.1.1	v8.1.2					de955440f	1238	Merge pull request #1238 from microbiomedata/1233-mvp-polymorphic-planned_process_set	polymorphic planned process validation currently fails
slots		nitrate nitrogen	2022.06.15.rc1	v6.0.4	v7.0.0		slots:nitrate_nitrogen			f8e267ac1	457	Merge pull request #457 from microbiomedata/issue-456-lint-names	slots all snake case
slots		nitrite nitrogen	2022.06.15.rc1	v6.0.4	v7.0.0		slots:nitrite_nitrogen			f8e267ac1	457	Merge pull request #457 from microbiomedata/issue-456-lint-names	slots all snake case
slots		nom analysis activity set	1.0.0	v6.0.4	v7.0.0					f8e267ac1	457	Merge pull request #457 from microbiomedata/issue-456-lint-names	slots all snake case
slots		nom_analysis_activity_set	v7.0.0	v10.9.1	v11.0.0					b2fe19945	2195	Merge pull request #2195 from microbiomedata/resolve-merge-conflict-in-nmdc.py	change nom_analysis_activity_set to nom_analysis_set
slots		non_mineral_nutr_regm	1.0.0	v3.2.0	v4.0.0					b1329f552		lock in version 4.0.0	
slots		nose_mouth_teeth_throat_disord	1.0.0	v3.2.0	v4.0.0					b1329f552		lock in version 4.0.0	
slots		nose_throat_disord	1.0.0	v3.2.0	v4.0.0					b1329f552		lock in version 4.0.0	
slots		nucleic acid sequence source field	v4.0.0	v11.14.0	v11.15.0	v7.0.0 v7.1.0 v7.1.1 v7.1.2 v7.1.3 v7.1.4 v7.1.5 v7.1.6 v7.2.0 v7.3.0 v7.4.0 v7.4.1 v7.4.2 v7.4.3 v7.4.4			yes	7b22a6a00	2773	Merge pull request #2773 from microbiomedata/1368-mixs-gsc-migration	aligned wiht current GSC main
slots		nucleic_acid_concentration	v7.6.2	v9.1.0	v9.2.0					82115c753	1332	Merge pull request #1332 from microbiomedata/1331-delete-all-instrumentdevice-classes-and-start-over-distinguishing-between-namedanonymous	start by removing LabDevice, Instrument and InstrumentValue
slots		nucleic_acid_sequence_source_field	v7.0.0	v7.4.4	v7.4.5					d306c36e3	707	Merge pull request #707 from microbiomedata/biosample-usage	matching subsetted mixs slots and example data
slots		num_replicons	1.0.0	v3.2.0	v4.0.0					b1329f552		lock in version 4.0.0	
slots		number_contig	1.0.0	v3.2.0	v4.0.0					b1329f552		lock in version 4.0.0	
slots		object set	1.0.0	v6.0.4	v7.0.0		slots:object_set			f8e267ac1	457	Merge pull request #457 from microbiomedata/issue-456-lint-names	slots all snake case
slots		omics processing identifiers	1.0.0	v6.0.4	v7.0.0		slots:omics_processing_identifiers			f8e267ac1	457	Merge pull request #457 from microbiomedata/issue-456-lint-names	slots all snake case
slots		omics processing set	1.0.0	v6.0.4	v7.0.0					f8e267ac1	457	Merge pull request #457 from microbiomedata/issue-456-lint-names	slots all snake case
slots		omics type	1.0.0	v6.0.4	v7.0.0					f8e267ac1	457	Merge pull request #457 from microbiomedata/issue-456-lint-names	slots all snake case
slots		omics_processing_set	v7.0.0	v10.9.1	v11.0.0					b2fe19945	2195	Merge pull request #2195 from microbiomedata/resolve-merge-conflict-in-nmdc.py	#1515 omicsproc -> datagen
slots		omics_type	1.0.0	v10.9.1	v11.0.0				yes	b2fe19945	2195	Merge pull request #2195 from microbiomedata/resolve-merge-conflict-in-nmdc.py	"add deprecation slot page | Removed a modified nmdc.yaml from pull request, no change | create migrator and schema changes to remove used slot | Revert ""add enum, overwrote the file"" | add enum"
slots		organism_count_qpcr_info	1.0.0	v3.2.0	v4.0.0					b1329f552		lock in version 4.0.0	
slots		output base count	1.0.0	v6.0.4	v7.0.0		slots:output_base_count			f8e267ac1	457	Merge pull request #457 from microbiomedata/issue-456-lint-names	slots all snake case
slots		output read count	1.0.0	v6.0.4	v7.0.0		slots:output_read_count			f8e267ac1	457	Merge pull request #457 from microbiomedata/issue-456-lint-names	slots all snake case
slots		part of	1.0.0	v6.0.4	v7.0.0		slots:part_of			f8e267ac1	457	Merge pull request #457 from microbiomedata/issue-456-lint-names	slots all snake case
slots		participating_agent	v7.1.0	v7.6.0	v7.6.1					2ae40fd5e	964	Merge pull request #964 from microbiomedata/issue-963	#963 plus some schema diet
slots		pathogenicity	1.0.0	v3.2.0	v4.0.0					b1329f552		lock in version 4.0.0	
slots		peptide sequence	v6.0.4	v6.0.4	v7.0.0					f8e267ac1	457	Merge pull request #457 from microbiomedata/issue-456-lint-names	slots all snake case
slots		peptide_sequence	v7.0.0	v11.2.0	v11.2.1				yes	7c5efe575	2272	Merge pull request #2272 from microbiomedata/2257_deprecation_post_11_1	Move ProteinQuantificaiton to deprecated yaml | Move deprecated elements from previous release to deprecated yaml
slots		peptide_sequence_count	v6.0.4	v11.2.0	v11.2.1				yes	7c5efe575	2272	Merge pull request #2272 from microbiomedata/2257_deprecation_post_11_1	Move ProteinQuantificaiton to deprecated yaml | Move deprecated elements from previous release to deprecated yaml
slots		peptide_spectral_count	v6.0.4	v11.2.0	v11.2.1				yes	7c5efe575	2272	Merge pull request #2272 from microbiomedata/2257_deprecation_post_11_1	Move ProteinQuantificaiton to deprecated yaml | Move deprecated elements from previous release to deprecated yaml
slots		peptide_sum_masic_abundance	v6.0.4	v11.2.0	v11.2.1				yes	7c5efe575	2272	Merge pull request #2272 from microbiomedata/2257_deprecation_post_11_1	Move ProteinQuantificaiton to deprecated yaml | Move deprecated elements from previous release to deprecated yaml
slots		pet_farm_animal	1.0.0	v3.2.0	v4.0.0					b1329f552		lock in version 4.0.0	
slots		planned_process_set	v8.1.1	v10.9.1	v11.0.0					b2fe19945	2195	Merge pull request #2195 from microbiomedata/resolve-merge-conflict-in-nmdc.py	"Changes to Database slot values, one slot per PlannedProcess subclass | Removed a modified nmdc.yaml from pull request, no change | create migrator and schema changes to remove used slot | Revert ""add enum, overwrote the file"" | add enum"
slots		pooling_set	v7.6.0	v10.9.1	v11.0.0					b2fe19945	2195	Merge pull request #2195 from microbiomedata/resolve-merge-conflict-in-nmdc.py	"Changes to Database slot values, one slot per PlannedProcess subclass | Removed a modified nmdc.yaml from pull request, no change | create migrator and schema changes to remove used slot | Revert ""add enum, overwrote the file"" | add enum"
slots		pred_genome_struc	1.0.0	v3.2.0	v4.0.0					b1329f552		lock in version 4.0.0	
slots		pred_genome_type	1.0.0	v3.2.0	v4.0.0					b1329f552		lock in version 4.0.0	
slots		pregnancy	1.0.0	v3.2.0	v4.0.0					b1329f552		lock in version 4.0.0	
slots		pres_animal	1.0.0	v3.2.0	v4.0.0					b1329f552		lock in version 4.0.0	
slots		previous_land_use_meth	1.0.0	v7.0.0	v7.1.0					3f16ee228	529	Merge pull request #529 from microbiomedata/issue-527-schema-7plus	schema changes only
slots		principal investigator	1.0.0	v6.0.4	v7.0.0		slots:principal_investigator			f8e267ac1	457	Merge pull request #457 from microbiomedata/issue-456-lint-names	slots all snake case
slots		profile image url	1.0.0	v6.0.4	v7.0.0		slots:profile_image_url			f8e267ac1	457	Merge pull request #457 from microbiomedata/issue-456-lint-names	slots all snake case
slots		project_ID	2022.06.15.rc1	v6.0.4	v7.0.0		slots:project_id			f8e267ac1	457	Merge pull request #457 from microbiomedata/issue-456-lint-names	slots all snake case
slots		project_name	1.0.0	v3.2.0	v4.0.0					b1329f552		lock in version 4.0.0	
slots		propagation	1.0.0	v3.2.0	v4.0.0					b1329f552		lock in version 4.0.0	
slots		proposal_dna	2022.06.15.rc1	v11.10.0	v11.11.0				yes	0fb8d0b9d	2607	Merge pull request #2607 from microbiomedata/1937-remove-jgi-only-slots	final missing slots
slots		proposal_rna	2022.06.15.rc1	v11.10.0	v11.11.0				yes	0fb8d0b9d	2607	Merge pull request #2607 from microbiomedata/1937-remove-jgi-only-slots	examples
slots		protein_spectral_count	v6.0.4	v11.2.0	v11.2.1				yes	7c5efe575	2272	Merge pull request #2272 from microbiomedata/2257_deprecation_post_11_1	Move ProteinQuantificaiton to deprecated yaml | Move deprecated elements from previous release to deprecated yaml
slots		protein_sum_masic_abundance	v6.0.4	v11.2.0	v11.2.1				yes	7c5efe575	2272	Merge pull request #2272 from microbiomedata/2257_deprecation_post_11_1	Move ProteinQuantificaiton to deprecated yaml | Move deprecated elements from previous release to deprecated yaml
slots		protocol_execution_category	v11.0.0	v11.5.0	v11.5.1				yes	65765641f	2359	Merge pull request #2359 from microbiomedata/2337-move-protocolexecution-to-deprecatedyaml-after-the-next-release-1140	move protocolexecution info to deprecated see pr2338
slots		protocol_execution_set	v11.0.0	v11.5.0	v11.5.1				yes	65765641f	2359	Merge pull request #2359 from microbiomedata/2337-move-protocolexecution-to-deprecatedyaml-after-the-next-release-1140	move protocolexecution info to deprecated see pr2338
slots		publication_dois	v7.8.0	v9.1.0	v9.2.0					ab7876bcf	1322	Merge pull request #1322 from microbiomedata/1321-delete-all-deprecated-elements-back-to-v900	removed # comments and most deprecated elements
slots		publications	1.0.0	v9.1.0	v9.2.0					ab7876bcf	1322	Merge pull request #1322 from microbiomedata/1321-delete-all-deprecated-elements-back-to-v900	removed # comments and most deprecated elements
slots		pulmonary_disord	1.0.0	v3.2.0	v4.0.0					b1329f552		lock in version 4.0.0	
slots		quality_control_report	v7.6.0	v9.3.2	v10.0.0					03e267e15	1428	Merge pull request #1428 from microbiomedata/1427-try-to-fix-qc-report-pr-1334-in-new-branch	Update nmdc.yaml | Update nmdc.yaml | everything workigne except rules and enums | works because everthing is commented out
slots		reaction_activity_set	v7.0.0	v9.3.1	v9.3.2					630f879e1	1468	Merge pull request #1468 from microbiomedata/1380-create-extractionprocess-class	with extraction solution modeling
slots		reaction_aided_by	v7.0.0	v9.1.0	v9.2.0					82115c753	1332	Merge pull request #1332 from microbiomedata/1331-delete-all-instrumentdevice-classes-and-start-over-distinguishing-between-namedanonymous	start by removing LabDevice, Instrument and InstrumentValue
slots		reaction_temperature	v7.0.0	v9.3.1	v9.3.2					630f879e1	1468	Merge pull request #1468 from microbiomedata/1380-create-extractionprocess-class	with extraction solution modeling
slots		reaction_time	v7.0.0	v9.3.1	v9.3.2					630f879e1	1468	Merge pull request #1468 from microbiomedata/1380-create-extractionprocess-class	with extraction solution modeling
slots		read QC analysis activity set	1.0.0	v6.0.4	v7.0.0					f8e267ac1	457	Merge pull request #457 from microbiomedata/issue-456-lint-names	slots all snake case
slots		read QC analysis statistic	1.0.0	v6.0.4	v7.0.0		slots:read_qc_analysis_statistic			f8e267ac1	457	Merge pull request #457 from microbiomedata/issue-456-lint-names	
slots		read based analysis activity set	1.0.0	v6.0.3	v6.0.4					51f821e8d	405	Merge pull request #405 from microbiomedata/hubin-keio-patch-1	renamed read based analysis activity
slots		read based taxonomy analysis activity set	v6.0.4	v6.0.4	v7.0.0					f8e267ac1	457	Merge pull request #457 from microbiomedata/issue-456-lint-names	slots all snake case
slots		read_based_taxonomy_analysis_activity_set	v7.0.0	v10.9.1	v11.0.0					b2fe19945	2195	Merge pull request #2195 from microbiomedata/resolve-merge-conflict-in-nmdc.py	change read_based_taxonomy_analysis_activity_set to read_based_taxonomy_analysis_set
slots		read_qc_analysis_activity_set	v7.0.0	v10.9.1	v11.0.0					b2fe19945	2195	Merge pull request #2195 from microbiomedata/resolve-merge-conflict-in-nmdc.py	change read_qc_analysis_activity_set to read_qc_analysis_set
slots		reassembly_bin	1.0.0	v3.2.0	v4.0.0					b1329f552		lock in version 4.0.0	
slots		ref_db	1.0.0	v3.2.0	v4.0.0					b1329f552		lock in version 4.0.0	
slots		rel_to_oxygen	1.0.0	v7.5.0	v7.6.0					323e4ab24	860	Merge pull request #860 from microbiomedata/update-geolocation-value	
slots		relevant protocols	1.0.0	v6.0.4	v7.0.0					f8e267ac1	457	Merge pull request #457 from microbiomedata/issue-456-lint-names	slots all snake case
slots		relevant_protocols	v7.0.0	v10.9.1	v11.0.0					b2fe19945	2195	Merge pull request #2195 from microbiomedata/resolve-merge-conflict-in-nmdc.py	tidy | 2024-06-04T20_13EDT-backmerge | Remove refs to relevant_protocols in nmdc.yaml and data files
slots		resp_part_matter	1.0.0	v3.2.0	v4.0.0					b1329f552		lock in version 4.0.0	
slots		right participants	v6.0.4	v6.0.4	v7.0.0					f8e267ac1	457	Merge pull request #457 from microbiomedata/issue-456-lint-names	slots all snake case
slots		right_participants	v7.0.0	v10.9.1	v11.0.0					b2fe19945	2195	Merge pull request #2195 from microbiomedata/resolve-merge-conflict-in-nmdc.py	delete all Reaction only elements
slots		rna_absorb1	2022.06.15.rc1	v11.10.0	v11.11.0				yes	0fb8d0b9d	2607	Merge pull request #2607 from microbiomedata/1937-remove-jgi-only-slots	examples
slots		rna_absorb2	2022.06.15.rc1	v11.10.0	v11.11.0				yes	0fb8d0b9d	2607	Merge pull request #2607 from microbiomedata/1937-remove-jgi-only-slots	examples
slots		rna_collect_site	2022.06.15.rc1	v11.17.0-rc.2	v11.17.0-rc.3				yes	7f4b1b358	2827	Merge pull request #2827 from microbiomedata/2826_move_abandoned_deprecated_slots	Moves deprecated elements per deprecation guide Closes #2826 and Closes #2725
slots		rna_concentration	2022.06.15.rc1	v11.10.0	v11.11.0				yes	0fb8d0b9d	2607	Merge pull request #2607 from microbiomedata/1937-remove-jgi-only-slots	examples
slots		rna_cont_type	2022.06.15.rc1	v11.10.0	v11.11.0				yes	0fb8d0b9d	2607	Merge pull request #2607 from microbiomedata/1937-remove-jgi-only-slots	examples | remove dna and rna well and plate rules
slots		rna_cont_well	2022.06.15.rc1	v11.10.0	v11.11.0				yes	0fb8d0b9d	2607	Merge pull request #2607 from microbiomedata/1937-remove-jgi-only-slots	examples | remove dna and rna well and plate rules
slots		rna_container_ID	2022.06.15.rc1	v6.0.4	v7.0.0					f8e267ac1	457	Merge pull request #457 from microbiomedata/issue-456-lint-names	slots all snake case
slots		rna_container_id	v7.0.0	v11.10.0	v11.11.0				yes	0fb8d0b9d	2607	Merge pull request #2607 from microbiomedata/1937-remove-jgi-only-slots	examples
slots		rna_organisms	2022.06.15.rc1	v11.17.0-rc.2	v11.17.0-rc.3				yes	7f4b1b358	2827	Merge pull request #2827 from microbiomedata/2826_move_abandoned_deprecated_slots	Moves deprecated elements per deprecation guide Closes #2826 and Closes #2725
slots		rna_project_contact	2022.06.15.rc1	v11.10.0	v11.11.0				yes	0fb8d0b9d	2607	Merge pull request #2607 from microbiomedata/1937-remove-jgi-only-slots	examples
slots		rna_samp_ID	2022.06.15.rc1	v6.0.4	v7.0.0					f8e267ac1	457	Merge pull request #457 from microbiomedata/issue-456-lint-names	slots all snake case
slots		rna_samp_id	v7.0.0	v11.10.0	v11.11.0				yes	0fb8d0b9d	2607	Merge pull request #2607 from microbiomedata/1937-remove-jgi-only-slots	examples
slots		rna_sample_format	2022.06.15.rc1	v11.10.0	v11.11.0				yes	0fb8d0b9d	2607	Merge pull request #2607 from microbiomedata/1937-remove-jgi-only-slots	examples
slots		rna_sample_name	2022.06.15.rc1	v11.10.0	v11.11.0				yes	0fb8d0b9d	2607	Merge pull request #2607 from microbiomedata/1937-remove-jgi-only-slots	examples
slots		rna_seq_project	2022.06.15.rc1	v11.10.0	v11.11.0				yes	0fb8d0b9d	2607	Merge pull request #2607 from microbiomedata/1937-remove-jgi-only-slots	examples
slots		rna_seq_project_PI	2022.06.15.rc1	v6.0.4	v7.0.0					f8e267ac1	457	Merge pull request #457 from microbiomedata/issue-456-lint-names	slots all snake case
slots		rna_seq_project_name	2022.06.15.rc1	v11.10.0	v11.11.0				yes	0fb8d0b9d	2607	Merge pull request #2607 from microbiomedata/1937-remove-jgi-only-slots	examples
slots		rna_seq_project_pi	v7.0.0	v11.10.0	v11.11.0				yes	0fb8d0b9d	2607	Merge pull request #2607 from microbiomedata/1937-remove-jgi-only-slots	examples
slots		rna_volume	2022.06.15.rc1	v11.10.0	v11.11.0				yes	0fb8d0b9d	2607	Merge pull request #2607 from microbiomedata/1937-remove-jgi-only-slots	examples
slots		room_architec_element	1.0.0	v3.2.0	v4.0.0					b1329f552		lock in version 4.0.0	
slots		room_moist_damage_hist	1.0.0	v3.2.0	v4.0.0					b1329f552		lock in version 4.0.0	
slots		samp_collect_device	1.0.0	v7.0.0	v7.1.0					3f16ee228	529	Merge pull request #529 from microbiomedata/issue-527-schema-7plus	schema changes only
slots		samp_collection_point	1.0.0	v3.2.0	v4.0.0					b1329f552		lock in version 4.0.0	
slots		samp_salinity	1.0.0	v3.2.0	v4.0.0					b1329f552		lock in version 4.0.0	
slots		sample identifiers	1.0.0	v6.0.4	v7.0.0					f8e267ac1	457	Merge pull request #457 from microbiomedata/issue-456-lint-names	slots all snake case
slots		sample_growth_conditions	v11.19.2-rc.1	v11.20.1	v11.20.2				yes	e3254eb1f	3155	Remove sample_isolated_from and sample_growth_conditions from OrganismSample (#3131) (#3155)	
slots		sample_identifiers	v7.0.0	v7.0.0	v7.1.0					3f16ee228	529	Merge pull request #529 from microbiomedata/issue-527-schema-7plus	BIOsample_identifiers; trust indirect types import
slots		sample_isolated_from	v11.19.2-rc.1	v11.20.1	v11.20.2				yes	e3254eb1f	3155	Remove sample_isolated_from and sample_growth_conditions from OrganismSample (#3131) (#3155)	
slots		sample_isolation_method	v11.19.2-rc.1	v11.20.1	v11.20.2				yes	46561632d	3184	Rework PloidyEnum on PATO classes; clean up the ploidy and classified_as descriptions (issue 3182) (#3184)	
slots		sample_mass	v7.6.0	v7.8.0	v8.0.0					699a9e4fc	1109	Merge pull request #1109 from microbiomedata/issue1031-input_sample_mass	change sample_mass slot to input_mass
slots		sample_state_information	v11.0.0	v11.5.1	v11.6.0				yes	b4f3734ce	2354	Merge pull request #2354 from microbiomedata/2353-deprecate-sample_state_information	fixed indentation | move to deprecated
slots		sampling_method	v7.0.0	v9.3.1	v9.3.2					630f879e1	1468	Merge pull request #1468 from microbiomedata/1380-create-extractionprocess-class	with extraction solution modeling
slots		scaf_L50	1.0.0	v6.0.4	v7.0.0		slots:scaf_l50			f8e267ac1	457	Merge pull request #457 from microbiomedata/issue-456-lint-names	slots all snake case
slots		scaf_L90	1.0.0	v6.0.4	v7.0.0		slots:scaf_l90			f8e267ac1	457	Merge pull request #457 from microbiomedata/issue-456-lint-names	slots all snake case
slots		scaf_N50	1.0.0	v6.0.4	v7.0.0		slots:scaf_n50			f8e267ac1	457	Merge pull request #457 from microbiomedata/issue-456-lint-names	slots all snake case
slots		scaf_N90	1.0.0	v6.0.4	v7.0.0		slots:scaf_n90			f8e267ac1	457	Merge pull request #457 from microbiomedata/issue-456-lint-names	slots all snake case
slots		scaf_l_gt50K	1.0.0	v6.0.4	v7.0.0		slots:scaf_l_gt50k			f8e267ac1	457	Merge pull request #457 from microbiomedata/issue-456-lint-names	slots all snake case
slots		scaf_n_gt50K	1.0.0	v6.0.4	v7.0.0		slots:scaf_n_gt50k			f8e267ac1	457	Merge pull request #457 from microbiomedata/issue-456-lint-names	slots all snake case
slots		scaf_pct_gt50K	1.0.0	v6.0.4	v7.0.0		slots:scaf_pct_gt50k			f8e267ac1	457	Merge pull request #457 from microbiomedata/issue-456-lint-names	slots all snake case
slots		sequencing field	v4.0.0	v11.14.0	v11.15.0	v7.0.0 v7.1.0 v7.1.1 v7.1.2 v7.1.3 v7.1.4 v7.1.5 v7.1.6 v7.2.0 v7.3.0 v7.4.0 v7.4.1 v7.4.2 v7.4.3 v7.4.4			yes	7b22a6a00	2773	Merge pull request #2773 from microbiomedata/1368-mixs-gsc-migration	aligned wiht current GSC main
slots		sequencing_field	v7.0.0	v7.4.4	v7.4.5					d306c36e3	707	Merge pull request #707 from microbiomedata/biosample-usage	matching subsetted mixs slots and example data
slots		sexual_act	1.0.0	v3.2.0	v4.0.0					b1329f552		lock in version 4.0.0	
slots		shading_device_water_mold	1.0.0	v3.2.0	v4.0.0					b1329f552		lock in version 4.0.0	
slots		sim_search_meth	1.0.0	v3.2.0	v4.0.0					b1329f552		lock in version 4.0.0	
slots		single_cell_lysis_appr	1.0.0	v3.2.0	v4.0.0					b1329f552		lock in version 4.0.0	
slots		single_cell_lysis_prot	1.0.0	v3.2.0	v4.0.0					b1329f552		lock in version 4.0.0	
slots		smarts string	v6.0.4	v6.0.4	v7.0.0					f8e267ac1	457	Merge pull request #457 from microbiomedata/issue-456-lint-names	slots all snake case
slots		smarts_string	v7.0.0	v10.9.1	v11.0.0					b2fe19945	2195	Merge pull request #2195 from microbiomedata/resolve-merge-conflict-in-nmdc.py	delete all Reaction only elements
slots		smiles	v6.0.4	v11.17.0-rc.2	v11.17.0-rc.3				yes	7f4b1b358	2827	Merge pull request #2827 from microbiomedata/2826_move_abandoned_deprecated_slots	Moves deprecated elements per deprecation guide Closes #2826 and Closes #2725
slots		smoker	1.0.0	v3.2.0	v4.0.0					b1329f552		lock in version 4.0.0	
slots		sop	1.0.0	v3.2.0	v4.0.0					b1329f552		lock in version 4.0.0	
slots		sort_tech	1.0.0	v3.2.0	v4.0.0					b1329f552		lock in version 4.0.0	
slots		source_uvig	1.0.0	v3.2.0	v4.0.0					b1329f552		lock in version 4.0.0	
slots		special_diet	1.0.0	v3.2.0	v4.0.0					b1329f552		lock in version 4.0.0	
slots		specific_host	1.0.0	v3.2.0	v4.0.0					b1329f552		lock in version 4.0.0	
slots		started at time	1.0.0	v6.0.4	v7.0.0		slots:started_at_time			f8e267ac1	457	Merge pull request #457 from microbiomedata/issue-456-lint-names	slots all snake case
slots		status	v7.6.0	v9.3.2	v10.0.0					03e267e15	1428	Merge pull request #1428 from microbiomedata/1427-try-to-fix-qc-report-pr-1334-in-new-branch	Update nmdc.yaml
slots		stoichiometry	v7.0.0	v10.9.1	v11.0.0					b2fe19945	2195	Merge pull request #2195 from microbiomedata/resolve-merge-conflict-in-nmdc.py	delete all Reaction only elements
slots		study identifiers	1.0.0	v6.0.4	v7.0.0		slots:study_identifiers			f8e267ac1	457	Merge pull request #457 from microbiomedata/issue-456-lint-names	slots all snake case
slots		study image	1.0.0	v6.0.4	v7.0.0		slots:study_image			f8e267ac1	457	Merge pull request #457 from microbiomedata/issue-456-lint-names	slots all snake case
slots		study set	1.0.0	v6.0.4	v7.0.0		slots:study_set			f8e267ac1	457	Merge pull request #457 from microbiomedata/issue-456-lint-names	slots all snake case
slots		study_complt_stat	1.0.0	v3.2.0	v4.0.0					b1329f552		lock in version 4.0.0	
slots		submitted_to_insdc	1.0.0	v3.2.0	v4.0.0					b1329f552		lock in version 4.0.0	
slots		subspecf_gen_lin	1.0.0	v3.2.0	v4.0.0					b1329f552		lock in version 4.0.0	
slots		subsurface_depth2	1.0.0	v7.0.0	v7.1.0					3f16ee228	529	Merge pull request #529 from microbiomedata/issue-527-schema-7plus	schema changes only
slots		tax_class	1.0.0	v3.2.0	v4.0.0					b1329f552		lock in version 4.0.0	
slots		tax_ident	1.0.0	v3.2.0	v4.0.0					b1329f552		lock in version 4.0.0	
slots		texture	1.0.0	v7.0.0	v7.1.0					3f16ee228	529	Merge pull request #529 from microbiomedata/issue-527-schema-7plus	schema changes only
slots		texture_meth	1.0.0	v7.0.0	v7.1.0					3f16ee228	529	Merge pull request #529 from microbiomedata/issue-527-schema-7plus	schema changes only
slots		time_last_toothbrush	1.0.0	v3.2.0	v4.0.0					b1329f552		lock in version 4.0.0	
slots		time_since_last_wash	1.0.0	v3.2.0	v4.0.0					b1329f552		lock in version 4.0.0	
slots		too short contig num	1.0.0	v6.0.4	v7.0.0		slots:too_short_contig_num			f8e267ac1	457	Merge pull request #457 from microbiomedata/issue-456-lint-names	slots all snake case
slots		tot_nitro_content_meth	1.0.0	v3.2.0	v4.0.0					b1329f552		lock in version 4.0.0	
slots		travel_out_six_month	1.0.0	v3.2.0	v4.0.0					b1329f552		lock in version 4.0.0	
slots		trna_ext_software	1.0.0	v3.2.0	v4.0.0					b1329f552		lock in version 4.0.0	
slots		trnas	1.0.0	v3.2.0	v4.0.0					b1329f552		lock in version 4.0.0	
slots		trophic_level	1.0.0	v3.2.0	v4.0.0					b1329f552		lock in version 4.0.0	
slots		tvdss_of_hcr_pressure	1.0.0	v3.2.0	v4.0.0					b1329f552		lock in version 4.0.0	
slots		twin_sibling	1.0.0	v3.2.0	v4.0.0					b1329f552		lock in version 4.0.0	
slots		unbinned contig num	1.0.0	v6.0.4	v7.0.0		slots:unbinned_contig_num			f8e267ac1	457	Merge pull request #457 from microbiomedata/issue-456-lint-names	slots all snake case
slots		urine_collect_meth	1.0.0	v3.2.0	v4.0.0					b1329f552		lock in version 4.0.0	
slots		urogenit_disord	1.0.0	v3.2.0	v4.0.0					b1329f552		lock in version 4.0.0	
slots		urogenit_tract_disor	1.0.0	v3.2.0	v4.0.0					b1329f552		lock in version 4.0.0	
slots		used	1.0.0	v10.9.1	v11.0.0					b2fe19945	2195	Merge pull request #2195 from microbiomedata/resolve-merge-conflict-in-nmdc.py	Delete slot used from prov model | Update model to remove used slow | Update prov.yaml | Update workflow_execution_activity.yaml
slots		vir_ident_software	1.0.0	v3.2.0	v4.0.0					b1329f552		lock in version 4.0.0	
slots		virus_enrich_appr	1.0.0	v3.2.0	v4.0.0					b1329f552		lock in version 4.0.0	
slots		votu_class_appr	1.0.0	v3.2.0	v4.0.0					b1329f552		lock in version 4.0.0	
slots		votu_db	1.0.0	v3.2.0	v4.0.0					b1329f552		lock in version 4.0.0	
slots		votu_seq_comp_appr	1.0.0	v3.2.0	v4.0.0					b1329f552		lock in version 4.0.0	
slots		was associated with	1.0.0	v6.0.4	v7.0.0					f8e267ac1	457	Merge pull request #457 from microbiomedata/issue-456-lint-names	slots all snake case
slots		was generated by	1.0.0	v6.0.4	v7.0.0		slots:was_generated_by			f8e267ac1	457	Merge pull request #457 from microbiomedata/issue-456-lint-names	slots all snake case
slots		was informed by	1.0.0	v6.0.4	v7.0.0		slots:was_informed_by			f8e267ac1	457	Merge pull request #457 from microbiomedata/issue-456-lint-names	slots all snake case
slots		was_associated_with	v7.0.0	v7.6.0	v7.6.1					2ae40fd5e	964	Merge pull request #964 from microbiomedata/issue-963	#963 plus some schema diet
slots		water_content_soil_meth	1.0.0	v3.2.0	v4.0.0					b1329f552		lock in version 4.0.0	
slots		water_production_rate	1.0.0	v3.2.0	v4.0.0					b1329f552		lock in version 4.0.0	
slots		weight_loss_3_month	1.0.0	v3.2.0	v4.0.0					b1329f552		lock in version 4.0.0	
slots		wga_amp_appr	1.0.0	v3.2.0	v4.0.0					b1329f552		lock in version 4.0.0	
slots		wga_amp_kit	1.0.0	v3.2.0	v4.0.0					b1329f552		lock in version 4.0.0	
subsets		checklist	v7.4.8	v11.2.0	v11.2.1				yes	c5d9724f4	2286	Merge pull request #2286 from microbiomedata/2284-remove-subsets	remove inherited MIxS subsets
subsets		checklist_package_combination	v7.4.8	v11.2.0	v11.2.1				yes	c5d9724f4	2286	Merge pull request #2286 from microbiomedata/2284-remove-subsets	remove inherited MIxS subsets
subsets		data object subset	1.0.0	v11.22.0	v11.23.0				yes	f8457364c	3338	Delete the unimported src/schema/nmdc_subsets.yaml (#3338)	
subsets		data_portal_subset	v8.1.1	v11.22.0	v11.23.0				yes	f8457364c	3338	Delete the unimported src/schema/nmdc_subsets.yaml (#3338)	
subsets		environment	1.0.0	v11.22.0	v11.23.0				yes	f8457364c	3338	Delete the unimported src/schema/nmdc_subsets.yaml (#3338)	
subsets		investigation	1.0.0	v11.22.0	v11.23.0				yes	f8457364c	3338	Delete the unimported src/schema/nmdc_subsets.yaml (#3338)	
subsets		mixs extension	1.0.0	v11.2.0	v11.2.1				yes	c5d9724f4	2286	Merge pull request #2286 from microbiomedata/2284-remove-subsets	
subsets		mixs_environmental_triad	v7.3.0	v11.2.0	v11.2.1				yes	c5d9724f4	2286	Merge pull request #2286 from microbiomedata/2284-remove-subsets	removed subsets
subsets		nucleic acid sequence source	1.0.0	v11.22.0	v11.23.0				yes	f8457364c	3338	Delete the unimported src/schema/nmdc_subsets.yaml (#3338)	
subsets		package	v7.4.8	v11.2.0	v11.2.1				yes	c5d9724f4	2286	Merge pull request #2286 from microbiomedata/2284-remove-subsets	remove inherited MIxS subsets
subsets		proteases	v11.0.0	v11.22.0	v11.23.0				yes	f8457364c	3338	Delete the unimported src/schema/nmdc_subsets.yaml (#3338)	
subsets		sample subset	1.0.0	v11.22.0	v11.23.0				yes	f8457364c	3338	Delete the unimported src/schema/nmdc_subsets.yaml (#3338)	
subsets		sequencing	1.0.0	v11.22.0	v11.23.0				yes	f8457364c	3338	Delete the unimported src/schema/nmdc_subsets.yaml (#3338)	
subsets		soil	1.0.0	v7.4.12	v7.4.13					b5c4b0791		ditch soil subset in core	
subsets		workflow subset	1.0.0	v11.22.0	v11.23.0				yes	f8457364c	3338	Delete the unimported src/schema/nmdc_subsets.yaml (#3338)	
types		decimal degree	1.0.0	v11.2.0	v11.2.1		types:decimal_degree			07bdeda92	2288	Merge pull request #2288 from microbiomedata/2287-standardize-the-names-of-types-decimal-degree-and-language-code-whitewspace-underscore	removed whitespace in type names
types		external identifier	1.0.0	v7.6.5	v7.6.6		types:external_identifier			c05df8950	994	Merge pull request #994 from microbiomedata/issue-987-no-id-patterns	revert id struct pats
types		language code	1.0.0	v11.2.0	v11.2.1		types:language_code			07bdeda92	2288	Merge pull request #2288 from microbiomedata/2287-standardize-the-names-of-types-decimal-degree-and-language-code-whitewspace-underscore	removed whitespace in type names
types		unit	1.0.0	v11.9.2-rc2	v11.10.0-rc.1				yes	00ea3fb52	2523	Merge pull request #2523 from microbiomedata/issue-2516	remove unit type in favor of enumeration constraint
